ISO-10303-21;
HEADER;
FILE_DESCRIPTION (( 'STEP AP214' ),
    '1' );
FILE_NAME ('PT01-D125D-A103_Fixed.STEP',
    '2026-07-28T12:37:50',
    ( '' ),
    ( '' ),
    'SwSTEP 2.0',
    'SolidWorks 2025',
    '' );
FILE_SCHEMA (( 'AUTOMOTIVE_DESIGN' ));
ENDSEC;

DATA;
#1 = DIRECTION ( 'NONE',  ( 1.000000000000000000, 0.000000000000000000, 0.000000000000000000 ) ) ;
#2 = VERTEX_POINT ( 'NONE', #3217 ) ;
#3 = CARTESIAN_POINT ( 'NONE',  ( -3.100000000000000089, -0.5505154639175199316, 0.4000000000000000222 ) ) ;
#4 = ORIENTED_EDGE ( 'NONE', *, *, #8849, .T. ) ;
#5 = VECTOR ( 'NONE', #4330, 1000.000000000000000 ) ;
#6 = AXIS2_PLACEMENT_3D ( 'NONE', #4035, #2608, #6845 ) ;
#7 = CIRCLE ( 'NONE', #8703, 0.6500000000000000222 ) ;
#8 = VERTEX_POINT ( 'NONE', #1288 ) ;
#9 = CARTESIAN_POINT ( 'NONE',  ( 1.479999999999999982, 21.50000000000000000, 0.6999999999999998446 ) ) ;
#10 = AXIS2_PLACEMENT_3D ( 'NONE', #2334, #356, #3935 ) ;
#11 = DIRECTION ( 'NONE',  ( 0.000000000000000000, 0.000000000000000000, 1.000000000000000000 ) ) ;
#12 = CIRCLE ( 'NONE', #612, 1.200000000000059908 ) ;
#13 = VECTOR ( 'NONE', #5735, 1000.000000000000000 ) ;
#15 = DIRECTION ( 'NONE',  ( 0.000000000000000000, 0.000000000000000000, -1.000000000000000000 ) ) ;
#14 = PRODUCT ( 'PT01-D_BODY', 'PT01-D_BODY', '', ( #3811 ) ) ;
#16 = DIRECTION ( 'NONE',  ( 0.000000000000000000, 0.000000000000000000, -1.000000000000000000 ) ) ;
#17 = EDGE_LOOP ( 'NONE', ( #2012, #8676, #3509, #9001, #1246, #7999, #3867 ) ) ;
#18 = DIRECTION ( 'NONE',  ( -0.000000000000000000, -1.000000000000000000, -0.000000000000000000 ) ) ;
#19 =( NAMED_UNIT ( * ) PLANE_ANGLE_UNIT ( ) SI_UNIT ( $, .RADIAN. ) );
#20 = ORIENTED_EDGE ( 'NONE', *, *, #6527, .T. ) ;
#21 = EDGE_CURVE ( 'NONE', #8416, #8850, #3454, .T. ) ;
#22 = ADVANCED_FACE ( 'NONE', ( #6908 ), #4056, .F. ) ;
#23 = AXIS2_PLACEMENT_3D ( 'NONE', #8489, #4186, #3430 ) ;
#24 = DIRECTION ( 'NONE',  ( 0.000000000000000000, -1.000000000000000000, 0.000000000000000000 ) ) ;
#25 = EDGE_CURVE ( 'NONE', #2156, #8040, #1250, .T. ) ;
#26 = LINE ( 'NONE', #8464, #2461 ) ;
#27 = CARTESIAN_POINT ( 'NONE',  ( 0.5000000000000000000, 21.49999999999999645, 2.299999999999999822 ) ) ;
#28 = CARTESIAN_POINT ( 'NONE',  ( -0.4500000000000000111, -3.020950878361714942, 2.500000000000000000 ) ) ;
#29 = VECTOR ( 'NONE', #2756, 1000.000000000000000 ) ;
#30 = ORIENTED_EDGE ( 'NONE', *, *, #6355, .F. ) ;
#31 = DIRECTION ( 'NONE',  ( -1.000000000000000000, 1.606225440719264641E-16, -1.931541112668180039E-15 ) ) ;
#32 = EDGE_CURVE ( 'NONE', #7292, #3442, #1668, .T. ) ;
#33 = DIRECTION ( 'NONE',  ( 0.000000000000000000, 0.000000000000000000, 1.000000000000000000 ) ) ;
#34 = VECTOR ( 'NONE', #7401, 1000.000000000000000 ) ;
#35 = ORIENTED_EDGE ( 'NONE', *, *, #6149, .F. ) ;
#36 = VECTOR ( 'NONE', #865, 1000.000000000000000 ) ;
#37 = SURFACE_SIDE_STYLE ('',( #3530 ) ) ;
#38 = ORIENTED_EDGE ( 'NONE', *, *, #6156, .F. ) ;
#39 = LINE ( 'NONE', #2155, #3276 ) ;
#40 = ORIENTED_EDGE ( 'NONE', *, *, #4999, .F. ) ;
#41 = CARTESIAN_POINT ( 'NONE',  ( -1.000000000000000000, 0.4500000000000000111, 2.500000000000000000 ) ) ;
#42 = VECTOR ( 'NONE', #6009, 1000.000000000000000 ) ;
#43 = CARTESIAN_POINT ( 'NONE',  ( -4.899999999999999467, 1.449484536082480179, 0.4000000000000000222 ) ) ;
#44 = DIRECTION ( 'NONE',  ( -1.000000000000000000, 0.000000000000000000, 0.000000000000000000 ) ) ;
#45 = EDGE_CURVE ( 'NONE', #8897, #2276, #54, .T. ) ;
#46 = CARTESIAN_POINT ( 'NONE',  ( 4.500000000000000000, 2.849484536082479647, -5.299999999999999822 ) ) ;
#47 = VERTEX_POINT ( 'NONE', #564 ) ;
#48 = EDGE_CURVE ( 'NONE', #5343, #648, #200, .T. ) ;
#49 = VECTOR ( 'NONE', #288, 1000.000000000000000 ) ;
#50 = ORIENTED_EDGE ( 'NONE', *, *, #5931, .F. ) ;
#51 = EDGE_LOOP ( 'NONE', ( #6609, #3799, #5376, #684, #7500, #6257, #5255, #6264 ) ) ;
#52 = AXIS2_PLACEMENT_3D ( 'NONE', #3446, #8384, #7141 ) ;
#53 = DIRECTION ( 'NONE',  ( -1.000000000000000000, 0.000000000000000000, 0.000000000000000000 ) ) ;
#54 = CIRCLE ( 'NONE', #1076, 0.3999999999999975242 ) ;
#55 = VECTOR ( 'NONE', #3423, 1000.000000000000114 ) ;
#56 = EDGE_CURVE ( 'NONE', #1346, #5564, #1115, .T. ) ;
#57 = EDGE_LOOP ( 'NONE', ( #2556, #8518, #7437, #2350 ) ) ;
#58 = PLANE ( 'NONE',  #1899 ) ;
#59 = ORIENTED_EDGE ( 'NONE', *, *, #3699, .T. ) ;
#60 = EDGE_CURVE ( 'NONE', #1197, #108, #2628, .T. ) ;
#61 = VECTOR ( 'NONE', #2688, 1000.000000000000000 ) ;
#62 = ORIENTED_EDGE ( 'NONE', *, *, #4497, .F. ) ;
#63 = DIRECTION ( 'NONE',  ( 1.000000000000000000, 0.000000000000000000, 1.224646799147353207E-16 ) ) ;
#64 = DIRECTION ( 'NONE',  ( 0.8778780114862309025, -2.187047340575284699E-16, 0.4788843252278999207 ) ) ;
#65 = CARTESIAN_POINT ( 'NONE',  ( 4.500000000000000000, 1.349484536082480091, 8.691935007006809980E-15 ) ) ;
#66 = CARTESIAN_POINT ( 'NONE',  ( -3.674999999999999822, -4.750515463917520442, 0.000000000000000000 ) ) ;
#67 = ORIENTED_EDGE ( 'NONE', *, *, #5623, .T. ) ;
#68 = CARTESIAN_POINT ( 'NONE',  ( -1.000000000000000000, 3.804101966249689770, 1.800000000000000044 ) ) ;
#69 = AXIS2_PLACEMENT_3D ( 'NONE', #3996, #6809, #5476 ) ;
#70 = DIRECTION ( 'NONE',  ( 1.000000000000000000, 8.828503404524822102E-16, 0.000000000000000000 ) ) ;
#71 = COLOUR_RGB ( '',0.7921568627450980005, 0.8196078431372548767, 0.9333333333333333481 ) ;
#72 = VERTEX_POINT ( 'NONE', #8215 ) ;
#73 = CIRCLE ( 'NONE', #3602, 0.4000000000000001887 ) ;
#74 = CARTESIAN_POINT ( 'NONE',  ( -4.400000000000000355, -2.700000000000000178, 0.1000000000000000056 ) ) ;
#75 = FACE_OUTER_BOUND ( 'NONE', #4566, .T. ) ;
#76 = CARTESIAN_POINT ( 'NONE',  ( -4.500000000000000000, -3.950515463917519732, -4.299999999999999822 ) ) ;
#77 = LINE ( 'NONE', #2888, #3451 ) ;
#78 = LINE ( 'NONE', #2889, #679 ) ;
#79 = ORIENTED_EDGE ( 'NONE', *, *, #4991, .T. ) ;
#80 = DIRECTION ( 'NONE',  ( 1.000000000000000000, -6.195440985631454085E-17, 0.000000000000000000 ) ) ;
#81 = PLANE ( 'NONE',  #1819 ) ;
#82 = EDGE_CURVE ( 'NONE', #6367, #6427, #4750, .T. ) ;
#83 = ORIENTED_EDGE ( 'NONE', *, *, #1734, .T. ) ;
#84 = ORIENTED_EDGE ( 'NONE', *, *, #7954, .F. ) ;
#85 = DIRECTION ( 'NONE',  ( -1.734723475976804876E-16, -1.000000000000000000, 0.000000000000000000 ) ) ;
#86 = VERTEX_POINT ( 'NONE', #3363 ) ;
#87 = CARTESIAN_POINT ( 'NONE',  ( 2.500000000000000000, 0.4000000000000000222, 1.000000000000000000 ) ) ;
#88 = DIRECTION ( 'NONE',  ( 0.000000000000000000, 1.000000000000000000, 0.000000000000000000 ) ) ;
#89 = CARTESIAN_POINT ( 'NONE',  ( -0.7500000000000000000, -5.549999999999999822, 1.000000000000000000 ) ) ;
#90 = LINE ( 'NONE', #7741, #3880 ) ;
#91 = VECTOR ( 'NONE', #633, 1000.000000000000000 ) ;
#92 = CARTESIAN_POINT ( 'NONE',  ( 2.500942654747428495, -6.168240255161267172, 1.331759744838734827 ) ) ;
#93 = ORIENTED_EDGE ( 'NONE', *, *, #6982, .T. ) ;
#94 = ADVANCED_FACE ( 'NONE', ( #2541 ), #8907, .T. ) ;
#95 = VERTEX_POINT ( 'NONE', #1980 ) ;
#96 = DIRECTION ( 'NONE',  ( 0.000000000000000000, 0.000000000000000000, 1.000000000000000000 ) ) ;
#97 = EDGE_CURVE ( 'NONE', #3166, #5517, #5533, .T. ) ;
#98 = VECTOR ( 'NONE', #1438, 1000.000000000000000 ) ;
#99 = ORIENTED_EDGE ( 'NONE', *, *, #6894, .T. ) ;
#100 = EDGE_LOOP ( 'NONE', ( #5469, #8805 ) ) ;
#101 = CARTESIAN_POINT ( 'NONE',  ( -2.600000000000000089, -5.150515463917519909, -4.899999999999999467 ) ) ;
#102 = CARTESIAN_POINT ( 'NONE',  ( 0.000000000000000000, -0.5505154639175210418, 0.4000000000000000222 ) ) ;
#103 = ADVANCED_FACE ( 'NONE', ( #5439 ), #426, .T. ) ;
#104 = VERTEX_POINT ( 'NONE', #5398 ) ;
#105 = CARTESIAN_POINT ( 'NONE',  ( 2.324999999999999734, -4.750515463917520442, 0.4000000000000000222 ) ) ;
#106 = EDGE_LOOP ( 'NONE', ( #4167, #3533, #1777, #6110, #4762 ) ) ;
#107 = EDGE_CURVE ( 'NONE', #8336, #1974, #1883, .T. ) ;
#108 = VERTEX_POINT ( 'NONE', #4745 ) ;
#109 = DIRECTION ( 'NONE',  ( 0.000000000000000000, -1.000000000000000000, 0.000000000000000000 ) ) ;
#110 = LINE ( 'NONE', #7014, #7920 ) ;
#111 = EDGE_CURVE ( 'NONE', #2723, #4269, #1810, .T. ) ;
#112 = DIRECTION ( 'NONE',  ( 0.000000000000000000, 3.614007241618355180E-16, -1.000000000000000000 ) ) ;
#113 = CARTESIAN_POINT ( 'NONE',  ( -4.500000000000000000, 2.449484536082480179, -4.299999999999999822 ) ) ;
#114 = ORIENTED_EDGE ( 'NONE', *, *, #4064, .F. ) ;
#115 = LINE ( 'NONE', #5783, #5910 ) ;
#116 = AXIS2_PLACEMENT_3D ( 'NONE', #168, #856, #2972 ) ;
#117 = FILL_AREA_STYLE_COLOUR ( '', #2219 ) ;
#118 = ORIENTED_EDGE ( 'NONE', *, *, #1923, .T. ) ;
#119 = VECTOR ( 'NONE', #1080, 1000.000000000000000 ) ;
#120 = CARTESIAN_POINT ( 'NONE',  ( -3.250000000000000000, -6.700000000000000178, 1.100000000000000089 ) ) ;
#121 = DIRECTION ( 'NONE',  ( 0.000000000000000000, 0.000000000000000000, -1.000000000000000000 ) ) ;
#122 = CARTESIAN_POINT ( 'NONE',  ( -2.500000000000000000, 0.4000000000000000222, 1.000000000000000000 ) ) ;
#123 = EDGE_CURVE ( 'NONE', #8077, #5390, #1645, .T. ) ;
#124 = DIRECTION ( 'NONE',  ( 0.000000000000000000, 0.000000000000000000, 1.000000000000000000 ) ) ;
#125 = CARTESIAN_POINT ( 'NONE',  ( -2.600000000000000089, 2.849484536082479647, -5.299999999999999822 ) ) ;
#126 = ORIENTED_EDGE ( 'NONE', *, *, #5987, .T. ) ;
#127 = DIRECTION ( 'NONE',  ( 2.168404344971010446E-15, 1.000000000000000000, 0.000000000000000000 ) ) ;
#128 = CARTESIAN_POINT ( 'NONE',  ( -5.238893727143770107, -1.550515463917520043, -8.400000000000000355 ) ) ;
#129 = VECTOR ( 'NONE', #268, 1000.000000000000000 ) ;
#130 = ADVANCED_FACE ( 'NONE', ( #6487 ), #1339, .F. ) ;
#131 = ORIENTED_EDGE ( 'NONE', *, *, #4234, .T. ) ;
#132 = DIRECTION ( 'NONE',  ( -1.000000000000000000, 0.000000000000000000, 0.000000000000000000 ) ) ;
#133 = ORIENTED_EDGE ( 'NONE', *, *, #961, .T. ) ;
#134 = DIRECTION ( 'NONE',  ( -1.931541112668180039E-15, 0.000000000000000000, 1.000000000000000000 ) ) ;
#135 = PRODUCT_RELATED_PRODUCT_CATEGORY ( 'part', '', ( #4347 ) ) ;
#136 = DIRECTION ( 'NONE',  ( 0.000000000000000000, 1.000000000000000000, 0.000000000000000000 ) ) ;
#137 = DIRECTION ( 'NONE',  ( -1.000000000000000000, 0.000000000000000000, 0.000000000000000000 ) ) ;
#138 = CARTESIAN_POINT ( 'NONE',  ( 1.342230922150144501, 18.89999999999999858, -3.014700010220584758 ) ) ;
#139 = LINE ( 'NONE', #7045, #8708 ) ;
#140 = VERTEX_POINT ( 'NONE', #6314 ) ;
#141 = EDGE_CURVE ( 'NONE', #7259, #5635, #3765, .T. ) ;
#142 = ORIENTED_EDGE ( 'NONE', *, *, #8952, .F. ) ;
#143 = ORIENTED_EDGE ( 'NONE', *, *, #6413, .F. ) ;
#144 = CARTESIAN_POINT ( 'NONE',  ( 2.500000000000000000, -6.500000000000000000, 1.100000000000000089 ) ) ;
#145 = EDGE_CURVE ( 'NONE', #8471, #1717, #4142, .T. ) ;
#146 = CARTESIAN_POINT ( 'NONE',  ( 0.5000000000000000000, -0.05000000000000060646, 0.5000000000000000000 ) ) ;
#147 = CARTESIAN_POINT ( 'NONE',  ( -2.324999999999999734, 3.649484536082480357, 0.4000000000000000222 ) ) ;
#148 = ORIENTED_EDGE ( 'NONE', *, *, #1613, .F. ) ;
#149 = VECTOR ( 'NONE', #7204, 1000.000000000000000 ) ;
#150 = ADVANCED_FACE ( 'NONE', ( #8661 ), #230, .T. ) ;
#151 = CARTESIAN_POINT ( 'NONE',  ( -0.7500000000000000000, -6.700000000000000178, -1.350000000000000089 ) ) ;
#152 = ORIENTED_EDGE ( 'NONE', *, *, #3650, .T. ) ;
#153 = VECTOR ( 'NONE', #3995, 1000.000000000000000 ) ;
#154 = ORIENTED_EDGE ( 'NONE', *, *, #4803, .T. ) ;
#155 = DIRECTION ( 'NONE',  ( 0.000000000000000000, 0.000000000000000000, 1.000000000000000000 ) ) ;
#156 = LINE ( 'NONE', #7261, #3926 ) ;
#157 = CARTESIAN_POINT ( 'NONE',  ( 0.000000000000000000, -4.050515463917520265, 0.4000000000000000222 ) ) ;
#158 = DIRECTION ( 'NONE',  ( 0.000000000000000000, 1.000000000000000000, 0.000000000000000000 ) ) ;
#159 = ORIENTED_EDGE ( 'NONE', *, *, #6929, .F. ) ;
#160 = LINE ( 'NONE', #68, #7241 ) ;
#161 = EDGE_CURVE ( 'NONE', #4331, #3082, #5797, .T. ) ;
#162 = FACE_OUTER_BOUND ( 'NONE', #447, .T. ) ;
#163 = ORIENTED_EDGE ( 'NONE', *, *, #5040, .T. ) ;
#164 = VECTOR ( 'NONE', #4444, 1000.000000000000000 ) ;
#165 = ADVANCED_FACE ( 'NONE', ( #4841 ), #1598, .T. ) ;
#166 = LINE ( 'NONE', #5788, #5763 ) ;
#167 = AXIS2_PLACEMENT_3D ( 'NONE', #4902, #2642, #6326 ) ;
#168 = CARTESIAN_POINT ( 'NONE',  ( -4.500000000000000000, -5.150515463917519909, -4.299999999999999822 ) ) ;
#169 = DIRECTION ( 'NONE',  ( -0.000000000000000000, 1.000000000000000000, 0.000000000000000000 ) ) ;
#170 = DIRECTION ( 'NONE',  ( -0.000000000000000000, 1.000000000000000000, -0.000000000000000000 ) ) ;
#171 = DIRECTION ( 'NONE',  ( 0.000000000000000000, -1.000000000000000000, 0.000000000000000000 ) ) ;
#172 = ORIENTED_EDGE ( 'NONE', *, *, #5807, .T. ) ;
#173 = CARTESIAN_POINT ( 'NONE',  ( -2.600000000000000089, 2.849484536082479647, 0.000000000000000000 ) ) ;
#174 = DIRECTION ( 'NONE',  ( 0.000000000000000000, 0.000000000000000000, -1.000000000000000000 ) ) ;
#175 =( GEOMETRIC_REPRESENTATION_CONTEXT ( 3 ) GLOBAL_UNCERTAINTY_ASSIGNED_CONTEXT ( ( #6889 ) ) GLOBAL_UNIT_ASSIGNED_CONTEXT ( ( #7875, #1547, #8749 ) ) REPRESENTATION_CONTEXT ( 'NONE', 'WORKASPACE' ) );
#176 = EDGE_CURVE ( 'NONE', #4940, #1976, #2942, .T. ) ;
#177 = CARTESIAN_POINT ( 'NONE',  ( 4.400000000000000355, 3.600000000000000089, 0.000000000000000000 ) ) ;
#178 = VERTEX_POINT ( 'NONE', #269 ) ;
#179 = VECTOR ( 'NONE', #237, 1000.000000000000000 ) ;
#180 = CYLINDRICAL_SURFACE ( 'NONE', #6810, 0.6500000000000000222 ) ;
#181 = ORIENTED_EDGE ( 'NONE', *, *, #5112, .T. ) ;
#182 = CARTESIAN_POINT ( 'NONE',  ( 1.565936075841833919, 18.89999999999999858, -3.517150011924013775 ) ) ;
#183 = CARTESIAN_POINT ( 'NONE',  ( -1.724392794533815047E-15, 0.4499999999999484968, 4.299999999999999822 ) ) ;
#184 = DIRECTION ( 'NONE',  ( 0.000000000000000000, 1.000000000000000000, 0.000000000000000000 ) ) ;
#185 = DIRECTION ( 'NONE',  ( 0.000000000000000000, -1.000000000000000000, 0.000000000000000000 ) ) ;
#186 = EDGE_LOOP ( 'NONE', ( #4869, #7476, #6356, #7506 ) ) ;
#187 = VECTOR ( 'NONE', #7782, 1000.000000000000000 ) ;
#188 = APPLICATION_PROTOCOL_DEFINITION ( 'draft international standard', 'automotive_design', 1998, #6408 ) ;
#189 = AXIS2_PLACEMENT_3D ( 'NONE', #8405, #109, #4235 ) ;
#190 = ORIENTED_EDGE ( 'NONE', *, *, #6589, .F. ) ;
#191 = ORIENTED_EDGE ( 'NONE', *, *, #8554, .T. ) ;
#192 = LINE ( 'NONE', #3637, #7828 ) ;
#193 = PLANE ( 'NONE',  #7660 ) ;
#194 = CARTESIAN_POINT ( 'NONE',  ( 3.399999999999999911, 0.9499999999999999556, 0.5000000000000000000 ) ) ;
#195 = ORIENTED_EDGE ( 'NONE', *, *, #4011, .T. ) ;
#196 = DIRECTION ( 'NONE',  ( 0.000000000000000000, 0.000000000000000000, 1.000000000000000000 ) ) ;
#197 = ORIENTED_EDGE ( 'NONE', *, *, #4464, .T. ) ;
#198 = CARTESIAN_POINT ( 'NONE',  ( -4.899999999999999467, -5.450515463917520620, 0.000000000000000000 ) ) ;
#199 = ADVANCED_FACE ( 'NONE', ( #5069 ), #7289, .T. ) ;
#200 = CIRCLE ( 'NONE', #2847, 3.500000000000000000 ) ;
#201 = ORIENTED_EDGE ( 'NONE', *, *, #3967, .F. ) ;
#202 = CARTESIAN_POINT ( 'NONE',  ( 0.000000000000000000, 18.89999999999999858, 0.000000000000000000 ) ) ;
#203 = CARTESIAN_POINT ( 'NONE',  ( 0.000000000000000000, 5.499999999999998224, 0.000000000000000000 ) ) ;
#204 = DIRECTION ( 'NONE',  ( 0.7071067811865476838, -0.7071067811865474617, 0.000000000000000000 ) ) ;
#205 = CARTESIAN_POINT ( 'NONE',  ( -1.891663167769255027, 18.50000000000000000, 3.353223890482888159 ) ) ;
#206 = ORIENTED_EDGE ( 'NONE', *, *, #5050, .T. ) ;
#207 = CARTESIAN_POINT ( 'NONE',  ( 4.500000000000000000, -2.450515463917519732, -0.5999999999999909850 ) ) ;
#208 = CARTESIAN_POINT ( 'NONE',  ( -3.674999999999999822, 3.649484536082480357, -1.600000000000000089 ) ) ;
#209 = EDGE_LOOP ( 'NONE', ( #254, #3279, #8505, #1927 ) ) ;
#210 = VECTOR ( 'NONE', #6268, 1000.000000000000000 ) ;
#211 = VECTOR ( 'NONE', #4389, 1000.000000000000000 ) ;
#212 = EDGE_CURVE ( 'NONE', #3709, #3697, #5110, .T. ) ;
#213 = PLANE ( 'NONE',  #6947 ) ;
#214 = CARTESIAN_POINT ( 'NONE',  ( 5.236132948075099769, -1.550515463917520043, -8.396377958773969752 ) ) ;
#215 = CARTESIAN_POINT ( 'NONE',  ( 4.500000000000000000, -3.550515463917519821, -5.899999999999999467 ) ) ;
#216 = VECTOR ( 'NONE', #7082, 1000.000000000000000 ) ;
#217 = CYLINDRICAL_SURFACE ( 'NONE', #938, 1.199999999999999956 ) ;
#218 = CARTESIAN_POINT ( 'NONE',  ( -4.899999999999999467, -5.150515463917519909, -4.899999999999999467 ) ) ;
#219 = EDGE_LOOP ( 'NONE', ( #2936, #4000, #7678, #2743 ) ) ;
#220 = PLANE ( 'NONE',  #7229 ) ;
#221 = EDGE_CURVE ( 'NONE', #1975, #8071, #4605, .T. ) ;
#222 = CARTESIAN_POINT ( 'NONE',  ( 3.250000000000000000, -6.700000000000000178, 1.100000000000000089 ) ) ;
#223 = VECTOR ( 'NONE', #4340, 1000.000000000000000 ) ;
#224 = EDGE_CURVE ( 'NONE', #1756, #1433, #7706, .T. ) ;
#225 = FACE_OUTER_BOUND ( 'NONE', #8836, .T. ) ;
#226 = CARTESIAN_POINT ( 'NONE',  ( 0.5000000000000000000, 21.69999999999999929, 2.299999999999999822 ) ) ;
#227 = EDGE_LOOP ( 'NONE', ( #234, #2572, #2625, #5765 ) ) ;
#228 = CARTESIAN_POINT ( 'NONE',  ( -4.500000000000000000, 4.049484536082480268, -4.299999999999999822 ) ) ;
#229 = CARTESIAN_POINT ( 'NONE',  ( 0.8032336497292289490, 21.69999999999999929, -1.604700010220585060 ) ) ;
#230 = PLANE ( 'NONE',  #8450 ) ;
#231 = CARTESIAN_POINT ( 'NONE',  ( 0.6700000000000000400, 20.89999999999999858, -0.5999999999999999778 ) ) ;
#232 = ADVANCED_FACE ( 'NONE', ( #8619 ), #3460, .T. ) ;
#233 = DIRECTION ( 'NONE',  ( 0.000000000000000000, 0.000000000000000000, 1.000000000000000000 ) ) ;
#234 = ORIENTED_EDGE ( 'NONE', *, *, #6090, .F. ) ;
#235 = ORIENTED_EDGE ( 'NONE', *, *, #8362, .T. ) ;
#236 = ORIENTED_EDGE ( 'NONE', *, *, #874, .F. ) ;
#237 = DIRECTION ( 'NONE',  ( -5.041199799583459615E-17, 1.000000000000000000, -4.382248128459739893E-17 ) ) ;
#238 = DIRECTION ( 'NONE',  ( 0.000000000000000000, 0.000000000000000000, 1.000000000000000000 ) ) ;
#239 = EDGE_CURVE ( 'NONE', #2161, #8155, #7971, .T. ) ;
#240 = ORIENTED_EDGE ( 'NONE', *, *, #3499, .F. ) ;
#241 = DIRECTION ( 'NONE',  ( -1.931541112668180039E-15, 0.000000000000000000, 1.000000000000000000 ) ) ;
#242 = ORIENTED_EDGE ( 'NONE', *, *, #1209, .F. ) ;
#243 = ORIENTED_EDGE ( 'NONE', *, *, #2301, .T. ) ;
#244 = CARTESIAN_POINT ( 'NONE',  ( -1.734723475976804925E-15, 0.4500000000000000111, 1.800000000000000044 ) ) ;
#245 = ORIENTED_EDGE ( 'NONE', *, *, #3851, .T. ) ;
#246 = ORIENTED_EDGE ( 'NONE', *, *, #6685, .F. ) ;
#247 = DIRECTION ( 'NONE',  ( 1.000000000000000000, 0.000000000000000000, 0.000000000000000000 ) ) ;
#248 = CARTESIAN_POINT ( 'NONE',  ( -0.5000000000000000000, -0.6408712114635670698, 0.000000000000000000 ) ) ;
#249 = LINE ( 'NONE', #5827, #4212 ) ;
#250 = PLANE ( 'NONE',  #3966 ) ;
#251 = ORIENTED_EDGE ( 'NONE', *, *, #1354, .F. ) ;
#252 = CARTESIAN_POINT ( 'NONE',  ( -2.500000000000000000, -6.700000000000000178, -1.350000000000000089 ) ) ;
#253 = PRESENTATION_STYLE_ASSIGNMENT (( #1534 ) ) ;
#254 = ORIENTED_EDGE ( 'NONE', *, *, #7024, .T. ) ;
#255 = DIRECTION ( 'NONE',  ( -1.000000000000000000, 1.495451272393800035E-16, 0.000000000000000000 ) ) ;
#256 = CARTESIAN_POINT ( 'NONE',  ( 5.538016780164209507, -1.550515463917520043, -8.133954347177770217 ) ) ;
#257 = AXIS2_PLACEMENT_3D ( 'NONE', #2316, #5135, #7950 ) ;
#258 = CARTESIAN_POINT ( 'NONE',  ( 0.000000000000000000, 5.100000000000000533, 0.000000000000000000 ) ) ;
#259 = LINE ( 'NONE', #8785, #5667 ) ;
#260 = LINE ( 'NONE', #218, #9067 ) ;
#261 = VERTEX_POINT ( 'NONE', #2294 ) ;
#262 = CARTESIAN_POINT ( 'NONE',  ( 1.342230922150144501, 18.89999999999999858, -3.014700010220584758 ) ) ;
#263 = DIRECTION ( 'NONE',  ( 1.000000000000000000, -2.491288438666615119E-16, 1.734723475976805122E-15 ) ) ;
#264 = ADVANCED_FACE ( 'NONE', ( #921 ), #7190, .F. ) ;
#265 = VECTOR ( 'NONE', #663, 1000.000000000000000 ) ;
#266 = CARTESIAN_POINT ( 'NONE',  ( 4.899999999999999467, 4.336808689942019708E-16, 0.000000000000000000 ) ) ;
#267 = DIRECTION ( 'NONE',  ( 0.000000000000000000, -1.000000000000000000, 0.000000000000000000 ) ) ;
#268 = DIRECTION ( 'NONE',  ( -9.693873272465599701E-47, 1.000000000000000000, 2.123492242164234689E-31 ) ) ;
#269 = CARTESIAN_POINT ( 'NONE',  ( -4.500000000000000000, 2.849484536082479647, -4.299999999999999822 ) ) ;
#270 = CARTESIAN_POINT ( 'NONE',  ( -3.878914831578274658, -1.550515463917520043, -8.538556816112469861 ) ) ;
#271 = AXIS2_PLACEMENT_3D ( 'NONE', #4354, #136, #7095 ) ;
#272 = CARTESIAN_POINT ( 'NONE',  ( -2.324999999999999734, -4.750515463917520442, 0.000000000000000000 ) ) ;
#273 = ORIENTED_EDGE ( 'NONE', *, *, #339, .T. ) ;
#274 = AXIS2_PLACEMENT_3D ( 'NONE', #5802, #4398, #7233 ) ;
#275 = EDGE_CURVE ( 'NONE', #8778, #5210, #2262, .T. ) ;
#276 = EDGE_CURVE ( 'NONE', #2402, #1754, #6443, .T. ) ;
#277 = ORIENTED_EDGE ( 'NONE', *, *, #3703, .T. ) ;
#278 = EDGE_LOOP ( 'NONE', ( #4265, #639, #7658, #6344 ) ) ;
#279 = DIRECTION ( 'NONE',  ( 0.000000000000000000, -1.000000000000000000, 0.000000000000000000 ) ) ;
#280 = LINE ( 'NONE', #2483, #2498 ) ;
#281 = SURFACE_STYLE_FILL_AREA ( #2398 ) ;
#282 = ORIENTED_EDGE ( 'NONE', *, *, #7425, .F. ) ;
#283 = ORIENTED_EDGE ( 'NONE', *, *, #2194, .T. ) ;
#284 = FACE_OUTER_BOUND ( 'NONE', #2953, .T. ) ;
#285 = APPLICATION_CONTEXT ( 'automotive_design' ) ;
#286 = ADVANCED_FACE ( 'NONE', ( #2855 ), #3628, .T. ) ;
#287 = ORIENTED_EDGE ( 'NONE', *, *, #6985, .T. ) ;
#288 = DIRECTION ( 'NONE',  ( -0.000000000000000000, -1.000000000000000000, -0.000000000000000000 ) ) ;
#289 = CARTESIAN_POINT ( 'NONE',  ( 1.342230922150144501, 20.19999999999999929, -3.014700010220584758 ) ) ;
#290 = CARTESIAN_POINT ( 'NONE',  ( 4.500000000000000000, 1.949484536082480179, -5.899999999999999467 ) ) ;
#291 = ORIENTED_EDGE ( 'NONE', *, *, #421, .T. ) ;
#292 = CARTESIAN_POINT ( 'NONE',  ( -3.250000000000000000, -6.500000000000000000, 1.100000000000000089 ) ) ;
#293 = DIRECTION ( 'NONE',  ( 1.000000000000000000, 0.000000000000000000, 0.000000000000000000 ) ) ;
#294 = VERTEX_POINT ( 'NONE', #2761 ) ;
#295 = AXIS2_PLACEMENT_3D ( 'NONE', #8766, #2443, #1659 ) ;
#296 = DIRECTION ( 'NONE',  ( 0.000000000000000000, 0.000000000000000000, -1.000000000000000000 ) ) ;
#297 = DIRECTION ( 'NONE',  ( 7.228014483236700500E-16, -1.000000000000000000, 0.000000000000000000 ) ) ;
#298 = VECTOR ( 'NONE', #2378, 1000.000000000000000 ) ;
#299 = CARTESIAN_POINT ( 'NONE',  ( 5.236132948075099769, -1.550515463917520043, -8.396377958773969752 ) ) ;
#300 = FACE_OUTER_BOUND ( 'NONE', #6596, .T. ) ;
#301 = ORIENTED_EDGE ( 'NONE', *, *, #1877, .F. ) ;
#302 = EDGE_CURVE ( 'NONE', #7371, #6544, #5665, .T. ) ;
#303 = CARTESIAN_POINT ( 'NONE',  ( -4.500000000000000000, 0.000000000000000000, 0.4000000000000000222 ) ) ;
#304 = CARTESIAN_POINT ( 'NONE',  ( -4.500000000000000000, 6.873989284057759914E-16, -0.5999999999999999778 ) ) ;
#305 = VECTOR ( 'NONE', #5524, 1000.000000000000000 ) ;
#306 = ADVANCED_FACE ( 'NONE', ( #3586 ), #6351, .T. ) ;
#307 = VECTOR ( 'NONE', #7361, 1000.000000000000000 ) ;
#308 = DIRECTION ( 'NONE',  ( -8.850629979473508477E-17, 1.000000000000000000, 0.000000000000000000 ) ) ;
#309 = AXIS2_PLACEMENT_3D ( 'NONE', #4333, #5049, #3830 ) ;
#310 = DIRECTION ( 'NONE',  ( 0.000000000000000000, 1.000000000000000000, 3.559366888705205049E-31 ) ) ;
#311 = ADVANCED_FACE ( 'NONE', ( #4260 ), #2252, .F. ) ;
#312 = FACE_OUTER_BOUND ( 'NONE', #3463, .T. ) ;
#313 = VECTOR ( 'NONE', #6613, 1000.000000000000000 ) ;
#314 = ORIENTED_EDGE ( 'NONE', *, *, #1864, .F. ) ;
#315 = CIRCLE ( 'NONE', #1485, 0.8000000000000003775 ) ;
#316 = FACE_OUTER_BOUND ( 'NONE', #4741, .T. ) ;
#317 = DIRECTION ( 'NONE',  ( 0.000000000000000000, 0.000000000000000000, -1.000000000000000000 ) ) ;
#318 = VECTOR ( 'NONE', #3098, 1000.000000000000000 ) ;
#319 = EDGE_LOOP ( 'NONE', ( #6507, #1149, #1577, #4894 ) ) ;
#320 = AXIS2_PLACEMENT_3D ( 'NONE', #8905, #6172, #8170 ) ;
#321 = ORIENTED_EDGE ( 'NONE', *, *, #8222, .F. ) ;
#322 = VERTEX_POINT ( 'NONE', #8525 ) ;
#323 = CARTESIAN_POINT ( 'NONE',  ( 3.250000000000000000, -5.549999999999999822, 1.000000000000000000 ) ) ;
#324 = EDGE_CURVE ( 'NONE', #1754, #8530, #6948, .T. ) ;
#325 = CARTESIAN_POINT ( 'NONE',  ( -1.479999999999999982, 21.50000000000000000, 0.8499999999999999778 ) ) ;
#326 = DIRECTION ( 'NONE',  ( 0.000000000000000000, 0.000000000000000000, 1.000000000000000000 ) ) ;
#327 = VECTOR ( 'NONE', #6077, 1000.000000000000000 ) ;
#328 = EDGE_LOOP ( 'NONE', ( #6692, #3814, #974, #7046 ) ) ;
#329 = EDGE_CURVE ( 'NONE', #1717, #3571, #7833, .T. ) ;
#330 = ORIENTED_EDGE ( 'NONE', *, *, #5447, .F. ) ;
#331 = CARTESIAN_POINT ( 'NONE',  ( -1.750000000000000000, -5.549999999999999822, 1.000000000000000000 ) ) ;
#332 = AXIS2_PLACEMENT_3D ( 'NONE', #2779, #5585, #2875 ) ;
#333 = ORIENTED_EDGE ( 'NONE', *, *, #6112, .F. ) ;
#334 = LINE ( 'NONE', #4564, #6070 ) ;
#335 = EDGE_CURVE ( 'NONE', #988, #1404, #4878, .T. ) ;
#336 = LINE ( 'NONE', #5869, #1138 ) ;
#337 =( GEOMETRIC_REPRESENTATION_CONTEXT ( 3 ) GLOBAL_UNCERTAINTY_ASSIGNED_CONTEXT ( ( #638 ) ) GLOBAL_UNIT_ASSIGNED_CONTEXT ( ( #6217, #4785, #419 ) ) REPRESENTATION_CONTEXT ( 'NONE', 'WORKASPACE' ) );
#338 = ORIENTED_EDGE ( 'NONE', *, *, #4031, .T. ) ;
#339 = EDGE_CURVE ( 'NONE', #2916, #1423, #1513, .T. ) ;
#340 = PLANE ( 'NONE',  #2351 ) ;
#341 = ORIENTED_EDGE ( 'NONE', *, *, #21, .T. ) ;
#342 = ORIENTED_EDGE ( 'NONE', *, *, #4383, .T. ) ;
#343 = CYLINDRICAL_SURFACE ( 'NONE', #4589, 0.6750000000000002665 ) ;
#344 = LINE ( 'NONE', #2460, #6004 ) ;
#345 = CIRCLE ( 'NONE', #4903, 0.4000000000000001887 ) ;
#346 = DIRECTION ( 'NONE',  ( 0.000000000000000000, 0.000000000000000000, 1.000000000000000000 ) ) ;
#347 = DIRECTION ( 'NONE',  ( -2.168404344971010446E-15, 1.000000000000000000, 0.000000000000000000 ) ) ;
#348 = DIRECTION ( 'NONE',  ( -1.232047923278981706E-16, 0.000000000000000000, 1.000000000000000000 ) ) ;
#349 = CLOSED_SHELL ( 'NONE', ( #8563, #7147, #389, #2136, #286, #2524, #4819, #723, #7535, #1061, #7885, #8267, #2854 ) ) ;
#350 = EDGE_LOOP ( 'NONE', ( #7743, #8461, #6991, #3692 ) ) ;
#351 = DIRECTION ( 'NONE',  ( -1.000000000000000000, 0.000000000000000000, 0.000000000000000000 ) ) ;
#352 = VECTOR ( 'NONE', #8914, 1000.000000000000000 ) ;
#353 = DIRECTION ( 'NONE',  ( -1.000000000000000000, 0.000000000000000000, 0.000000000000000000 ) ) ;
#354 = EDGE_CURVE ( 'NONE', #1975, #4409, #5570, .T. ) ;
#355 = CIRCLE ( 'NONE', #7129, 0.6500000000000000222 ) ;
#356 = DIRECTION ( 'NONE',  ( 0.000000000000000000, 0.000000000000000000, 1.000000000000000000 ) ) ;
#357 = AXIS2_PLACEMENT_3D ( 'NONE', #635, #6435, #1451 ) ;
#358 = DIRECTION ( 'NONE',  ( 0.000000000000000000, 0.000000000000000000, 1.000000000000000000 ) ) ;
#359 = ORIENTED_EDGE ( 'NONE', *, *, #1183, .T. ) ;
#360 = DIRECTION ( 'NONE',  ( 1.000000000000000000, -1.084202172485503818E-16, 0.000000000000000000 ) ) ;
#361 = ADVANCED_FACE ( 'NONE', ( #2061 ), #8387, .T. ) ;
#362 = ORIENTED_EDGE ( 'NONE', *, *, #4262, .T. ) ;
#363 = VECTOR ( 'NONE', #5194, 1000.000000000000000 ) ;
#364 = VECTOR ( 'NONE', #3974, 1000.000000000000000 ) ;
#365 = UNCERTAINTY_MEASURE_WITH_UNIT (LENGTH_MEASURE( 1.000000000000000082E-05 ), #4883, 'distance_accuracy_value', 'NONE');
#366 = VERTEX_POINT ( 'NONE', #2802 ) ;
#367 = ORIENTED_EDGE ( 'NONE', *, *, #3921, .T. ) ;
#368 = ORIENTED_EDGE ( 'NONE', *, *, #5679, .T. ) ;
#369 = DIRECTION ( 'NONE',  ( -1.000000000000000000, 0.000000000000000000, 0.000000000000000000 ) ) ;
#370 = CARTESIAN_POINT ( 'NONE',  ( -2.899999999999999911, -6.700000000000000178, 0.000000000000000000 ) ) ;
#371 = DIRECTION ( 'NONE',  ( 0.000000000000000000, 0.000000000000000000, -1.000000000000000000 ) ) ;
#372 = ORIENTED_EDGE ( 'NONE', *, *, #3486, .F. ) ;
#373 = VERTEX_POINT ( 'NONE', #5616 ) ;
#374 = ORIENTED_EDGE ( 'NONE', *, *, #6186, .T. ) ;
#375 = DIRECTION ( 'NONE',  ( -0.001026138167771527797, 0.000000000000000000, -0.9999994735200917750 ) ) ;
#376 = EDGE_CURVE ( 'NONE', #3297, #322, #4219, .T. ) ;
#377 = CARTESIAN_POINT ( 'NONE',  ( -4.911598099521929939, -1.550515463917520043, -9.101887738487548063 ) ) ;
#378 = EDGE_LOOP ( 'NONE', ( #2133, #1455, #7462, #3273 ) ) ;
#379 = CARTESIAN_POINT ( 'NONE',  ( -4.899999999999999467, 4.049484536082480268, -4.299999999999999822 ) ) ;
#380 = EDGE_CURVE ( 'NONE', #1194, #8345, #7145, .T. ) ;
#381 = DIRECTION ( 'NONE',  ( 1.000000000000000000, 0.000000000000000000, 0.000000000000000000 ) ) ;
#382 = EDGE_LOOP ( 'NONE', ( #2581, #7441, #6953, #5083 ) ) ;
#383 = VECTOR ( 'NONE', #6655, 1000.000000000000000 ) ;
#384 = DIRECTION ( 'NONE',  ( -0.000000000000000000, 1.000000000000000000, -0.000000000000000000 ) ) ;
#385 = ORIENTED_EDGE ( 'NONE', *, *, #3420, .T. ) ;
#386 = EDGE_CURVE ( 'NONE', #8778, #3718, #6997, .T. ) ;
#387 = ORIENTED_EDGE ( 'NONE', *, *, #6699, .T. ) ;
#388 = AXIS2_PLACEMENT_3D ( 'NONE', #7063, #6324, #16 ) ;
#389 = ADVANCED_FACE ( 'NONE', ( #3494 ), #2113, .T. ) ;
#390 = CARTESIAN_POINT ( 'NONE',  ( -2.600000000000000089, 4.049484536082480268, -4.899999999999999467 ) ) ;
#391 = DIRECTION ( 'NONE',  ( 0.000000000000000000, 0.000000000000000000, -1.000000000000000000 ) ) ;
#392 = CARTESIAN_POINT ( 'NONE',  ( -0.7967663502707699186, 20.89999999999999858, -0.8947000102205827643 ) ) ;
#393 = ORIENTED_EDGE ( 'NONE', *, *, #1676, .T. ) ;
#394 = CARTESIAN_POINT ( 'NONE',  ( -0.4000000000000000222, -6.700000000000000178, 0.000000000000000000 ) ) ;
#395 = DIRECTION ( 'NONE',  ( 0.000000000000000000, -1.000000000000000000, -5.342585297705979633E-16 ) ) ;
#396 = VECTOR ( 'NONE', #15, 1000.000000000000000 ) ;
#397 = CARTESIAN_POINT ( 'NONE',  ( 1.090871211463567914, 0.9499999999999999556, 0.5000000000000000000 ) ) ;
#398 = EDGE_CURVE ( 'NONE', #6923, #8558, #7096, .T. ) ;
#399 = DIRECTION ( 'NONE',  ( -0.4067366430758017626, -0.000000000000000000, -0.9135454576426002005 ) ) ;
#400 = DIRECTION ( 'NONE',  ( 0.000000000000000000, 3.469446951953615175E-16, 1.000000000000000000 ) ) ;
#401 = EDGE_LOOP ( 'NONE', ( #6097, #2405, #3405, #8255 ) ) ;
#402 = CARTESIAN_POINT ( 'NONE',  ( 4.899999999999999467, 4.349484536082480091, -4.899999999999999467 ) ) ;
#403 = DIRECTION ( 'NONE',  ( -1.121588454295350027E-16, -1.000000000000000000, 0.000000000000000000 ) ) ;
#404 = ADVANCED_FACE ( 'NONE', ( #5020 ), #828, .F. ) ;
#405 = ORIENTED_EDGE ( 'NONE', *, *, #6672, .T. ) ;
#406 = VECTOR ( 'NONE', #3754, 1000.000000000000000 ) ;
#407 = EDGE_LOOP ( 'NONE', ( #5657, #8176, #5999, #6656, #7070, #8642, #7398, #8088, #5353, #2807, #9035, #652 ) ) ;
#408 = ORIENTED_EDGE ( 'NONE', *, *, #4324, .F. ) ;
#409 = ORIENTED_EDGE ( 'NONE', *, *, #4740, .F. ) ;
#410 = CIRCLE ( 'NONE', #4377, 0.4999999999999995559 ) ;
#411 = ORIENTED_EDGE ( 'NONE', *, *, #1338, .T. ) ;
#412 = CARTESIAN_POINT ( 'NONE',  ( 1.899999999999999911, -4.200000000000000178, 0.1000000000000000056 ) ) ;
#413 = DIRECTION ( 'NONE',  ( 1.000000000000000000, 0.000000000000000000, 0.000000000000000000 ) ) ;
#414 = CARTESIAN_POINT ( 'NONE',  ( 2.100000000000000089, -6.400000000000000355, -1.350000000000000089 ) ) ;
#415 = ORIENTED_EDGE ( 'NONE', *, *, #490, .F. ) ;
#416 = EDGE_CURVE ( 'NONE', #6713, #8522, #6416, .T. ) ;
#417 = ORIENTED_EDGE ( 'NONE', *, *, #1172, .T. ) ;
#418 = ORIENTED_EDGE ( 'NONE', *, *, #5461, .F. ) ;
#419 =( NAMED_UNIT ( * ) SI_UNIT ( $, .STERADIAN. ) SOLID_ANGLE_UNIT ( ) );
#420 = VECTOR ( 'NONE', #399, 1000.000000000000114 ) ;
#421 = EDGE_CURVE ( 'NONE', #8123, #4139, #4863, .T. ) ;
#422 = FACE_OUTER_BOUND ( 'NONE', #1700, .T. ) ;
#423 = EDGE_LOOP ( 'NONE', ( #3492, #5484, #5261, #5253 ) ) ;
#424 = DIRECTION ( 'NONE',  ( 1.000000000000000000, 0.000000000000000000, 0.000000000000000000 ) ) ;
#425 = LINE ( 'NONE', #4651, #5560 ) ;
#426 = CYLINDRICAL_SURFACE ( 'NONE', #3137, 0.4000000000000001887 ) ;
#427 = EDGE_CURVE ( 'NONE', #4793, #1605, #5513, .T. ) ;
#428 = ORIENTED_EDGE ( 'NONE', *, *, #573, .T. ) ;
#429 = CARTESIAN_POINT ( 'NONE',  ( 0.000000000000000000, 5.499999999999998224, 3.000000000000000000 ) ) ;
#430 = ORIENTED_EDGE ( 'NONE', *, *, #4427, .T. ) ;
#431 = ORIENTED_EDGE ( 'NONE', *, *, #8885, .F. ) ;
#432 = LINE ( 'NONE', #6784, #7997 ) ;
#433 = CARTESIAN_POINT ( 'NONE',  ( -5.421010862427520198E-16, 0.4500000000000000111, 0.000000000000000000 ) ) ;
#434 = EDGE_CURVE ( 'NONE', #5266, #6891, #4815, .T. ) ;
#435 = CARTESIAN_POINT ( 'NONE',  ( 4.400000000000000355, -5.950000000000000178, 0.000000000000000000 ) ) ;
#436 = CARTESIAN_POINT ( 'NONE',  ( 3.000000000000000000, -3.750000000000000000, 5.000000000000000000 ) ) ;
#437 = DIRECTION ( 'NONE',  ( 1.000000000000000000, 0.000000000000000000, 0.000000000000000000 ) ) ;
#438 = EDGE_LOOP ( 'NONE', ( #6485, #5814, #5857, #2477 ) ) ;
#439 = DIRECTION ( 'NONE',  ( 0.000000000000000000, -1.000000000000000000, 0.000000000000000000 ) ) ;
#440 = AXIS2_PLACEMENT_3D ( 'NONE', #4892, #8996, #6271 ) ;
#441 = ADVANCED_FACE ( 'NONE', ( #8513 ), #4119, .T. ) ;
#442 = FACE_OUTER_BOUND ( 'NONE', #5963, .T. ) ;
#443 = VECTOR ( 'NONE', #1514, 1000.000000000000000 ) ;
#444 = PLANE ( 'NONE',  #3352 ) ;
#445 = ADVANCED_FACE ( 'NONE', ( #5007 ), #7079, .F. ) ;
#446 = LINE ( 'NONE', #5890, #5566 ) ;
#447 = EDGE_LOOP ( 'NONE', ( #824, #1861, #627, #4399 ) ) ;
#448 = CARTESIAN_POINT ( 'NONE',  ( -4.500000000000000000, -3.550515463917519821, -5.899999999999999467 ) ) ;
#449 = LINE ( 'NONE', #7551, #2415 ) ;
#450 = EDGE_CURVE ( 'NONE', #2822, #3215, #4786, .T. ) ;
#451 = AXIS2_PLACEMENT_3D ( 'NONE', #8926, #3854, #7550 ) ;
#452 = UNCERTAINTY_MEASURE_WITH_UNIT (LENGTH_MEASURE( 1.000000000000000082E-05 ), #3264, 'distance_accuracy_value', 'NONE');
#453 = VERTEX_POINT ( 'NONE', #7031 ) ;
#454 = AXIS2_PLACEMENT_3D ( 'NONE', #5737, #7353, #2279 ) ;
#455 = ORIENTED_EDGE ( 'NONE', *, *, #7874, .F. ) ;
#456 = VECTOR ( 'NONE', #1089, 1000.000000000000000 ) ;
#457 = AXIS2_PLACEMENT_3D ( 'NONE', #3652, #5916, #8685 ) ;
#458 = ORIENTED_EDGE ( 'NONE', *, *, #123, .T. ) ;
#459 = CARTESIAN_POINT ( 'NONE',  ( -5.236132948075079341, -1.550515463917520043, -8.396377958773980410 ) ) ;
#460 = AXIS2_PLACEMENT_3D ( 'NONE', #252, #5830, #3698 ) ;
#461 = CARTESIAN_POINT ( 'NONE',  ( 4.899999999999999467, -5.450515463917520620, -4.299999999999999822 ) ) ;
#462 = DIRECTION ( 'NONE',  ( 0.000000000000000000, 1.000000000000000000, 0.000000000000000000 ) ) ;
#463 = CARTESIAN_POINT ( 'NONE',  ( -2.350000000000000089, 4.649999999999999467, 5.000000000000000000 ) ) ;
#464 = ORIENTED_EDGE ( 'NONE', *, *, #6905, .F. ) ;
#465 = ORIENTED_EDGE ( 'NONE', *, *, #1220, .T. ) ;
#466 = AXIS2_PLACEMENT_3D ( 'NONE', #8990, #1199, #8946 ) ;
#467 = DIRECTION ( 'NONE',  ( 0.000000000000000000, 0.000000000000000000, 1.000000000000000000 ) ) ;
#468 = VERTEX_POINT ( 'NONE', #720 ) ;
#469 = CARTESIAN_POINT ( 'NONE',  ( 2.600000000000000089, -3.950515463917519732, -4.899999999999999467 ) ) ;
#470 = VECTOR ( 'NONE', #7143, 1000.000000000000000 ) ;
#471 = DIRECTION ( 'NONE',  ( 0.000000000000000000, 0.000000000000000000, -1.000000000000000000 ) ) ;
#472 = CARTESIAN_POINT ( 'NONE',  ( -3.399999999999999911, 0.9499999999999999556, 0.5000000000000000000 ) ) ;
#473 = EDGE_LOOP ( 'NONE', ( #408, #5119, #975, #2066 ) ) ;
#474 = LINE ( 'NONE', #3144, #2509 ) ;
#475 =( BOUNDED_CURVE ( )  B_SPLINE_CURVE ( 3, ( #1545, #5009, #3618, #771 ),
 .UNSPECIFIED., .F., .F. ) 
 B_SPLINE_CURVE_WITH_KNOTS ( ( 4, 4 ),
 ( 1.570796326794895004, 3.141592653589795336 ),
 .UNSPECIFIED. ) 
 CURVE ( )  GEOMETRIC_REPRESENTATION_ITEM ( )  RATIONAL_B_SPLINE_CURVE ( ( 1.000000000000000000, 0.8047378541243649375, 0.8047378541243649375, 1.000000000000000000 ) ) 
 REPRESENTATION_ITEM ( '' )  );
#476 = EDGE_CURVE ( 'NONE', #7296, #726, #6335, .T. ) ;
#477 = ORIENTED_EDGE ( 'NONE', *, *, #7439, .T. ) ;
#478 = AXIS2_PLACEMENT_3D ( 'NONE', #5014, #2195, #1505 ) ;
#479 = ORIENTED_EDGE ( 'NONE', *, *, #5775, .T. ) ;
#480 = CARTESIAN_POINT ( 'NONE',  ( 0.5000000000000000000, 21.69999999999999929, 2.299999999999999822 ) ) ;
#481 = AXIS2_PLACEMENT_3D ( 'NONE', #8820, #951, #255 ) ;
#482 = LINE ( 'NONE', #6099, #702 ) ;
#483 = LINE ( 'NONE', #4705, #61 ) ;
#484 = CARTESIAN_POINT ( 'NONE',  ( 4.400000000000000355, -5.549999999999999822, 1.000000000000000000 ) ) ;
#485 = DIRECTION ( 'NONE',  ( 0.000000000000000000, 0.000000000000000000, 1.000000000000000000 ) ) ;
#486 = ORIENTED_EDGE ( 'NONE', *, *, #5040, .F. ) ;
#487 = CARTESIAN_POINT ( 'NONE',  ( 0.7500000000000000000, -6.400000000000000355, 1.000000000000000000 ) ) ;
#488 =( NAMED_UNIT ( * ) PLANE_ANGLE_UNIT ( ) SI_UNIT ( $, .RADIAN. ) );
#489 = AXIS2_PLACEMENT_3D ( 'NONE', #8773, #8683, #247 ) ;
#490 = EDGE_CURVE ( 'NONE', #6707, #4852, #5652, .T. ) ;
#491 = VECTOR ( 'NONE', #7967, 1000.000000000000000 ) ;
#492 = FACE_OUTER_BOUND ( 'NONE', #4041, .T. ) ;
#493 = VECTOR ( 'NONE', #8949, 1000.000000000000000 ) ;
#494 = DIRECTION ( 'NONE',  ( 1.000000000000000000, 0.000000000000000000, 0.000000000000000000 ) ) ;
#495 = CIRCLE ( 'NONE', #1669, 0.2000000000000000944 ) ;
#496 = DIRECTION ( 'NONE',  ( 1.334402673828311860E-16, -1.000000000000000000, 0.000000000000000000 ) ) ;
#497 = EDGE_CURVE ( 'NONE', #5747, #47, #78, .T. ) ;
#498 = FACE_OUTER_BOUND ( 'NONE', #2168, .T. ) ;
#499 = ORIENTED_EDGE ( 'NONE', *, *, #6619, .F. ) ;
#500 = CARTESIAN_POINT ( 'NONE',  ( 3.250000000000000000, -6.700000000000000178, 1.000000000000000000 ) ) ;
#501 = DIRECTION ( 'NONE',  ( 0.000000000000000000, 0.000000000000000000, 1.000000000000000000 ) ) ;
#502 = ORIENTED_EDGE ( 'NONE', *, *, #2693, .F. ) ;
#503 = VECTOR ( 'NONE', #8361, 1000.000000000000000 ) ;
#504 = EDGE_CURVE ( 'NONE', #3859, #8778, #7915, .T. ) ;
#505 = AXIS2_PLACEMENT_3D ( 'NONE', #678, #6990, #3485 ) ;
#506 = EDGE_LOOP ( 'NONE', ( #1007, #4015, #35, #8299 ) ) ;
#507 = VERTEX_POINT ( 'NONE', #2327 ) ;
#508 = LINE ( 'NONE', #3168, #8135 ) ;
#509 = ADVANCED_FACE ( 'NONE', ( #7178 ), #5099, .T. ) ;
#510 = DIRECTION ( 'NONE',  ( 1.000000000000000000, 0.000000000000000000, 0.000000000000000000 ) ) ;
#511 = DIRECTION ( 'NONE',  ( -2.491288438666615119E-16, -1.000000000000000000, -3.260780805318075053E-31 ) ) ;
#512 = VECTOR ( 'NONE', #5408, 1000.000000000000000 ) ;
#513 = FACE_OUTER_BOUND ( 'NONE', #209, .T. ) ;
#514 = AXIS2_PLACEMENT_3D ( 'NONE', #1814, #6838, #4624 ) ;
#515 = ORIENTED_EDGE ( 'NONE', *, *, #3152, .F. ) ;
#516 = EDGE_LOOP ( 'NONE', ( #3398, #1233 ) ) ;
#517 = AXIS2_PLACEMENT_3D ( 'NONE', #6569, #5280, #3068 ) ;
#518 = ORIENTED_EDGE ( 'NONE', *, *, #637, .T. ) ;
#519 =( NAMED_UNIT ( * ) SI_UNIT ( $, .STERADIAN. ) SOLID_ANGLE_UNIT ( ) );
#520 = ORIENTED_EDGE ( 'NONE', *, *, #1854, .T. ) ;
#521 = CARTESIAN_POINT ( 'NONE',  ( 4.500000000000000000, 2.849484536082479647, -6.799999999999999822 ) ) ;
#522 = EDGE_CURVE ( 'NONE', #2, #2028, #957, .T. ) ;
#523 = CARTESIAN_POINT ( 'NONE',  ( 2.600000000000000089, -5.150515463917519909, -4.899999999999999467 ) ) ;
#524 = DIRECTION ( 'NONE',  ( 0.000000000000000000, 0.000000000000000000, 1.000000000000000000 ) ) ;
#525 = ORIENTED_EDGE ( 'NONE', *, *, #6839, .F. ) ;
#526 = LINE ( 'NONE', #6132, #1456 ) ;
#527 = ORIENTED_EDGE ( 'NONE', *, *, #2610, .T. ) ;
#528 = ORIENTED_EDGE ( 'NONE', *, *, #4991, .F. ) ;
#529 = VERTEX_POINT ( 'NONE', #8652 ) ;
#530 = FACE_OUTER_BOUND ( 'NONE', #8279, .T. ) ;
#531 = CARTESIAN_POINT ( 'NONE',  ( 4.500000000000000000, -5.950515463917519732, 0.4000000000000000222 ) ) ;
#532 = LINE ( 'NONE', #6918, #1231 ) ;
#533 = DIRECTION ( 'NONE',  ( 1.000000000000000000, 1.971276677246369793E-16, 0.000000000000000000 ) ) ;
#534 = LINE ( 'NONE', #6741, #5842 ) ;
#535 = DIRECTION ( 'NONE',  ( 0.000000000000000000, 0.000000000000000000, 1.000000000000000000 ) ) ;
#536 = SURFACE_STYLE_FILL_AREA ( #8965 ) ;
#537 = AXIS2_PLACEMENT_3D ( 'NONE', #1543, #6608, #5927 ) ;
#538 = FACE_OUTER_BOUND ( 'NONE', #8393, .T. ) ;
#539 = EDGE_CURVE ( 'NONE', #8491, #4975, #7360, .T. ) ;
#540 = DIRECTION ( 'NONE',  ( -1.000000000000000000, 0.000000000000000000, 0.000000000000000000 ) ) ;
#541 = CARTESIAN_POINT ( 'NONE',  ( -3.649999999999999911, -3.750000000000000000, 5.599999999999999645 ) ) ;
#542 = PLANE ( 'NONE',  #7711 ) ;
#543 = DIRECTION ( 'NONE',  ( 0.000000000000000000, 0.000000000000000000, -1.000000000000000000 ) ) ;
#544 = CARTESIAN_POINT ( 'NONE',  ( -4.500000000000000000, 4.049484536082480268, -4.899999999999999467 ) ) ;
#545 = EDGE_CURVE ( 'NONE', #5862, #7371, #3934, .T. ) ;
#546 = CARTESIAN_POINT ( 'NONE',  ( -4.899999999999999467, 4.336808689942019708E-16, 0.000000000000000000 ) ) ;
#547 = VERTEX_POINT ( 'NONE', #7867 ) ;
#548 = VERTEX_POINT ( 'NONE', #6476 ) ;
#549 = EDGE_LOOP ( 'NONE', ( #5738, #3453, #8568, #7562 ) ) ;
#550 = LINE ( 'NONE', #3306, #327 ) ;
#551 = CARTESIAN_POINT ( 'NONE',  ( 4.500000000000000000, -5.450515463917520620, 0.4000000000000000222 ) ) ;
#552 = CARTESIAN_POINT ( 'NONE',  ( 4.500000000000000000, -3.550515463917519821, -5.899999999999999467 ) ) ;
#553 = VECTOR ( 'NONE', #3745, 1000.000000000000000 ) ;
#554 = EDGE_CURVE ( 'NONE', #680, #8, #5880, .T. ) ;
#555 = LINE ( 'NONE', #3402, #6045 ) ;
#556 = ORIENTED_EDGE ( 'NONE', *, *, #1003, .T. ) ;
#557 = DIRECTION ( 'NONE',  ( 1.000000000000000000, 0.000000000000000000, 0.000000000000000000 ) ) ;
#558 = ADVANCED_FACE ( 'NONE', ( #300 ), #7960, .F. ) ;
#559 = CIRCLE ( 'NONE', #6445, 3.100000000000000089 ) ;
#560 = ORIENTED_EDGE ( 'NONE', *, *, #1492, .T. ) ;
#561 = ORIENTED_EDGE ( 'NONE', *, *, #5052, .T. ) ;
#562 = LINE ( 'NONE', #7477, #5612 ) ;
#563 = CARTESIAN_POINT ( 'NONE',  ( 3.399999999999999911, -0.5505154639175199316, 1.399999999999999911 ) ) ;
#564 = CARTESIAN_POINT ( 'NONE',  ( -1.899999999999999911, -4.200000000000000178, 0.1000000000000000056 ) ) ;
#565 = EDGE_LOOP ( 'NONE', ( #6219, #374, #1621, #2481 ) ) ;
#566 = AXIS2_PLACEMENT_3D ( 'NONE', #2361, #4429, #2493 ) ;
#567 = LINE ( 'NONE', #6316, #3222 ) ;
#568 = ORIENTED_EDGE ( 'NONE', *, *, #8484, .T. ) ;
#569 = EDGE_CURVE ( 'NONE', #2593, #1842, #5240, .T. ) ;
#570 = ORIENTED_EDGE ( 'NONE', *, *, #8999, .F. ) ;
#571 = DIRECTION ( 'NONE',  ( -1.000000000000000000, 0.000000000000000000, 0.000000000000000000 ) ) ;
#572 = DIRECTION ( 'NONE',  ( 1.000000000000000000, 0.000000000000000000, 0.000000000000000000 ) ) ;
#573 = EDGE_CURVE ( 'NONE', #803, #3185, #2976, .T. ) ;
#574 = DIRECTION ( 'NONE',  ( 0.000000000000000000, 0.000000000000000000, -1.000000000000000000 ) ) ;
#575 = LINE ( 'NONE', #4155, #6100 ) ;
#576 = CARTESIAN_POINT ( 'NONE',  ( 2.500000000000000000, -6.700000000000000178, -1.350000000000000089 ) ) ;
#577 = ORIENTED_EDGE ( 'NONE', *, *, #6734, .F. ) ;
#578 = DIRECTION ( 'NONE',  ( 0.000000000000000000, 0.000000000000000000, 1.000000000000000000 ) ) ;
#579 = CARTESIAN_POINT ( 'NONE',  ( -4.899999999999999467, 1.349484536082480091, 0.4000000000000000222 ) ) ;
#580 = VERTEX_POINT ( 'NONE', #2377 ) ;
#581 = CARTESIAN_POINT ( 'NONE',  ( 4.500000000000000000, 4.349484536082480091, 6.727453826140560474E-47 ) ) ;
#582 = CARTESIAN_POINT ( 'NONE',  ( -4.500000000000000000, -5.450515463917520620, -4.299999999999999822 ) ) ;
#583 = EDGE_CURVE ( 'NONE', #7349, #7422, #260, .T. ) ;
#584 = DIRECTION ( 'NONE',  ( 1.000000000000000000, 0.000000000000000000, -0.000000000000000000 ) ) ;
#585 = DIRECTION ( 'NONE',  ( 0.000000000000000000, 0.000000000000000000, 1.000000000000000000 ) ) ;
#586 = AXIS2_PLACEMENT_3D ( 'NONE', #4191, #700, #3507 ) ;
#587 = DIRECTION ( 'NONE',  ( -1.000000000000000000, 2.710505431213759606E-16, 0.000000000000000000 ) ) ;
#588 = DIRECTION ( 'NONE',  ( 0.000000000000000000, 0.000000000000000000, -1.000000000000000000 ) ) ;
#589 = EDGE_CURVE ( 'NONE', #8530, #803, #5746, .T. ) ;
#590 = ORIENTED_EDGE ( 'NONE', *, *, #3393, .F. ) ;
#591 = VECTOR ( 'NONE', #2943, 1000.000000000000114 ) ;
#592 = EDGE_CURVE ( 'NONE', #95, #7556, #5792, .T. ) ;
#593 = ORIENTED_EDGE ( 'NONE', *, *, #1278, .F. ) ;
#594 = VERTEX_POINT ( 'NONE', #2285 ) ;
#595 = CARTESIAN_POINT ( 'NONE',  ( 4.100000000000000533, 0.4500000000000000111, 5.000000000000000000 ) ) ;
#596 = CARTESIAN_POINT ( 'NONE',  ( -0.6500000000000000222, 0.4500000000000000111, 5.000000000000000000 ) ) ;
#597 = CARTESIAN_POINT ( 'NONE',  ( 1.899999999999999911, 5.100000000000000533, 0.1000000000000000056 ) ) ;
#598 = LINE ( 'NONE', #4047, #2216 ) ;
#599 = VECTOR ( 'NONE', #6799, 1000.000000000000000 ) ;
#600 = EDGE_LOOP ( 'NONE', ( #2354, #692, #5121, #9042 ) ) ;
#601 = ORIENTED_EDGE ( 'NONE', *, *, #5118, .F. ) ;
#602 = EDGE_CURVE ( 'NONE', #1790, #7187, #8920, .T. ) ;
#603 = ORIENTED_EDGE ( 'NONE', *, *, #2511, .F. ) ;
#604 = CIRCLE ( 'NONE', #3832, 0.4000000000000001887 ) ;
#605 = ORIENTED_EDGE ( 'NONE', *, *, #4891, .T. ) ;
#606 = FACE_OUTER_BOUND ( 'NONE', #438, .T. ) ;
#607 = DIRECTION ( 'NONE',  ( 1.000000000000000000, 0.000000000000000000, 0.000000000000000000 ) ) ;
#608 = DIRECTION ( 'NONE',  ( 1.000000000000000000, 0.000000000000000000, 0.000000000000000000 ) ) ;
#609 = EDGE_CURVE ( 'NONE', #507, #548, #8056, .T. ) ;
#610 = AXIS2_PLACEMENT_3D ( 'NONE', #1496, #6329, #6984 ) ;
#611 = VERTEX_POINT ( 'NONE', #3023 ) ;
#612 = AXIS2_PLACEMENT_3D ( 'NONE', #7291, #8755, #5893 ) ;
#613 = CARTESIAN_POINT ( 'NONE',  ( -4.500000000000000000, -2.550515463917519821, -5.799999999999999822 ) ) ;
#614 = ORIENTED_EDGE ( 'NONE', *, *, #7004, .F. ) ;
#615 = ADVANCED_FACE ( 'NONE', ( #6522 ), #3798, .F. ) ;
#616 = VECTOR ( 'NONE', #7640, 1000.000000000000000 ) ;
#617 = ORIENTED_EDGE ( 'NONE', *, *, #2714, .T. ) ;
#618 = CARTESIAN_POINT ( 'NONE',  ( 0.000000000000000000, 20.19999999999999929, 0.000000000000000000 ) ) ;
#619 = DIRECTION ( 'NONE',  ( -8.123545521314930333E-47, -3.260780805318075053E-31, 1.000000000000000000 ) ) ;
#620 = FACE_OUTER_BOUND ( 'NONE', #7649, .T. ) ;
#621 = ADVANCED_FACE ( 'NONE', ( #4534 ), #1038, .T. ) ;
#622 = CARTESIAN_POINT ( 'NONE',  ( -1.891663167769255027, 18.89999999999999858, 3.353223890482888159 ) ) ;
#623 = PLANE ( 'NONE',  #5981 ) ;
#624 = ORIENTED_EDGE ( 'NONE', *, *, #6731, .T. ) ;
#625 = CARTESIAN_POINT ( 'NONE',  ( 4.899999999999999467, -5.450515463917520620, 0.4000000000000000222 ) ) ;
#626 = FACE_OUTER_BOUND ( 'NONE', #6550, .T. ) ;
#627 = ORIENTED_EDGE ( 'NONE', *, *, #8167, .T. ) ;
#628 = AXIS2_PLACEMENT_3D ( 'NONE', #6258, #2801, #2853 ) ;
#629 = PLANE ( 'NONE',  #2659 ) ;
#630 = DIRECTION ( 'NONE',  ( 0.001026138167772849873, -0.000000000000000000, 0.9999994735200917750 ) ) ;
#631 = CARTESIAN_POINT ( 'NONE',  ( 0.000000000000000000, 22.99999999999999645, 0.000000000000000000 ) ) ;
#632 = CARTESIAN_POINT ( 'NONE',  ( -1.479999999999999982, 20.89999999999999858, 0.8499999999999999778 ) ) ;
#633 = DIRECTION ( 'NONE',  ( -0.5142627263715392472, -0.000000000000000000, 0.8576327000907273401 ) ) ;
#634 = CARTESIAN_POINT ( 'NONE',  ( 1.830000000000000071, 21.69999999999999929, 0.8499999999999999778 ) ) ;
#635 = CARTESIAN_POINT ( 'NONE',  ( 0.000000000000000000, 18.50000000000000000, 0.000000000000000000 ) ) ;
#636 = VECTOR ( 'NONE', #8900, 1000.000000000000000 ) ;
#637 = EDGE_CURVE ( 'NONE', #714, #9008, #8229, .T. ) ;
#638 = UNCERTAINTY_MEASURE_WITH_UNIT (LENGTH_MEASURE( 1.000000000000000082E-05 ), #6217, 'distance_accuracy_value', 'NONE');
#639 = ORIENTED_EDGE ( 'NONE', *, *, #8134, .T. ) ;
#640 = ORIENTED_EDGE ( 'NONE', *, *, #7854, .F. ) ;
#641 = CARTESIAN_POINT ( 'NONE',  ( 1.899999999999999911, 3.600000000000000089, 0.1000000000000000056 ) ) ;
#642 = ORIENTED_EDGE ( 'NONE', *, *, #2352, .T. ) ;
#643 = DIRECTION ( 'NONE',  ( 0.000000000000000000, 1.000000000000000000, 0.000000000000000000 ) ) ;
#644 = CARTESIAN_POINT ( 'NONE',  ( 3.399999999999999911, 0.000000000000000000, 0.000000000000000000 ) ) ;
#645 = CARTESIAN_POINT ( 'NONE',  ( 4.500000000000000000, -3.950515463917519732, -4.299999999999999822 ) ) ;
#646 = CARTESIAN_POINT ( 'NONE',  ( 2.500000000000000000, 0.4000000000000000222, 1.300000000000000044 ) ) ;
#647 = VECTOR ( 'NONE', #2076, 1000.000000000000000 ) ;
#648 = VERTEX_POINT ( 'NONE', #5368 ) ;
#649 = AXIS2_PLACEMENT_3D ( 'NONE', #3615, #169, #6568 ) ;
#650 = ORIENTED_EDGE ( 'NONE', *, *, #2132, .T. ) ;
#651 = APPLICATION_PROTOCOL_DEFINITION ( 'draft international standard', 'automotive_design', 1998, #762 ) ;
#652 = ORIENTED_EDGE ( 'NONE', *, *, #592, .F. ) ;
#653 = VERTEX_POINT ( 'NONE', #7450 ) ;
#654 = CIRCLE ( 'NONE', #8305, 0.4000000000000001887 ) ;
#655 = CARTESIAN_POINT ( 'NONE',  ( 3.600000000000000089, -5.950000000000000178, 5.000000000000000000 ) ) ;
#656 = DIRECTION ( 'NONE',  ( 0.000000000000000000, 0.000000000000000000, -1.000000000000000000 ) ) ;
#657 = ORIENTED_EDGE ( 'NONE', *, *, #2366, .T. ) ;
#658 = ADVANCED_FACE ( 'NONE', ( #3155 ), #3323, .T. ) ;
#659 = DIRECTION ( 'NONE',  ( 8.850629979473508477E-17, -1.000000000000000000, 0.000000000000000000 ) ) ;
#660 = VERTEX_POINT ( 'NONE', #392 ) ;
#661 = VECTOR ( 'NONE', #170, 1000.000000000000000 ) ;
#662 = DIRECTION ( 'NONE',  ( 0.000000000000000000, 0.000000000000000000, -1.000000000000000000 ) ) ;
#663 = DIRECTION ( 'NONE',  ( -1.000000000000000000, -1.849576096371464806E-46, -1.279449633548069972E-31 ) ) ;
#664 = DIRECTION ( 'NONE',  ( 0.000000000000000000, 0.000000000000000000, 1.000000000000000000 ) ) ;
#665 = DIRECTION ( 'NONE',  ( 0.000000000000000000, 1.000000000000000000, 0.000000000000000000 ) ) ;
#666 = DIRECTION ( 'NONE',  ( 0.000000000000000000, 0.000000000000000000, -1.000000000000000000 ) ) ;
#667 = EDGE_LOOP ( 'NONE', ( #4775, #5179, #7889, #520 ) ) ;
#668 = LINE ( 'NONE', #8458, #7380 ) ;
#669 = EDGE_CURVE ( 'NONE', #1241, #6940, #5093, .T. ) ;
#670 = DIRECTION ( 'NONE',  ( 0.000000000000000000, 0.000000000000000000, 1.000000000000000000 ) ) ;
#671 = EDGE_LOOP ( 'NONE', ( #7584, #3255, #4255, #1886 ) ) ;
#672 = EDGE_CURVE ( 'NONE', #2958, #4099, #2554, .T. ) ;
#673 = CARTESIAN_POINT ( 'NONE',  ( -4.899999999999999467, 1.349484536082480091, -0.5999999999999999778 ) ) ;
#674 = CARTESIAN_POINT ( 'NONE',  ( 1.000000000000000000, 4.426179070414210770, 4.299999999999999822 ) ) ;
#675 = CARTESIAN_POINT ( 'NONE',  ( -1.734723475976804925E-15, 0.4500000000000000111, 0.000000000000000000 ) ) ;
#676 = CARTESIAN_POINT ( 'NONE',  ( -1.734723475976804925E-15, 0.4500000000000000111, 4.299999999999999822 ) ) ;
#677 = FACE_OUTER_BOUND ( 'NONE', #8210, .T. ) ;
#678 = CARTESIAN_POINT ( 'NONE',  ( -4.899999999999999467, -3.950515463917519732, -5.299999999999999822 ) ) ;
#679 = VECTOR ( 'NONE', #7817, 1000.000000000000000 ) ;
#680 = VERTEX_POINT ( 'NONE', #8916 ) ;
#681 = EDGE_CURVE ( 'NONE', #2564, #5140, #2465, .T. ) ;
#682 = VERTEX_POINT ( 'NONE', #1894 ) ;
#683 = FACE_BOUND ( 'NONE', #6543, .T. ) ;
#684 = ORIENTED_EDGE ( 'NONE', *, *, #380, .F. ) ;
#685 = DIRECTION ( 'NONE',  ( 1.931541112668180039E-15, 0.000000000000000000, -1.000000000000000000 ) ) ;
#686 = AXIS2_PLACEMENT_3D ( 'NONE', #2178, #4993, #1262 ) ;
#687 = DIRECTION ( 'NONE',  ( 0.000000000000000000, 0.000000000000000000, -1.000000000000000000 ) ) ;
#688 = DIRECTION ( 'NONE',  ( 0.000000000000000000, 0.000000000000000000, 1.000000000000000000 ) ) ;
#689 = CARTESIAN_POINT ( 'NONE',  ( -3.100000000000000089, -0.5505154639175199316, 4.599999999999999645 ) ) ;
#690 = ORIENTED_EDGE ( 'NONE', *, *, #2726, .T. ) ;
#691 = DIRECTION ( 'NONE',  ( 1.000000000000000000, 0.000000000000000000, 0.000000000000000000 ) ) ;
#692 = ORIENTED_EDGE ( 'NONE', *, *, #4549, .F. ) ;
#693 = VECTOR ( 'NONE', #2000, 1000.000000000000000 ) ;
#694 = ORIENTED_EDGE ( 'NONE', *, *, #4343, .F. ) ;
#695 = CARTESIAN_POINT ( 'NONE',  ( 3.261177379365209905, 20.19999999999999929, -0.5047000102205829730 ) ) ;
#696 = PLANE ( 'NONE',  #1249 ) ;
#697 = ADVANCED_FACE ( 'NONE', ( #1129 ), #5971, .T. ) ;
#698 = DIRECTION ( 'NONE',  ( 0.000000000000000000, 0.000000000000000000, -1.000000000000000000 ) ) ;
#699 = VERTEX_POINT ( 'NONE', #6103 ) ;
#700 = DIRECTION ( 'NONE',  ( 0.000000000000000000, 0.000000000000000000, -1.000000000000000000 ) ) ;
#701 = VERTEX_POINT ( 'NONE', #8961 ) ;
#702 = VECTOR ( 'NONE', #7489, 1000.000000000000000 ) ;
#703 = EDGE_CURVE ( 'NONE', #3050, #2852, #1852, .T. ) ;
#704 = ORIENTED_EDGE ( 'NONE', *, *, #5679, .F. ) ;
#705 = ADVANCED_FACE ( 'NONE', ( #8181 ), #4708, .F. ) ;
#706 = CARTESIAN_POINT ( 'NONE',  ( -4.899999999999999467, 2.849484536082479647, -4.899999999999999467 ) ) ;
#707 = DIRECTION ( 'NONE',  ( -4.321696539984584912E-32, -1.734723475976809806E-16, 1.000000000000000000 ) ) ;
#708 = VECTOR ( 'NONE', #3875, 1000.000000000000000 ) ;
#709 = CARTESIAN_POINT ( 'NONE',  ( -1.899999999999999911, -4.200000000000000178, 0.000000000000000000 ) ) ;
#710 = CYLINDRICAL_SURFACE ( 'NONE', #388, 0.3500000000000000333 ) ;
#711 = ORIENTED_EDGE ( 'NONE', *, *, #7473, .F. ) ;
#712 = CARTESIAN_POINT ( 'NONE',  ( -1.750000000000000000, -5.549999999999999822, 1.300000000000000044 ) ) ;
#713 = DIRECTION ( 'NONE',  ( 0.000000000000000000, 0.000000000000000000, -1.000000000000000000 ) ) ;
#714 = VERTEX_POINT ( 'NONE', #5452 ) ;
#715 = ADVANCED_FACE ( 'NONE', ( #3285 ), #4665, .T. ) ;
#716 = CARTESIAN_POINT ( 'NONE',  ( 0.7500000000000000000, -5.549999999999999822, 1.000000000000000000 ) ) ;
#717 = CARTESIAN_POINT ( 'NONE',  ( -1.370205227633554346, 18.89999999999999858, 3.152688697009875529 ) ) ;
#718 = PLANE ( 'NONE',  #7823 ) ;
#719 = CARTESIAN_POINT ( 'NONE',  ( 2.500000000000000000, -6.400000000000000355, -1.350000000000000089 ) ) ;
#720 = CARTESIAN_POINT ( 'NONE',  ( -4.899999999999999467, 4.049484536082480268, -4.899999999999999467 ) ) ;
#721 = EDGE_LOOP ( 'NONE', ( #4120, #3379, #6395, #4935 ) ) ;
#722 = LINE ( 'NONE', #8376, #5307 ) ;
#723 = ADVANCED_FACE ( 'NONE', ( #8824 ), #5281, .T. ) ;
#724 = DIRECTION ( 'NONE',  ( -1.000000000000000000, 3.614007241618345319E-16, 7.836629005481910297E-31 ) ) ;
#725 = UNCERTAINTY_MEASURE_WITH_UNIT (LENGTH_MEASURE( 1.000000000000000082E-05 ), #5502, 'distance_accuracy_value', 'NONE');
#726 = VERTEX_POINT ( 'NONE', #6835 ) ;
#727 = EDGE_CURVE ( 'NONE', #7208, #2486, #1766, .T. ) ;
#728 = LINE ( 'NONE', #4349, #36 ) ;
#729 = ORIENTED_EDGE ( 'NONE', *, *, #8448, .T. ) ;
#730 = DIRECTION ( 'NONE',  ( 1.000000000000000000, 0.000000000000000000, 0.000000000000000000 ) ) ;
#731 = ORIENTED_EDGE ( 'NONE', *, *, #6899, .F. ) ;
#732 = DIRECTION ( 'NONE',  ( 1.000000000000000000, -0.000000000000000000, -0.000000000000000000 ) ) ;
#733 = DIRECTION ( 'NONE',  ( 0.000000000000000000, 0.000000000000000000, 1.000000000000000000 ) ) ;
#734 = DIRECTION ( 'NONE',  ( -1.000000000000000000, 0.000000000000000000, 0.000000000000000000 ) ) ;
#735 = EDGE_CURVE ( 'NONE', #1185, #878, #7406, .T. ) ;
#736 = DIRECTION ( 'NONE',  ( -0.4226182617407018838, 0.000000000000000000, 0.9063077870366488265 ) ) ;
#737 = ORIENTED_EDGE ( 'NONE', *, *, #276, .F. ) ;
#738 = ORIENTED_EDGE ( 'NONE', *, *, #8497, .T. ) ;
#739 = VECTOR ( 'NONE', #6547, 1000.000000000000000 ) ;
#740 = AXIS2_PLACEMENT_3D ( 'NONE', #2954, #5773, #7109 ) ;
#741 =( NAMED_UNIT ( * ) PLANE_ANGLE_UNIT ( ) SI_UNIT ( $, .RADIAN. ) );
#742 = VERTEX_POINT ( 'NONE', #4622 ) ;
#743 = ORIENTED_EDGE ( 'NONE', *, *, #2993, .F. ) ;
#744 = PLANE ( 'NONE',  #3406 ) ;
#745 = VECTOR ( 'NONE', #746, 1000.000000000000114 ) ;
#746 = DIRECTION ( 'NONE',  ( -0.4226182617407076014, 0.000000000000000000, -0.9063077870366461619 ) ) ;
#747 = ORIENTED_EDGE ( 'NONE', *, *, #882, .T. ) ;
#748 = CYLINDRICAL_SURFACE ( 'NONE', #6756, 0.6500000000000000222 ) ;
#749 = ORIENTED_EDGE ( 'NONE', *, *, #6175, .F. ) ;
#750 = AXIS2_PLACEMENT_3D ( 'NONE', #4631, #3939, #1094 ) ;
#751 = ORIENTED_EDGE ( 'NONE', *, *, #1558, .F. ) ;
#752 = DIRECTION ( 'NONE',  ( 0.000000000000000000, 1.000000000000000000, 0.000000000000000000 ) ) ;
#753 = MECHANICAL_DESIGN_GEOMETRIC_PRESENTATION_REPRESENTATION (  '', ( #6194 ), #175 ) ;
#754 = CARTESIAN_POINT ( 'NONE',  ( 2.600000000000000089, -3.950515463917519732, -4.899999999999999467 ) ) ;
#755 = VECTOR ( 'NONE', #6203, 1000.000000000000000 ) ;
#756 = EDGE_CURVE ( 'NONE', #294, #2984, #534, .T. ) ;
#757 = AXIS2_PLACEMENT_3D ( 'NONE', #7278, #959, #5882 ) ;
#758 = CYLINDRICAL_SURFACE ( 'NONE', #5645, 0.6750000000000002665 ) ;
#759 = CARTESIAN_POINT ( 'NONE',  ( 4.500000000000000000, -5.950515463917519732, 0.4000000000000000222 ) ) ;
#760 = ORIENTED_EDGE ( 'NONE', *, *, #6573, .F. ) ;
#761 = DIRECTION ( 'NONE',  ( 0.000000000000000000, 0.000000000000000000, 1.000000000000000000 ) ) ;
#762 = APPLICATION_CONTEXT ( 'automotive_design' ) ;
#763 = CARTESIAN_POINT ( 'NONE',  ( -3.399999999999999911, 0.9499999999999999556, 0.000000000000000000 ) ) ;
#764 = ORIENTED_EDGE ( 'NONE', *, *, #1405, .T. ) ;
#765 = VECTOR ( 'NONE', #835, 1000.000000000000114 ) ;
#766 = CARTESIAN_POINT ( 'NONE',  ( -4.500000000000000000, -3.550515463917519821, -5.899999999999999467 ) ) ;
#767 = CARTESIAN_POINT ( 'NONE',  ( -1.479999999999999982, 21.69999999999999929, 0.8499999999999999778 ) ) ;
#768 = DIRECTION ( 'NONE',  ( 1.000000000000000000, 0.000000000000000000, 0.000000000000000000 ) ) ;
#769 = DIRECTION ( 'NONE',  ( 0.000000000000000000, 0.000000000000000000, 1.000000000000000000 ) ) ;
#770 = VECTOR ( 'NONE', #5568, 1000.000000000000000 ) ;
#771 = CARTESIAN_POINT ( 'NONE',  ( -4.488138397514200406, -0.5505154639175210418, -10.00999999999999979 ) ) ;
#772 = CARTESIAN_POINT ( 'NONE',  ( -4.500000000000000000, 2.849484536082479647, -4.299999999999999822 ) ) ;
#773 = EDGE_CURVE ( 'NONE', #3013, #653, #3331, .T. ) ;
#774 = AXIS2_PLACEMENT_3D ( 'NONE', #1848, #1940, #6182 ) ;
#775 = ORIENTED_EDGE ( 'NONE', *, *, #5987, .F. ) ;
#776 = EDGE_CURVE ( 'NONE', #2890, #594, #6420, .T. ) ;
#777 = DIRECTION ( 'NONE',  ( 1.000000000000000000, 0.000000000000000000, 1.931541112668180039E-15 ) ) ;
#778 = ORIENTED_EDGE ( 'NONE', *, *, #7573, .F. ) ;
#779 = CARTESIAN_POINT ( 'NONE',  ( 0.000000000000000000, 18.89999999999999858, 0.000000000000000000 ) ) ;
#780 = EDGE_LOOP ( 'NONE', ( #154, #3609, #4478, #2630 ) ) ;
#781 = CARTESIAN_POINT ( 'NONE',  ( -4.899999999999999467, 0.4494845360824790137, -7.400000000000000355 ) ) ;
#782 = VECTOR ( 'NONE', #5868, 1000.000000000000000 ) ;
#783 = CARTESIAN_POINT ( 'NONE',  ( -0.9762697651501759388, 20.89999999999999858, 3.152284464583364976 ) ) ;
#784 = DIRECTION ( 'NONE',  ( 1.000000000000000000, 0.000000000000000000, 0.000000000000000000 ) ) ;
#785 = DIRECTION ( 'NONE',  ( 0.000000000000000000, -1.000000000000000000, 0.000000000000000000 ) ) ;
#786 = CARTESIAN_POINT ( 'NONE',  ( 2.899999999999999911, -6.700000000000000178, -5.750000000000000000 ) ) ;
#787 = ORIENTED_EDGE ( 'NONE', *, *, #5372, .F. ) ;
#788 = ADVANCED_FACE ( 'NONE', ( #5499 ), #6922, .F. ) ;
#789 = SHAPE_DEFINITION_REPRESENTATION ( #8487, #4407 ) ;
#790 = EDGE_CURVE ( 'NONE', #7041, #2593, #4109, .T. ) ;
#791 = ORIENTED_EDGE ( 'NONE', *, *, #3796, .T. ) ;
#792 = EDGE_LOOP ( 'NONE', ( #7736, #8190, #6776, #4826, #6131, #843, #1481 ) ) ;
#793 = CIRCLE ( 'NONE', #3135, 0.9000000000000000222 ) ;
#794 = CARTESIAN_POINT ( 'NONE',  ( 0.4000000000000000222, -6.700000000000000178, -5.750000000000000000 ) ) ;
#795 = DIRECTION ( 'NONE',  ( 0.000000000000000000, 0.000000000000000000, -1.000000000000000000 ) ) ;
#796 = AXIS2_PLACEMENT_3D ( 'NONE', #6728, #4007, #6865 ) ;
#797 = AXIS2_PLACEMENT_3D ( 'NONE', #2046, #2790, #2701 ) ;
#798 = VERTEX_POINT ( 'NONE', #3472 ) ;
#799 = CARTESIAN_POINT ( 'NONE',  ( -2.324999999999999734, 3.649484536082480357, -1.600000000000000089 ) ) ;
#800 = ORIENTED_EDGE ( 'NONE', *, *, #2764, .F. ) ;
#801 = VECTOR ( 'NONE', #326, 1000.000000000000000 ) ;
#802 = EDGE_CURVE ( 'NONE', #3204, #1759, #7758, .T. ) ;
#803 = VERTEX_POINT ( 'NONE', #6876 ) ;
#804 = PLANE ( 'NONE',  #2982 ) ;
#805 = DIRECTION ( 'NONE',  ( 1.000000000000000000, 0.000000000000000000, 0.000000000000000000 ) ) ;
#806 = DIRECTION ( 'NONE',  ( 1.000000000000000000, 0.000000000000000000, 0.000000000000000000 ) ) ;
#807 = CARTESIAN_POINT ( 'NONE',  ( -4.899999999999999467, 2.449484536082480179, -4.299999999999999822 ) ) ;
#808 = ORIENTED_EDGE ( 'NONE', *, *, #8624, .T. ) ;
#809 = PLANE ( 'NONE',  #7085 ) ;
#810 = DIRECTION ( 'NONE',  ( -1.000000000000000000, -0.000000000000000000, -0.000000000000000000 ) ) ;
#811 = ORIENTED_EDGE ( 'NONE', *, *, #2333, .F. ) ;
#812 = EDGE_CURVE ( 'NONE', #2276, #8897, #8781, .T. ) ;
#813 = DIRECTION ( 'NONE',  ( -1.232047923278981706E-16, 0.000000000000000000, 1.000000000000000000 ) ) ;
#814 = CYLINDRICAL_SURFACE ( 'NONE', #8503, 0.6500000000000000222 ) ;
#815 = DIRECTION ( 'NONE',  ( 1.000000000000000000, 0.000000000000000000, 0.000000000000000000 ) ) ;
#816 = DIRECTION ( 'NONE',  ( 0.000000000000000000, 0.000000000000000000, -1.000000000000000000 ) ) ;
#817 = ORIENTED_EDGE ( 'NONE', *, *, #8448, .F. ) ;
#818 = CARTESIAN_POINT ( 'NONE',  ( 4.899999999999999467, 4.349484536082480091, -4.299999999999999822 ) ) ;
#819 = LINE ( 'NONE', #128, #7724 ) ;
#820 = ADVANCED_FACE ( 'NONE', ( #1351 ), #623, .F. ) ;
#821 = CARTESIAN_POINT ( 'NONE',  ( 5.259901047426960297, 0.4494845360824790137, -9.291887738487540460 ) ) ;
#822 = VERTEX_POINT ( 'NONE', #66 ) ;
#823 = CARTESIAN_POINT ( 'NONE',  ( 1.090871211463566137, -0.05000000000000070360, 0.5000000000000000000 ) ) ;
#824 = ORIENTED_EDGE ( 'NONE', *, *, #3457, .F. ) ;
#825 = FACE_OUTER_BOUND ( 'NONE', #1371, .T. ) ;
#826 = ADVANCED_FACE ( 'NONE', ( #4805 ), #8321, .T. ) ;
#827 = CARTESIAN_POINT ( 'NONE',  ( -2.600000000000000089, -3.950515463917519732, -4.899999999999999467 ) ) ;
#828 = PLANE ( 'NONE',  #7454 ) ;
#829 = LINE ( 'NONE', #270, #591 ) ;
#830 = CARTESIAN_POINT ( 'NONE',  ( -4.899999999999999467, -5.150515463917519909, -4.299999999999999822 ) ) ;
#831 = VERTEX_POINT ( 'NONE', #8456 ) ;
#832 = VECTOR ( 'NONE', #7018, 1000.000000000000000 ) ;
#833 = ORIENTED_EDGE ( 'NONE', *, *, #1407, .F. ) ;
#834 = ORIENTED_EDGE ( 'NONE', *, *, #1744, .F. ) ;
#835 = DIRECTION ( 'NONE',  ( -0.4067366430758007634, -0.000000000000000000, 0.9135454576426006446 ) ) ;
#836 = EDGE_CURVE ( 'NONE', #4083, #7064, #5544, .T. ) ;
#837 = LINE ( 'NONE', #5079, #8735 ) ;
#838 = DIRECTION ( 'NONE',  ( 1.000000000000000000, 0.000000000000000000, 8.346192215206439610E-17 ) ) ;
#839 = ORIENTED_EDGE ( 'NONE', *, *, #7249, .T. ) ;
#840 = ADVANCED_FACE ( 'NONE', ( #1992 ), #7629, .F. ) ;
#841 = DIRECTION ( 'NONE',  ( 0.8778780114862309025, -2.187047340575289630E-16, 0.4788843252278999207 ) ) ;
#842 = ORIENTED_EDGE ( 'NONE', *, *, #1928, .T. ) ;
#843 = ORIENTED_EDGE ( 'NONE', *, *, #7730, .T. ) ;
#844 = CARTESIAN_POINT ( 'NONE',  ( 4.899999999999999467, 4.349484536082480091, 0.000000000000000000 ) ) ;
#845 = DIRECTION ( 'NONE',  ( 1.606225440719264641E-16, 1.000000000000000000, -1.018148511238953935E-16 ) ) ;
#846 = FACE_OUTER_BOUND ( 'NONE', #8292, .T. ) ;
#847 = DIRECTION ( 'NONE',  ( 1.000000000000000000, 0.000000000000000000, 0.000000000000000000 ) ) ;
#848 = ORIENTED_EDGE ( 'NONE', *, *, #7035, .T. ) ;
#849 = CARTESIAN_POINT ( 'NONE',  ( -3.000000000000000000, 4.649999999999999467, 5.000000000000000000 ) ) ;
#850 = VECTOR ( 'NONE', #3558, 1000.000000000000000 ) ;
#851 = EDGE_CURVE ( 'NONE', #6688, #9057, #7901, .T. ) ;
#852 = FILL_AREA_STYLE ('',( #117 ) ) ;
#853 = EDGE_LOOP ( 'NONE', ( #8217, #1352, #1949, #936 ) ) ;
#854 = VECTOR ( 'NONE', #1211, 1000.000000000000000 ) ;
#855 = CARTESIAN_POINT ( 'NONE',  ( -1.090871211463572132, 0.9499999999999999556, 0.000000000000000000 ) ) ;
#856 = DIRECTION ( 'NONE',  ( -1.931541112668180039E-15, 1.551245237481414839E-31, 1.000000000000000000 ) ) ;
#857 = LINE ( 'NONE', #7958, #3733 ) ;
#858 = CARTESIAN_POINT ( 'NONE',  ( -4.500000000000000000, 4.049484536082480268, -4.299999999999999822 ) ) ;
#859 = CARTESIAN_POINT ( 'NONE',  ( 4.911598099521950367, -1.550515463917524928, -9.101887738487539181 ) ) ;
#860 = ORIENTED_EDGE ( 'NONE', *, *, #1033, .T. ) ;
#861 = DIRECTION ( 'NONE',  ( 1.000000000000000000, -2.168404344971010446E-15, 0.000000000000000000 ) ) ;
#862 = DIRECTION ( 'NONE',  ( 0.000000000000000000, 0.000000000000000000, -1.000000000000000000 ) ) ;
#863 = AXIS2_PLACEMENT_3D ( 'NONE', #3805, #8793, #5289 ) ;
#864 = CIRCLE ( 'NONE', #4829, 1.199999999999999956 ) ;
#865 = DIRECTION ( 'NONE',  ( -1.931541112668180039E-15, 0.000000000000000000, 1.000000000000000000 ) ) ;
#866 = ORIENTED_EDGE ( 'NONE', *, *, #7666, .F. ) ;
#867 = CARTESIAN_POINT ( 'NONE',  ( 3.399999999999999911, 0.9499999999999999556, 0.5000000000000000000 ) ) ;
#868 = ORIENTED_EDGE ( 'NONE', *, *, #4979, .T. ) ;
#869 = LINE ( 'NONE', #6486, #2920 ) ;
#870 = DIRECTION ( 'NONE',  ( -1.000000000000000000, 0.000000000000000000, -0.000000000000000000 ) ) ;
#871 = DIRECTION ( 'NONE',  ( 1.000000000000000000, 8.850629979473508477E-17, 0.000000000000000000 ) ) ;
#872 = PLANE ( 'NONE',  #7223 ) ;
#873 = CARTESIAN_POINT ( 'NONE',  ( 4.100000000000000533, 0.4500000000000000111, 2.500000000000000000 ) ) ;
#874 = EDGE_CURVE ( 'NONE', #6937, #3188, #4067, .T. ) ;
#875 = ORIENTED_EDGE ( 'NONE', *, *, #6951, .T. ) ;
#876 = APPLICATION_PROTOCOL_DEFINITION ( 'draft international standard', 'automotive_design', 1998, #2513 ) ;
#877 = EDGE_LOOP ( 'NONE', ( #1140, #2816, #3132, #3502 ) ) ;
#878 = VERTEX_POINT ( 'NONE', #4900 ) ;
#879 = FACE_OUTER_BOUND ( 'NONE', #5809, .T. ) ;
#880 = LINE ( 'NONE', #6266, #1031 ) ;
#881 = CARTESIAN_POINT ( 'NONE',  ( 4.500000000000000000, -5.950515463917519732, 8.673617379884040205E-15 ) ) ;
#882 = EDGE_CURVE ( 'NONE', #1069, #6805, #7675, .T. ) ;
#883 = ORIENTED_EDGE ( 'NONE', *, *, #539, .T. ) ;
#884 = LINE ( 'NONE', #5036, #2404 ) ;
#885 = ORIENTED_EDGE ( 'NONE', *, *, #6425, .F. ) ;
#886 = DIRECTION ( 'NONE',  ( 0.000000000000000000, 1.000000000000000000, 0.000000000000000000 ) ) ;
#887 = EDGE_LOOP ( 'NONE', ( #6224, #3876, #4634, #6057 ) ) ;
#888 = EDGE_CURVE ( 'NONE', #4269, #3185, #6974, .T. ) ;
#889 = AXIS2_PLACEMENT_3D ( 'NONE', #6444, #7331, #922 ) ;
#890 = ORIENTED_EDGE ( 'NONE', *, *, #5618, .F. ) ;
#891 = CYLINDRICAL_SURFACE ( 'NONE', #489, 0.6750000000000002665 ) ;
#892 = ADVANCED_FACE ( 'NONE', ( #4199 ), #710, .T. ) ;
#893 = LINE ( 'NONE', #5228, #4661 ) ;
#894 = CARTESIAN_POINT ( 'NONE',  ( -0.2999999999999943268, 21.69999999999999929, 0.000000000000000000 ) ) ;
#895 = FACE_OUTER_BOUND ( 'NONE', #3174, .T. ) ;
#896 = ORIENTED_EDGE ( 'NONE', *, *, #1923, .F. ) ;
#897 = LINE ( 'NONE', #6467, #13 ) ;
#898 = CARTESIAN_POINT ( 'NONE',  ( -5.259901047426939869, -1.550515463917520043, -9.291887738487540460 ) ) ;
#899 = ORIENTED_EDGE ( 'NONE', *, *, #2782, .F. ) ;
#900 = VECTOR ( 'NONE', #5059, 1000.000000000000000 ) ;
#901 = EDGE_CURVE ( 'NONE', #7908, #4701, #2829, .T. ) ;
#902 = COLOUR_RGB ( '',0.7921568627450980005, 0.8196078431372548767, 0.9333333333333333481 ) ;
#903 = VECTOR ( 'NONE', #7327, 1000.000000000000000 ) ;
#904 = DIRECTION ( 'NONE',  ( 0.000000000000000000, 0.000000000000000000, 1.000000000000000000 ) ) ;
#905 = ADVANCED_FACE ( 'NONE', ( #8500 ), #6373, .F. ) ;
#906 = AXIS2_PLACEMENT_3D ( 'NONE', #5546, #1994, #6191 ) ;
#907 = DIRECTION ( 'NONE',  ( 0.000000000000000000, 0.000000000000000000, 1.000000000000000000 ) ) ;
#908 = LINE ( 'NONE', #3706, #3872 ) ;
#909 = FACE_OUTER_BOUND ( 'NONE', #3508, .T. ) ;
#910 = CARTESIAN_POINT ( 'NONE',  ( 4.064678695506495743, 0.4494845360824760716, -10.91811226151246217 ) ) ;
#911 = VERTEX_POINT ( 'NONE', #7311 ) ;
#912 = LINE ( 'NONE', #5148, #4253 ) ;
#913 = CARTESIAN_POINT ( 'NONE',  ( -5.538016780164189967, 0.4494845360824795133, -8.133954347177787980 ) ) ;
#914 = VECTOR ( 'NONE', #1293, 1000.000000000000000 ) ;
#915 = LINE ( 'NONE', #8564, #5027 ) ;
#916 = ORIENTED_EDGE ( 'NONE', *, *, #4920, .F. ) ;
#917 = AXIS2_PLACEMENT_3D ( 'NONE', #5626, #8350, #4272 ) ;
#918 = LINE ( 'NONE', #226, #8810 ) ;
#919 = ORIENTED_EDGE ( 'NONE', *, *, #1422, .F. ) ;
#920 = CYLINDRICAL_SURFACE ( 'NONE', #4977, 1.200000000000029710 ) ;
#921 = FACE_OUTER_BOUND ( 'NONE', #8679, .T. ) ;
#922 = DIRECTION ( 'NONE',  ( -1.000000000000000000, 2.710505431213759606E-16, 0.000000000000000000 ) ) ;
#923 = DIRECTION ( 'NONE',  ( 0.000000000000000000, 0.000000000000000000, -1.000000000000000000 ) ) ;
#924 = EDGE_CURVE ( 'NONE', #9064, #6036, #4346, .T. ) ;
#925 = EDGE_LOOP ( 'NONE', ( #694, #883, #38, #190 ) ) ;
#926 = PRODUCT_CONTEXT ( 'NONE', #762, 'mechanical' ) ;
#927 = ORIENTED_EDGE ( 'NONE', *, *, #8099, .F. ) ;
#928 = VECTOR ( 'NONE', #1671, 1000.000000000000000 ) ;
#929 = ORIENTED_EDGE ( 'NONE', *, *, #3567, .T. ) ;
#930 = ORIENTED_EDGE ( 'NONE', *, *, #416, .T. ) ;
#931 = DIRECTION ( 'NONE',  ( -1.000000000000000000, 0.000000000000000000, 0.000000000000000000 ) ) ;
#932 = CARTESIAN_POINT ( 'NONE',  ( 0.5000000000000000000, -0.6408712114635679580, 0.000000000000000000 ) ) ;
#933 = CARTESIAN_POINT ( 'NONE',  ( -3.399999999999999911, 2.949999999999999734, 0.5000000000000000000 ) ) ;
#934 = EDGE_LOOP ( 'NONE', ( #2669, #3516, #7830, #3643, #4182 ) ) ;
#935 = LINE ( 'NONE', #1567, #2937 ) ;
#936 = ORIENTED_EDGE ( 'NONE', *, *, #8601, .F. ) ;
#937 = LINE ( 'NONE', #1150, #8586 ) ;
#938 = AXIS2_PLACEMENT_3D ( 'NONE', #7815, #6475, #5791 ) ;
#939 = ORIENTED_EDGE ( 'NONE', *, *, #5708, .T. ) ;
#940 = LINE ( 'NONE', #5227, #9013 ) ;
#941 = CARTESIAN_POINT ( 'NONE',  ( -1.899999999999999911, 3.600000000000000089, 0.000000000000000000 ) ) ;
#942 = EDGE_CURVE ( 'NONE', #6600, #1423, #5828, .T. ) ;
#943 = CARTESIAN_POINT ( 'NONE',  ( -1.369999999999999885, 18.50000000000000000, 3.352688591713895327 ) ) ;
#944 = PLANE ( 'NONE',  #1268 ) ;
#945 = EDGE_LOOP ( 'NONE', ( #3919, #6181, #372, #428 ) ) ;
#946 = DIRECTION ( 'NONE',  ( -0.7071067811865474617, -0.7071067811865476838, -0.000000000000000000 ) ) ;
#947 = VERTEX_POINT ( 'NONE', #7264 ) ;
#948 = VECTOR ( 'NONE', #1388, 1000.000000000000000 ) ;
#949 = VECTOR ( 'NONE', #1850, 1000.000000000000000 ) ;
#950 = VECTOR ( 'NONE', #4496, 1000.000000000000000 ) ;
#951 = DIRECTION ( 'NONE',  ( -1.495451272393800035E-16, -1.000000000000000000, 0.000000000000000000 ) ) ;
#952 = CYLINDRICAL_SURFACE ( 'NONE', #4809, 0.4000000000000001887 ) ;
#953 = EDGE_CURVE ( 'NONE', #8626, #7989, #7904, .T. ) ;
#954 = LINE ( 'NONE', #4339, #4751 ) ;
#955 = VECTOR ( 'NONE', #353, 1000.000000000000000 ) ;
#956 = DIRECTION ( 'NONE',  ( 0.000000000000000000, 0.000000000000000000, 1.000000000000000000 ) ) ;
#957 = LINE ( 'NONE', #5057, #2442 ) ;
#958 = ORIENTED_EDGE ( 'NONE', *, *, #8316, .T. ) ;
#959 = DIRECTION ( 'NONE',  ( 0.000000000000000000, 1.000000000000000000, 0.000000000000000000 ) ) ;
#960 = DIRECTION ( 'NONE',  ( 1.000000000000000000, 0.000000000000000000, 0.000000000000000000 ) ) ;
#961 = EDGE_CURVE ( 'NONE', #7384, #7296, #3012, .T. ) ;
#962 = VECTOR ( 'NONE', #4441, 1000.000000000000000 ) ;
#963 = CARTESIAN_POINT ( 'NONE',  ( 0.6700000000000000400, 21.69999999999999929, -0.5999999999999999778 ) ) ;
#964 = DIRECTION ( 'NONE',  ( -1.000000000000000000, 0.000000000000000000, 0.000000000000000000 ) ) ;
#965 =( BOUNDED_CURVE ( )  B_SPLINE_CURVE ( 3, ( #5563, #8811, #9070, #377 ),
 .UNSPECIFIED., .F., .F. ) 
 B_SPLINE_CURVE_WITH_KNOTS ( ( 4, 4 ),
 ( 3.141592653589795336, 4.712388980384689674 ),
 .UNSPECIFIED. ) 
 CURVE ( )  GEOMETRIC_REPRESENTATION_ITEM ( )  RATIONAL_B_SPLINE_CURVE ( ( 1.000000000000000000, 0.8047378541243649375, 0.8047378541243649375, 1.000000000000000000 ) ) 
 REPRESENTATION_ITEM ( '' )  );
#966 = DIRECTION ( 'NONE',  ( 0.000000000000000000, 0.000000000000000000, -1.000000000000000000 ) ) ;
#967 = CARTESIAN_POINT ( 'NONE',  ( 4.500000000000000000, 4.349484536082480091, 0.000000000000000000 ) ) ;
#968 = CARTESIAN_POINT ( 'NONE',  ( 4.899999999999999467, -3.550515463917519821, -4.299999999999999822 ) ) ;
#969 = CARTESIAN_POINT ( 'NONE',  ( -3.000000000000000000, -4.750515463917520442, 0.000000000000000000 ) ) ;
#970 = ORIENTED_EDGE ( 'NONE', *, *, #8974, .T. ) ;
#971 = ADVANCED_FACE ( 'NONE', ( #6422 ), #7118, .F. ) ;
#972 = SHAPE_DEFINITION_REPRESENTATION ( #7598, #1981 ) ;
#973 = EDGE_LOOP ( 'NONE', ( #4483, #3143, #3145, #3456 ) ) ;
#974 = ORIENTED_EDGE ( 'NONE', *, *, #8809, .F. ) ;
#975 = ORIENTED_EDGE ( 'NONE', *, *, #1376, .T. ) ;
#976 = CARTESIAN_POINT ( 'NONE',  ( 4.500000000000000000, -3.540251991789405240E-17, -4.299999999999999822 ) ) ;
#977 = LINE ( 'NONE', #2348, #8829 ) ;
#978 = LINE ( 'NONE', #8583, #7722 ) ;
#979 = ORIENTED_EDGE ( 'NONE', *, *, #2042, .F. ) ;
#980 = ORIENTED_EDGE ( 'NONE', *, *, #6061, .T. ) ;
#981 = CARTESIAN_POINT ( 'NONE',  ( 4.500000000000000000, 1.449484536082480179, -5.899999999999999467 ) ) ;
#982 = AXIS2_PLACEMENT_3D ( 'NONE', #4166, #3483, #6292 ) ;
#983 = EDGE_CURVE ( 'NONE', #2564, #4083, #7803, .T. ) ;
#984 = EDGE_LOOP ( 'NONE', ( #8322, #2591, #6733, #2307, #2995, #1251, #5410 ) ) ;
#985 = PLANE ( 'NONE',  #5044 ) ;
#986 = PLANE ( 'NONE',  #4523 ) ;
#987 = DIRECTION ( 'NONE',  ( 1.000000000000000000, 0.000000000000000000, 0.000000000000000000 ) ) ;
#988 = VERTEX_POINT ( 'NONE', #5089 ) ;
#989 = DIRECTION ( 'NONE',  ( -1.000000000000000000, 0.000000000000000000, 0.000000000000000000 ) ) ;
#990 = DIRECTION ( 'NONE',  ( -1.000000000000000000, 0.000000000000000000, -8.346192215206439610E-17 ) ) ;
#991 = EDGE_CURVE ( 'NONE', #3175, #8899, #3746, .T. ) ;
#992 = VERTEX_POINT ( 'NONE', #807 ) ;
#993 = ADVANCED_FACE ( 'NONE', ( #5136 ), #944, .F. ) ;
#994 = LINE ( 'NONE', #7272, #1654 ) ;
#995 = VECTOR ( 'NONE', #7075, 1000.000000000000000 ) ;
#996 = DIRECTION ( 'NONE',  ( 1.000000000000000000, 8.850629979473508477E-17, 6.397248167740349861E-32 ) ) ;
#997 = DIRECTION ( 'NONE',  ( 1.000000000000000000, 0.000000000000000000, 0.000000000000000000 ) ) ;
#998 = DIRECTION ( 'NONE',  ( 0.000000000000000000, 0.000000000000000000, -1.000000000000000000 ) ) ;
#999 = VERTEX_POINT ( 'NONE', #113 ) ;
#1000 = DIRECTION ( 'NONE',  ( -0.000000000000000000, -0.000000000000000000, -1.000000000000000000 ) ) ;
#1001 = CARTESIAN_POINT ( 'NONE',  ( 0.5000000000000000000, 2.949999999999999734, 0.5000000000000000000 ) ) ;
#1002 = VECTOR ( 'NONE', #1165, 1000.000000000000000 ) ;
#1003 = EDGE_CURVE ( 'NONE', #3188, #6694, #7951, .T. ) ;
#1004 = FACE_OUTER_BOUND ( 'NONE', #925, .T. ) ;
#1005 = DIRECTION ( 'NONE',  ( 0.4226182617407018838, 0.000000000000000000, -0.9063077870366488265 ) ) ;
#1006 = ADVANCED_FACE ( 'NONE', ( #7998 ), #3057, .T. ) ;
#1007 = ORIENTED_EDGE ( 'NONE', *, *, #3311, .F. ) ;
#1008 = DIRECTION ( 'NONE',  ( -0.9135454576426006446, 0.000000000000000000, -0.4067366430758008189 ) ) ;
#1009 = VECTOR ( 'NONE', #6041, 1000.000000000000000 ) ;
#1010 = CARTESIAN_POINT ( 'NONE',  ( -2.598076211353316456, -6.000000000000005329, 1.499999999999999334 ) ) ;
#1011 = ORIENTED_EDGE ( 'NONE', *, *, #111, .T. ) ;
#1012 = CIRCLE ( 'NONE', #7199, 0.4000000000000001887 ) ;
#1013 = EDGE_CURVE ( 'NONE', #6940, #140, #8544, .T. ) ;
#1014 = ORIENTED_EDGE ( 'NONE', *, *, #3730, .T. ) ;
#1015 = VERTEX_POINT ( 'NONE', #5184 ) ;
#1016 = DIRECTION ( 'NONE',  ( -8.850629979473508477E-17, -1.000000000000000000, 0.000000000000000000 ) ) ;
#1017 = ADVANCED_FACE ( 'NONE', ( #6558 ), #1673, .T. ) ;
#1018 = CARTESIAN_POINT ( 'NONE',  ( 1.565936075841833919, 20.19999999999999929, -3.517150011924013775 ) ) ;
#1019 = DIRECTION ( 'NONE',  ( -1.000000000000000000, 0.000000000000000000, 0.000000000000000000 ) ) ;
#1020 = ORIENTED_EDGE ( 'NONE', *, *, #5095, .T. ) ;
#1021 = EDGE_LOOP ( 'NONE', ( #690, #5170, #4432, #4884, #2506 ) ) ;
#1022 = DIRECTION ( 'NONE',  ( 0.000000000000000000, 0.000000000000000000, -1.000000000000000000 ) ) ;
#1023 = ORIENTED_EDGE ( 'NONE', *, *, #4573, .F. ) ;
#1024 = DIRECTION ( 'NONE',  ( 0.4226182617407095443, 0.000000000000000000, -0.9063077870366452737 ) ) ;
#1025 = VECTOR ( 'NONE', #241, 1000.000000000000000 ) ;
#1026 = FACE_BOUND ( 'NONE', #3552, .T. ) ;
#1027 = VERTEX_POINT ( 'NONE', #2964 ) ;
#1028 = FACE_OUTER_BOUND ( 'NONE', #1709, .T. ) ;
#1029 = EDGE_LOOP ( 'NONE', ( #8535, #860, #3138, #5394, #368 ) ) ;
#1030 = ADVANCED_FACE ( 'NONE', ( #8731 ), #5781, .F. ) ;
#1031 = VECTOR ( 'NONE', #795, 1000.000000000000000 ) ;
#1032 = FACE_OUTER_BOUND ( 'NONE', #4239, .T. ) ;
#1033 = EDGE_CURVE ( 'NONE', #9111, #4269, #2275, .T. ) ;
#1034 = DIRECTION ( 'NONE',  ( -0.000000000000000000, -1.000000000000000000, -0.000000000000000000 ) ) ;
#1035 = CARTESIAN_POINT ( 'NONE',  ( 0.4500000000000000111, -3.020950878361714942, 1.800000000000000044 ) ) ;
#1036 = VECTOR ( 'NONE', #5197, 1000.000000000000000 ) ;
#1037 = LINE ( 'NONE', #3797, #2131 ) ;
#1038 = PLANE ( 'NONE',  #3035 ) ;
#1039 = ORIENTED_EDGE ( 'NONE', *, *, #836, .F. ) ;
#1040 = DIRECTION ( 'NONE',  ( 0.000000000000000000, 1.000000000000000000, 3.559366888705205049E-31 ) ) ;
#1041 = PLANE ( 'NONE',  #2719 ) ;
#1042 = CIRCLE ( 'NONE', #1917, 0.6500000000000000222 ) ;
#1043 = DIRECTION ( 'NONE',  ( 1.000000000000000000, 1.734723475976804876E-16, 0.000000000000000000 ) ) ;
#1044 = DIRECTION ( 'NONE',  ( -0.8778780114862320128, -7.769773446780629216E-17, 0.4788843252278979779 ) ) ;
#1045 = VECTOR ( 'NONE', #24, 1000.000000000000000 ) ;
#1046 = ORIENTED_EDGE ( 'NONE', *, *, #4044, .T. ) ;
#1047 = CIRCLE ( 'NONE', #2225, 4.100000000000000533 ) ;
#1048 = CARTESIAN_POINT ( 'NONE',  ( -4.899999999999999467, -2.450515463917519732, 0.000000000000000000 ) ) ;
#1049 = ADVANCED_FACE ( 'NONE', ( #895 ), #250, .F. ) ;
#1050 = DIRECTION ( 'NONE',  ( 8.123545521314930333E-47, 3.260780805318075053E-31, -1.000000000000000000 ) ) ;
#1051 = AXIS2_PLACEMENT_3D ( 'NONE', #9061, #7639, #4117 ) ;
#1052 = ORIENTED_EDGE ( 'NONE', *, *, #4592, .F. ) ;
#1053 = CONTEXT_DEPENDENT_SHAPE_REPRESENTATION ( #1857, #4868 ) ;
#1054 = EDGE_CURVE ( 'NONE', #8107, #140, #6777, .T. ) ;
#1055 = VECTOR ( 'NONE', #8036, 1000.000000000000000 ) ;
#1056 = EDGE_LOOP ( 'NONE', ( #7194, #2908, #8385, #5126 ) ) ;
#1057 = EDGE_LOOP ( 'NONE', ( #8930, #4568, #1280, #7336 ) ) ;
#1058 = DIRECTION ( 'NONE',  ( 0.000000000000000000, 0.000000000000000000, -1.000000000000000000 ) ) ;
#1059 = DIRECTION ( 'NONE',  ( 1.000000000000000000, 8.850629979473508477E-17, 0.000000000000000000 ) ) ;
#1060 = CARTESIAN_POINT ( 'NONE',  ( -4.500000000000000000, 0.4494845360824790137, -5.799999999999999822 ) ) ;
#1061 = ADVANCED_FACE ( 'NONE', ( #513 ), #4684, .T. ) ;
#1062 = VECTOR ( 'NONE', #5664, 1000.000000000000000 ) ;
#1063 = ORIENTED_EDGE ( 'NONE', *, *, #3417, .F. ) ;
#1064 = ORIENTED_EDGE ( 'NONE', *, *, #8855, .T. ) ;
#1065 = DIRECTION ( 'NONE',  ( 0.000000000000000000, -1.000000000000000000, 0.000000000000000000 ) ) ;
#1066 = EDGE_CURVE ( 'NONE', #3654, #7368, #598, .T. ) ;
#1067 = AXIS2_PLACEMENT_3D ( 'NONE', #5876, #5236, #3189 ) ;
#1068 = PRESENTATION_STYLE_ASSIGNMENT (( #5308 ) ) ;
#1069 = VERTEX_POINT ( 'NONE', #9030 ) ;
#1070 = CARTESIAN_POINT ( 'NONE',  ( 2.600000000000000089, 4.049484536082480268, -4.899999999999999467 ) ) ;
#1071 = DIRECTION ( 'NONE',  ( 0.000000000000000000, -1.000000000000000000, 0.000000000000000000 ) ) ;
#1072 = EDGE_LOOP ( 'NONE', ( #6495, #5945, #1292, #2684 ) ) ;
#1073 = DIRECTION ( 'NONE',  ( -1.000000000000000000, 0.000000000000000000, 0.000000000000000000 ) ) ;
#1074 = ORIENTED_EDGE ( 'NONE', *, *, #7127, .T. ) ;
#1075 = ADVANCED_FACE ( 'NONE', ( #1874 ), #3997, .F. ) ;
#1076 = AXIS2_PLACEMENT_3D ( 'NONE', #6774, #2727, #524 ) ;
#1077 = VECTOR ( 'NONE', #5216, 1000.000000000000000 ) ;
#1078 = VERTEX_POINT ( 'NONE', #7608 ) ;
#1079 = LINE ( 'NONE', #8051, #2680 ) ;
#1080 = DIRECTION ( 'NONE',  ( 0.7071067811865474617, 0.7071067811865476838, -0.000000000000000000 ) ) ;
#1081 = DIRECTION ( 'NONE',  ( 0.000000000000000000, 0.000000000000000000, -1.000000000000000000 ) ) ;
#1082 = CARTESIAN_POINT ( 'NONE',  ( -4.500000000000000000, 6.873989284057759914E-16, -4.299999999999999822 ) ) ;
#1083 = DIRECTION ( 'NONE',  ( 0.000000000000000000, 1.000000000000000000, 0.000000000000000000 ) ) ;
#1084 = LINE ( 'NONE', #5929, #307 ) ;
#1085 = CIRCLE ( 'NONE', #649, 0.9000000000000001332 ) ;
#1086 = DIRECTION ( 'NONE',  ( -1.000000000000000000, 0.000000000000000000, 0.000000000000000000 ) ) ;
#1087 = PRODUCT_DEFINITION ( 'UNKNOWN', '', #8591, #6251 ) ;
#1088 = VECTOR ( 'NONE', #4780, 1000.000000000000000 ) ;
#1089 = DIRECTION ( 'NONE',  ( 0.000000000000000000, -1.000000000000000000, 1.018148511238955908E-16 ) ) ;
#1090 = ADVANCED_FACE ( 'NONE', ( #8982 ), #2667, .F. ) ;
#1091 = DIRECTION ( 'NONE',  ( 0.000000000000000000, 0.000000000000000000, 1.000000000000000000 ) ) ;
#1092 = CYLINDRICAL_SURFACE ( 'NONE', #7774, 1.000000000000000444 ) ;
#1093 = ORIENTED_EDGE ( 'NONE', *, *, #4603, .T. ) ;
#1094 = DIRECTION ( 'NONE',  ( 0.000000000000000000, 0.000000000000000000, -1.000000000000000000 ) ) ;
#1095 = CARTESIAN_POINT ( 'NONE',  ( -4.500000000000000000, 1.349484536082480091, -6.505213034913029759E-15 ) ) ;
#1096 = VERTEX_POINT ( 'NONE', #7511 ) ;
#1097 = AXIS2_PLACEMENT_3D ( 'NONE', #5571, #9029, #44 ) ;
#1098 = EDGE_CURVE ( 'NONE', #5390, #8495, #555, .T. ) ;
#1099 = ORIENTED_EDGE ( 'NONE', *, *, #339, .F. ) ;
#1100 = EDGE_CURVE ( 'NONE', #3524, #529, #1147, .T. ) ;
#1101 = ORIENTED_EDGE ( 'NONE', *, *, #5775, .F. ) ;
#1102 = ORIENTED_EDGE ( 'NONE', *, *, #7411, .T. ) ;
#1103 = DIRECTION ( 'NONE',  ( -0.000000000000000000, -1.000000000000000000, -0.000000000000000000 ) ) ;
#1104 = PLANE ( 'NONE',  #8103 ) ;
#1105 = CARTESIAN_POINT ( 'NONE',  ( 4.899999999999999467, 2.849484536082479647, -4.299999999999999822 ) ) ;
#1106 = VERTEX_POINT ( 'NONE', #2018 ) ;
#1107 = VERTEX_POINT ( 'NONE', #1920 ) ;
#1108 = ORIENTED_EDGE ( 'NONE', *, *, #2233, .F. ) ;
#1109 = EDGE_LOOP ( 'NONE', ( #6626, #6952, #1751, #6204 ) ) ;
#1110 = EDGE_CURVE ( 'NONE', #8734, #6086, #7377, .T. ) ;
#1111 = LINE ( 'NONE', #1793, #5622 ) ;
#1112 = EDGE_LOOP ( 'NONE', ( #6458, #1401, #2458, #3126, #6640 ) ) ;
#1113 = PLANE ( 'NONE',  #1639 ) ;
#1114 = CARTESIAN_POINT ( 'NONE',  ( 3.000000000000000000, -4.750515463917520442, 0.000000000000000000 ) ) ;
#1115 = LINE ( 'NONE', #2676, #8011 ) ;
#1116 = EDGE_CURVE ( 'NONE', #8857, #8345, #1285, .T. ) ;
#1117 = ORIENTED_EDGE ( 'NONE', *, *, #5976, .T. ) ;
#1118 = VECTOR ( 'NONE', #6259, 1000.000000000000000 ) ;
#1119 = CYLINDRICAL_SURFACE ( 'NONE', #1171, 3.000000000000000000 ) ;
#1120 = EDGE_LOOP ( 'NONE', ( #4358, #5028, #6851, #1977, #7354, #8245, #5315, #8852, #3820, #5117, #7713 ) ) ;
#1121 = EDGE_CURVE ( 'NONE', #3828, #7610, #1769, .T. ) ;
#1122 = ORIENTED_EDGE ( 'NONE', *, *, #6576, .F. ) ;
#1123 = AXIS2_PLACEMENT_3D ( 'NONE', #2227, #5046, #4482 ) ;
#1124 = CARTESIAN_POINT ( 'NONE',  ( 2.350000000000000089, -3.750000000000000000, 5.000000000000000000 ) ) ;
#1125 = CARTESIAN_POINT ( 'NONE',  ( 0.000000000000000000, -6.700000000000000178, 1.100000000000000089 ) ) ;
#1126 = CARTESIAN_POINT ( 'NONE',  ( -5.259901047426939869, -1.550515463917520043, -9.291887738487540460 ) ) ;
#1127 = EDGE_CURVE ( 'NONE', #5269, #5644, #8344, .T. ) ;
#1128 = CARTESIAN_POINT ( 'NONE',  ( 1.899999999999999911, 5.100000000000000533, 0.1000000000000000056 ) ) ;
#1129 = FACE_OUTER_BOUND ( 'NONE', #7493, .T. ) ;
#1130 = FACE_OUTER_BOUND ( 'NONE', #7256, .T. ) ;
#1131 = VECTOR ( 'NONE', #2235, 1000.000000000000000 ) ;
#1132 = CARTESIAN_POINT ( 'NONE',  ( -0.5000000000000000000, -0.05202383709185190441, 0.5000000000000000000 ) ) ;
#1133 = CARTESIAN_POINT ( 'NONE',  ( -4.400000000000000355, -2.700000000000000178, 0.1000000000000000056 ) ) ;
#1134 = LINE ( 'NONE', #4584, #2029 ) ;
#1135 = EDGE_LOOP ( 'NONE', ( #4834, #8090, #1503, #1661 ) ) ;
#1136 = LINE ( 'NONE', #1227, #5598 ) ;
#1137 = LINE ( 'NONE', #6754, #7527 ) ;
#1138 = VECTOR ( 'NONE', #1574, 1000.000000000000000 ) ;
#1139 = VERTEX_POINT ( 'NONE', #1327 ) ;
#1140 = ORIENTED_EDGE ( 'NONE', *, *, #221, .T. ) ;
#1141 = VECTOR ( 'NONE', #4542, 1000.000000000000000 ) ;
#1142 = ORIENTED_EDGE ( 'NONE', *, *, #4383, .F. ) ;
#1143 = LINE ( 'NONE', #7424, #3991 ) ;
#1144 = EDGE_CURVE ( 'NONE', #2947, #2624, #4831, .T. ) ;
#1145 = CARTESIAN_POINT ( 'NONE',  ( -4.400000000000000355, 5.100000000000000533, 0.000000000000000000 ) ) ;
#1146 = LINE ( 'NONE', #2575, #8604 ) ;
#1147 = LINE ( 'NONE', #6214, #2812 ) ;
#1148 = ORIENTED_EDGE ( 'NONE', *, *, #7600, .T. ) ;
#1149 = ORIENTED_EDGE ( 'NONE', *, *, #4525, .T. ) ;
#1150 = CARTESIAN_POINT ( 'NONE',  ( -0.5000000000000000000, -2.050000000000000266, 0.5000000000000000000 ) ) ;
#1151 = AXIS2_PLACEMENT_3D ( 'NONE', #632, #4208, #1314 ) ;
#1152 = CARTESIAN_POINT ( 'NONE',  ( -3.399999999999999911, 2.949999999999999734, 0.5000000000000000000 ) ) ;
#1153 = EDGE_LOOP ( 'NONE', ( #4594, #7771, #811, #2336 ) ) ;
#1154 = FACE_OUTER_BOUND ( 'NONE', #4277, .T. ) ;
#1155 = CARTESIAN_POINT ( 'NONE',  ( -4.500000000000000000, 1.349484536082480091, 0.4000000000000000222 ) ) ;
#1156 = DIRECTION ( 'NONE',  ( -0.000000000000000000, -1.000000000000000000, -0.000000000000000000 ) ) ;
#1157 = EDGE_LOOP ( 'NONE', ( #2778, #8001, #6788, #5074 ) ) ;
#1158 = EDGE_CURVE ( 'NONE', #4465, #3416, #1478, .T. ) ;
#1159 = LINE ( 'NONE', #8132, #4416 ) ;
#1160 = ORIENTED_EDGE ( 'NONE', *, *, #5215, .F. ) ;
#1161 = EDGE_CURVE ( 'NONE', #6621, #5504, #8163, .T. ) ;
#1162 = ADVANCED_FACE ( 'NONE', ( #4642 ), #7469, .T. ) ;
#1163 = VERTEX_POINT ( 'NONE', #463 ) ;
#1164 = DIRECTION ( 'NONE',  ( 0.000000000000000000, 0.000000000000000000, 1.000000000000000000 ) ) ;
#1165 = DIRECTION ( 'NONE',  ( 0.000000000000000000, 0.000000000000000000, 1.000000000000000000 ) ) ;
#1166 = LINE ( 'NONE', #4532, #1954 ) ;
#1167 = CARTESIAN_POINT ( 'NONE',  ( 0.000000000000000000, 2.949999999999999734, 0.000000000000000000 ) ) ;
#1168 = CARTESIAN_POINT ( 'NONE',  ( 2.600000000000000089, 4.049484536082480268, -5.299999999999999822 ) ) ;
#1169 = LINE ( 'NONE', #394, #8846 ) ;
#1170 = EDGE_CURVE ( 'NONE', #2390, #4679, #3260, .T. ) ;
#1171 = AXIS2_PLACEMENT_3D ( 'NONE', #2544, #6005, #6046 ) ;
#1172 = EDGE_CURVE ( 'NONE', #4331, #2344, #5387, .T. ) ;
#1173 = CARTESIAN_POINT ( 'NONE',  ( -4.500000000000000000, -1.550515463917520043, -5.799999999999999822 ) ) ;
#1174 = VECTOR ( 'NONE', #2617, 1000.000000000000000 ) ;
#1175 = CARTESIAN_POINT ( 'NONE',  ( -4.500000000000000000, 2.849484536082479647, -4.899999999999999467 ) ) ;
#1176 = FACE_OUTER_BOUND ( 'NONE', #17, .T. ) ;
#1177 = VERTEX_POINT ( 'NONE', #4222 ) ;
#1178 = CARTESIAN_POINT ( 'NONE',  ( 4.500000000000000000, 4.849484536082480091, -2.168404344971010051E-15 ) ) ;
#1179 = DIRECTION ( 'NONE',  ( -1.000000000000000000, 0.000000000000000000, 0.000000000000000000 ) ) ;
#1180 = AXIS2_PLACEMENT_3D ( 'NONE', #5477, #3452, #6897 ) ;
#1181 = VECTOR ( 'NONE', #3341, 1000.000000000000000 ) ;
#1182 = VERTEX_POINT ( 'NONE', #2944 ) ;
#1183 = EDGE_CURVE ( 'NONE', #5697, #4505, #8527, .T. ) ;
#1184 = AXIS2_PLACEMENT_3D ( 'NONE', #7723, #1995, #70 ) ;
#1185 = VERTEX_POINT ( 'NONE', #2203 ) ;
#1186 = AXIS2_PLACEMENT_3D ( 'NONE', #7496, #4857, #2746 ) ;
#1187 = AXIS2_PLACEMENT_3D ( 'NONE', #6620, #7974, #1647 ) ;
#1188 = ORIENTED_EDGE ( 'NONE', *, *, #1470, .F. ) ;
#1189 = CARTESIAN_POINT ( 'NONE',  ( 4.899999999999999467, -1.550515463917520043, 0.4000000000000000222 ) ) ;
#1190 = AXIS2_PLACEMENT_3D ( 'NONE', #2425, #1896, #3800 ) ;
#1191 = LINE ( 'NONE', #6119, #3227 ) ;
#1192 = CARTESIAN_POINT ( 'NONE',  ( -4.500000000000000000, -3.950515463917519732, -4.899999999999999467 ) ) ;
#1193 = DIRECTION ( 'NONE',  ( 0.000000000000000000, 0.000000000000000000, -1.000000000000000000 ) ) ;
#1194 = VERTEX_POINT ( 'NONE', #4880 ) ;
#1195 = ORIENTED_EDGE ( 'NONE', *, *, #4681, .F. ) ;
#1196 = VECTOR ( 'NONE', #1016, 1000.000000000000000 ) ;
#1197 = VERTEX_POINT ( 'NONE', #830 ) ;
#1198 = EDGE_LOOP ( 'NONE', ( #1117, #8727 ) ) ;
#1199 = DIRECTION ( 'NONE',  ( 0.000000000000000000, 0.000000000000000000, -1.000000000000000000 ) ) ;
#1200 = CIRCLE ( 'NONE', #2382, 0.4000000000000001887 ) ;
#1201 = LINE ( 'NONE', #3270, #4373 ) ;
#1202 = DIRECTION ( 'NONE',  ( 1.000000000000000000, -2.491288438666615119E-16, 0.000000000000000000 ) ) ;
#1203 = ORIENTED_EDGE ( 'NONE', *, *, #4652, .F. ) ;
#1204 = DIRECTION ( 'NONE',  ( 1.000000000000000000, -7.211624427719189705E-17, 1.563771774336535045E-32 ) ) ;
#1205 = CIRCLE ( 'NONE', #6210, 1.200000000000029710 ) ;
#1206 = ORIENTED_EDGE ( 'NONE', *, *, #8726, .F. ) ;
#1207 = EDGE_CURVE ( 'NONE', #7480, #6600, #5313, .T. ) ;
#1208 = VERTEX_POINT ( 'NONE', #5022 ) ;
#1209 = EDGE_CURVE ( 'NONE', #2163, #1096, #2160, .T. ) ;
#1210 = FACE_OUTER_BOUND ( 'NONE', #2485, .T. ) ;
#1211 = DIRECTION ( 'NONE',  ( 0.000000000000000000, 0.000000000000000000, -1.000000000000000000 ) ) ;
#1212 = CARTESIAN_POINT ( 'NONE',  ( 0.7500000000000000000, -6.700000000000000178, -1.350000000000000089 ) ) ;
#1213 = DIRECTION ( 'NONE',  ( -0.000000000000000000, -1.000000000000000000, -0.000000000000000000 ) ) ;
#1214 = DIRECTION ( 'NONE',  ( 0.000000000000000000, 0.000000000000000000, -1.000000000000000000 ) ) ;
#1215 = ORIENTED_EDGE ( 'NONE', *, *, #7488, .T. ) ;
#1216 = CARTESIAN_POINT ( 'NONE',  ( 4.500000000000000000, -2.550515463917519821, 0.000000000000000000 ) ) ;
#1217 = DIRECTION ( 'NONE',  ( 0.000000000000000000, 1.000000000000000000, 0.000000000000000000 ) ) ;
#1218 = AXIS2_PLACEMENT_3D ( 'NONE', #3693, #5824, #4426 ) ;
#1219 = CIRCLE ( 'NONE', #6376, 0.6500000000000000222 ) ;
#1220 = EDGE_CURVE ( 'NONE', #3049, #3304, #4181, .T. ) ;
#1221 = LINE ( 'NONE', #5414, #3395 ) ;
#1222 = FACE_OUTER_BOUND ( 'NONE', #4723, .T. ) ;
#1223 = DIRECTION ( 'NONE',  ( 1.000000000000000000, 0.000000000000000000, 0.000000000000000000 ) ) ;
#1224 = DIRECTION ( 'NONE',  ( -0.000000000000000000, -1.000000000000000000, -0.000000000000000000 ) ) ;
#1225 = DIRECTION ( 'NONE',  ( -1.000000000000000000, 2.491288438666615119E-16, -1.734723475976805122E-15 ) ) ;
#1226 = ORIENTED_EDGE ( 'NONE', *, *, #8443, .F. ) ;
#1227 = CARTESIAN_POINT ( 'NONE',  ( 0.5000000000000000000, -2.050000000000000266, 0.5000000000000000000 ) ) ;
#1228 = EDGE_CURVE ( 'NONE', #8608, #8315, #5572, .T. ) ;
#1229 = DIRECTION ( 'NONE',  ( 0.000000000000000000, 0.000000000000000000, 1.000000000000000000 ) ) ;
#1230 = ORIENTED_EDGE ( 'NONE', *, *, #4039, .T. ) ;
#1231 = VECTOR ( 'NONE', #5497, 1000.000000000000000 ) ;
#1232 = AXIS2_PLACEMENT_3D ( 'NONE', #3619, #6295, #33 ) ;
#1233 = ORIENTED_EDGE ( 'NONE', *, *, #45, .T. ) ;
#1234 = VERTEX_POINT ( 'NONE', #1515 ) ;
#1235 = DIRECTION ( 'NONE',  ( -1.734723475976808672E-15, 0.000000000000000000, 1.000000000000000000 ) ) ;
#1236 = CARTESIAN_POINT ( 'NONE',  ( 0.0008203932499369629349, 21.69999999999999929, 4.781147327278690334E-17 ) ) ;
#1237 = CARTESIAN_POINT ( 'NONE',  ( -1.089941313553885793, -0.05202383709185200156, 0.5000000000000000000 ) ) ;
#1238 = AXIS2_PLACEMENT_3D ( 'NONE', #3401, #6213, #5711 ) ;
#1239 = EDGE_CURVE ( 'NONE', #5147, #7349, #1421, .T. ) ;
#1240 = CARTESIAN_POINT ( 'NONE',  ( 4.899999999999999467, 0.4494845360824785141, -7.400446128206080054 ) ) ;
#1241 = VERTEX_POINT ( 'NONE', #4309 ) ;
#1242 = EDGE_LOOP ( 'NONE', ( #556, #5672, #778, #7925 ) ) ;
#1243 = CARTESIAN_POINT ( 'NONE',  ( 0.000000000000000000, 0.000000000000000000, 0.000000000000000000 ) ) ;
#1244 = AXIS2_PLACEMENT_3D ( 'NONE', #436, #391, #6013 ) ;
#1245 = ORIENTED_EDGE ( 'NONE', *, *, #3152, .T. ) ;
#1246 = ORIENTED_EDGE ( 'NONE', *, *, #4732, .F. ) ;
#1247 = FACE_OUTER_BOUND ( 'NONE', #5445, .T. ) ;
#1248 = DIRECTION ( 'NONE',  ( 0.000000000000000000, 0.000000000000000000, 1.000000000000000000 ) ) ;
#1249 = AXIS2_PLACEMENT_3D ( 'NONE', #4937, #7202, #1473 ) ;
#1250 = LINE ( 'NONE', #7479, #8147 ) ;
#1251 = ORIENTED_EDGE ( 'NONE', *, *, #7067, .T. ) ;
#1252 = CARTESIAN_POINT ( 'NONE',  ( 0.000000000000000000, 23.19999999999999929, -0.3999999999999975797 ) ) ;
#1253 = VERTEX_POINT ( 'NONE', #2115 ) ;
#1254 = EDGE_CURVE ( 'NONE', #8794, #8574, #6746, .T. ) ;
#1255 = ORIENTED_EDGE ( 'NONE', *, *, #2042, .T. ) ;
#1256 = CARTESIAN_POINT ( 'NONE',  ( 3.600000000000000089, -5.150000000000000355, 0.000000000000000000 ) ) ;
#1257 = CYLINDRICAL_SURFACE ( 'NONE', #7626, 3.100000000000000089 ) ;
#1258 = VECTOR ( 'NONE', #9076, 1000.000000000000000 ) ;
#1259 = CARTESIAN_POINT ( 'NONE',  ( -2.600000000000000089, -3.950515463917519732, -4.899999999999999467 ) ) ;
#1260 = EDGE_CURVE ( 'NONE', #3742, #9087, #7882, .T. ) ;
#1261 = CARTESIAN_POINT ( 'NONE',  ( 4.400000000000000355, -5.150000000000000355, 0.000000000000000000 ) ) ;
#1262 = DIRECTION ( 'NONE',  ( 1.000000000000000000, 0.000000000000000000, 1.931541112668180039E-15 ) ) ;
#1263 = VERTEX_POINT ( 'NONE', #7098 ) ;
#1264 = LINE ( 'NONE', #3474, #8256 ) ;
#1265 = PRESENTATION_STYLE_ASSIGNMENT (( #8919 ) ) ;
#1266 = ORIENTED_EDGE ( 'NONE', *, *, #7588, .F. ) ;
#1267 = EDGE_CURVE ( 'NONE', #3367, #4085, #7698, .T. ) ;
#1268 = AXIS2_PLACEMENT_3D ( 'NONE', #1488, #7168, #4379 ) ;
#1269 = FACE_BOUND ( 'NONE', #4460, .T. ) ;
#1270 = DIRECTION ( 'NONE',  ( 0.000000000000000000, 1.000000000000000000, 0.000000000000000000 ) ) ;
#1271 = PLANE ( 'NONE',  #2413 ) ;
#1272 = LINE ( 'NONE', #1362, #2970 ) ;
#1273 = EDGE_LOOP ( 'NONE', ( #1226, #4112, #4217, #3414, #833, #7764, #148 ) ) ;
#1274 = CARTESIAN_POINT ( 'NONE',  ( -0.5000000000000000000, 0.9499999999999999556, 0.5000000000000000000 ) ) ;
#1275 = DIRECTION ( 'NONE',  ( 0.000000000000000000, -1.000000000000000000, 0.000000000000000000 ) ) ;
#1276 = EDGE_CURVE ( 'NONE', #7554, #8107, #2765, .T. ) ;
#1277 = EDGE_LOOP ( 'NONE', ( #321, #197, #7846, #1562, #6898, #5058, #1355, #477, #2473, #7269 ) ) ;
#1278 = EDGE_CURVE ( 'NONE', #8315, #911, #4422, .T. ) ;
#1279 = ORIENTED_EDGE ( 'NONE', *, *, #3848, .F. ) ;
#1280 = ORIENTED_EDGE ( 'NONE', *, *, #8765, .F. ) ;
#1281 = PLANE ( 'NONE',  #1356 ) ;
#1282 = DIRECTION ( 'NONE',  ( -0.000000000000000000, -1.000000000000000000, -0.000000000000000000 ) ) ;
#1283 = DIRECTION ( 'NONE',  ( -8.850629979473508477E-17, 1.000000000000000000, -3.469446951953615175E-16 ) ) ;
#1284 = CIRCLE ( 'NONE', #7621, 0.2000000000000000944 ) ;
#1285 = LINE ( 'NONE', #6122, #305 ) ;
#1286 = ORIENTED_EDGE ( 'NONE', *, *, #7991, .F. ) ;
#1287 = EDGE_CURVE ( 'NONE', #2152, #1069, #139, .T. ) ;
#1288 = CARTESIAN_POINT ( 'NONE',  ( 3.399999999999999911, 2.949999999999999734, 0.000000000000000000 ) ) ;
#1289 = CIRCLE ( 'NONE', #8360, 1.199999999999999956 ) ;
#1290 = ADVANCED_FACE ( 'NONE', ( #5668 ), #5760, .T. ) ;
#1291 = EDGE_LOOP ( 'NONE', ( #7226, #1741, #83, #4571 ) ) ;
#1292 = ORIENTED_EDGE ( 'NONE', *, *, #2895, .F. ) ;
#1293 = DIRECTION ( 'NONE',  ( 8.123545521314930333E-47, 3.260780805318075053E-31, -1.000000000000000000 ) ) ;
#1294 = DIRECTION ( 'NONE',  ( 0.000000000000000000, 0.000000000000000000, 1.000000000000000000 ) ) ;
#1295 = CARTESIAN_POINT ( 'NONE',  ( -1.062518129035793872E-14, 0.4500000000000130007, 0.5000000000000000000 ) ) ;
#1296 = ORIENTED_EDGE ( 'NONE', *, *, #1565, .F. ) ;
#1297 = VECTOR ( 'NONE', #7969, 1000.000000000000000 ) ;
#1298 = FACE_OUTER_BOUND ( 'NONE', #6757, .T. ) ;
#1299 = VERTEX_POINT ( 'NONE', #1556 ) ;
#1300 = EDGE_LOOP ( 'NONE', ( #8157, #3790, #1938, #4363 ) ) ;
#1301 = ORIENTED_EDGE ( 'NONE', *, *, #2907, .F. ) ;
#1302 = FACE_OUTER_BOUND ( 'NONE', #2446, .T. ) ;
#1303 = DIRECTION ( 'NONE',  ( 1.000000000000000000, 0.000000000000000000, 1.931541112668180039E-15 ) ) ;
#1304 = DIRECTION ( 'NONE',  ( 5.041199799583519396E-17, -1.000000000000000000, 4.382248128459734963E-17 ) ) ;
#1305 = CARTESIAN_POINT ( 'NONE',  ( 4.500000000000000000, 1.449484536082480179, -5.799999999999999822 ) ) ;
#1306 = DIRECTION ( 'NONE',  ( 0.000000000000000000, 0.000000000000000000, 1.000000000000000000 ) ) ;
#1307 = VERTEX_POINT ( 'NONE', #46 ) ;
#1308 = DIRECTION ( 'NONE',  ( -1.000000000000000000, -0.000000000000000000, -0.000000000000000000 ) ) ;
#1309 = VERTEX_POINT ( 'NONE', #2857 ) ;
#1310 = EDGE_CURVE ( 'NONE', #6236, #72, #315, .T. ) ;
#1311 = DIRECTION ( 'NONE',  ( 1.000000000000000000, -0.000000000000000000, -0.000000000000000000 ) ) ;
#1312 = PLANE ( 'NONE',  #2755 ) ;
#1313 = CARTESIAN_POINT ( 'NONE',  ( -1.899999999999999911, 5.100000000000000533, 0.1000000000000000056 ) ) ;
#1314 = DIRECTION ( 'NONE',  ( 0.000000000000000000, 0.000000000000000000, 1.000000000000000000 ) ) ;
#1315 = CIRCLE ( 'NONE', #440, 0.4000000000000001887 ) ;
#1316 = DIRECTION ( 'NONE',  ( 1.308519863344573798E-16, 1.000000000000000000, 0.000000000000000000 ) ) ;
#1317 = DIRECTION ( 'NONE',  ( 0.000000000000000000, 0.000000000000000000, 1.000000000000000000 ) ) ;
#1318 = ORIENTED_EDGE ( 'NONE', *, *, #953, .F. ) ;
#1319 = AXIS2_PLACEMENT_3D ( 'NONE', #102, #5724, #8534 ) ;
#1320 = VERTEX_POINT ( 'NONE', #873 ) ;
#1321 = CARTESIAN_POINT ( 'NONE',  ( 4.500000000000000000, 2.849484536082479647, -4.299999999999999822 ) ) ;
#1322 = ORIENTED_EDGE ( 'NONE', *, *, #609, .T. ) ;
#1323 = FACE_OUTER_BOUND ( 'NONE', #853, .T. ) ;
#1324 = ADVANCED_FACE ( 'NONE', ( #3674 ), #6490, .T. ) ;
#1325 = CARTESIAN_POINT ( 'NONE',  ( -4.500000000000000000, -2.550515463917519821, -5.799999999999999822 ) ) ;
#1326 = CARTESIAN_POINT ( 'NONE',  ( 4.500000000000000000, 4.349484536082480091, 0.4000000000000000222 ) ) ;
#1327 = CARTESIAN_POINT ( 'NONE',  ( 4.899999999999999467, 1.349484536082478092, -0.5999999999999909850 ) ) ;
#1328 = AXIS2_PLACEMENT_3D ( 'NONE', #2751, #2792, #5603 ) ;
#1329 = ORIENTED_EDGE ( 'NONE', *, *, #3356, .T. ) ;
#1330 = ORIENTED_EDGE ( 'NONE', *, *, #3802, .T. ) ;
#1331 = VECTOR ( 'NONE', #1441, 1000.000000000000000 ) ;
#1332 = DIRECTION ( 'NONE',  ( 1.000000000000000000, 0.000000000000000000, 0.000000000000000000 ) ) ;
#1333 = VECTOR ( 'NONE', #6999, 1000.000000000000000 ) ;
#1334 = VERTEX_POINT ( 'NONE', #1699 ) ;
#1335 = VECTOR ( 'NONE', #1622, 1000.000000000000000 ) ;
#1336 = PRODUCT ( 'PT01-D125D-A103_Fixed', 'PT01-D125D-A103_Fixed', '', ( #4976 ) ) ;
#1337 = EDGE_LOOP ( 'NONE', ( #5845, #6361, #4049, #8780, #1477, #7376 ) ) ;
#1338 = EDGE_CURVE ( 'NONE', #8762, #2079, #5849, .T. ) ;
#1339 = PLANE ( 'NONE',  #7710 ) ;
#1340 = AXIS2_PLACEMENT_3D ( 'NONE', #4625, #3201, #4582 ) ;
#1341 = ORIENTED_EDGE ( 'NONE', *, *, #8481, .F. ) ;
#1342 = ADVANCED_FACE ( 'NONE', ( #6580 ), #3036, .T. ) ;
#1343 = CARTESIAN_POINT ( 'NONE',  ( 4.899999999999999467, -2.450515463917519732, 0.4000000000000000222 ) ) ;
#1344 = ORIENTED_EDGE ( 'NONE', *, *, #2511, .T. ) ;
#1345 = VECTOR ( 'NONE', #3774, 1000.000000000000000 ) ;
#1346 = VERTEX_POINT ( 'NONE', #1095 ) ;
#1347 = CARTESIAN_POINT ( 'NONE',  ( 1.479999999999999982, 21.69999999999999929, 1.000000000000000000 ) ) ;
#1348 = CARTESIAN_POINT ( 'NONE',  ( 1.097644678823669784, 20.89999999999999858, -0.5047000102205829730 ) ) ;
#1349 = CYLINDRICAL_SURFACE ( 'NONE', #4172, 0.4000000000000001887 ) ;
#1350 = LINE ( 'NONE', #8915, #4180 ) ;
#1351 = FACE_OUTER_BOUND ( 'NONE', #227, .T. ) ;
#1352 = ORIENTED_EDGE ( 'NONE', *, *, #2696, .T. ) ;
#1353 = CARTESIAN_POINT ( 'NONE',  ( 0.7500000000000000000, -6.400000000000000355, -1.350000000000000089 ) ) ;
#1354 = EDGE_CURVE ( 'NONE', #8066, #5390, #5808, .T. ) ;
#1355 = ORIENTED_EDGE ( 'NONE', *, *, #9032, .T. ) ;
#1356 = AXIS2_PLACEMENT_3D ( 'NONE', #87, #2900, #4086 ) ;
#1357 = AXIS2_PLACEMENT_3D ( 'NONE', #8645, #2459, #1629 ) ;
#1358 = ADVANCED_FACE ( 'NONE', ( #8621 ), #3078, .T. ) ;
#1359 = DIRECTION ( 'NONE',  ( 1.000000000000000000, 0.000000000000000000, 0.000000000000000000 ) ) ;
#1360 = CARTESIAN_POINT ( 'NONE',  ( -3.000000000000000000, 3.649484536082480357, 0.4000000000000000222 ) ) ;
#1361 = CARTESIAN_POINT ( 'NONE',  ( 4.899999999999999467, -2.550515463917519821, 0.4000000000000000222 ) ) ;
#1362 = CARTESIAN_POINT ( 'NONE',  ( 2.100000000000000089, -6.700000000000000178, 0.000000000000000000 ) ) ;
#1363 = DIRECTION ( 'NONE',  ( -0.6560590289905070538, 0.000000000000000000, -0.7547095802227722361 ) ) ;
#1364 = PLANE ( 'NONE',  #2210 ) ;
#1365 = FACE_OUTER_BOUND ( 'NONE', #1782, .T. ) ;
#1366 = ORIENTED_EDGE ( 'NONE', *, *, #3027, .F. ) ;
#1367 = AXIS2_PLACEMENT_3D ( 'NONE', #641, #85, #6301 ) ;
#1368 = ADVANCED_FACE ( 'NONE', ( #1776 ), #7333, .T. ) ;
#1369 = ORIENTED_EDGE ( 'NONE', *, *, #924, .F. ) ;
#1370 = LINE ( 'NONE', #5662, #2547 ) ;
#1371 = EDGE_LOOP ( 'NONE', ( #3275, #8110, #8578, #6712, #5611, #3999, #9048, #2728, #7842, #1996, #8365, #4325, #8165, #6272, #1876, #6482, #7571, #8886, #5704, #8413, #4095, #1958, #7418, #711, #4200, #9020, #7738, #6407 ) ) ;
#1372 = CARTESIAN_POINT ( 'NONE',  ( -4.911598099521929939, 0.4494845360824795133, -9.101887738487548063 ) ) ;
#1373 = CARTESIAN_POINT ( 'NONE',  ( 0.4000000000000000222, -6.400000000000000355, 0.000000000000000000 ) ) ;
#1374 = CARTESIAN_POINT ( 'NONE',  ( -4.899999999999999467, 2.849484536082479647, -4.299999999999999822 ) ) ;
#1375 = DIRECTION ( 'NONE',  ( 1.000000000000000000, 0.000000000000000000, 0.000000000000000000 ) ) ;
#1376 = EDGE_CURVE ( 'NONE', #2661, #104, #8710, .T. ) ;
#1377 = AXIS2_PLACEMENT_3D ( 'NONE', #8352, #656, #6578 ) ;
#1378 = ORIENTED_EDGE ( 'NONE', *, *, #6672, .F. ) ;
#1379 = VECTOR ( 'NONE', #8140, 1000.000000000000000 ) ;
#1380 = DIRECTION ( 'NONE',  ( 0.7660444431189790127, 0.6427876096865380307, 0.000000000000000000 ) ) ;
#1381 = ADVANCED_FACE ( 'NONE', ( #2387 ), #5206, .T. ) ;
#1382 = EDGE_LOOP ( 'NONE', ( #1596, #40 ) ) ;
#1383 = VERTEX_POINT ( 'NONE', #1600 ) ;
#1384 = COLOUR_RGB ( '',0.7921568627450980005, 0.8196078431372548767, 0.9333333333333333481 ) ;
#1385 = DIRECTION ( 'NONE',  ( 0.000000000000000000, -1.000000000000000000, 0.000000000000000000 ) ) ;
#1386 = AXIS2_PLACEMENT_3D ( 'NONE', #5060, #2892, #7733 ) ;
#1387 = DIRECTION ( 'NONE',  ( 1.000000000000000000, -0.000000000000000000, -0.000000000000000000 ) ) ;
#1388 = DIRECTION ( 'NONE',  ( 1.000000000000000000, -0.000000000000000000, -0.000000000000000000 ) ) ;
#1389 = EDGE_LOOP ( 'NONE', ( #6858, #1429 ) ) ;
#1390 = CARTESIAN_POINT ( 'NONE',  ( 2.100000000000000089, -6.700000000000000178, -1.350000000000000089 ) ) ;
#1391 = ORIENTED_EDGE ( 'NONE', *, *, #3661, .F. ) ;
#1392 = VECTOR ( 'NONE', #8320, 1000.000000000000000 ) ;
#1393 = EDGE_CURVE ( 'NONE', #822, #1427, #3543, .T. ) ;
#1394 = ORIENTED_EDGE ( 'NONE', *, *, #8506, .T. ) ;
#1395 = DIRECTION ( 'NONE',  ( 0.000000000000000000, 0.000000000000000000, -1.000000000000000000 ) ) ;
#1396 = EDGE_CURVE ( 'NONE', #5957, #5305, #1047, .T. ) ;
#1397 = CARTESIAN_POINT ( 'NONE',  ( -2.500000000000000000, -6.400000000000000355, -1.350000000000000089 ) ) ;
#1398 = DIRECTION ( 'NONE',  ( 0.000000000000000000, 0.000000000000000000, -1.000000000000000000 ) ) ;
#1399 = CARTESIAN_POINT ( 'NONE',  ( -1.479999999999999982, 21.50000000000000000, 1.000000000000000000 ) ) ;
#1400 = CARTESIAN_POINT ( 'NONE',  ( -5.598656062889739715, -1.550515463917520043, -8.565425263470260120 ) ) ;
#1401 = ORIENTED_EDGE ( 'NONE', *, *, #8974, .F. ) ;
#1402 = DIRECTION ( 'NONE',  ( 0.000000000000000000, 0.000000000000000000, -1.000000000000000000 ) ) ;
#1403 =( NAMED_UNIT ( * ) SI_UNIT ( $, .STERADIAN. ) SOLID_ANGLE_UNIT ( ) );
#1404 = VERTEX_POINT ( 'NONE', #5157 ) ;
#1405 = EDGE_CURVE ( 'NONE', #594, #2344, #7389, .T. ) ;
#1406 = DIRECTION ( 'NONE',  ( 0.000000000000000000, 1.000000000000000000, 0.000000000000000000 ) ) ;
#1407 = EDGE_CURVE ( 'NONE', #108, #7349, #4455, .T. ) ;
#1408 = FACE_OUTER_BOUND ( 'NONE', #8997, .T. ) ;
#1409 = CARTESIAN_POINT ( 'NONE',  ( 4.899999999999999467, -5.450515463917520620, -4.299999999999999822 ) ) ;
#1410 = DIRECTION ( 'NONE',  ( 0.000000000000000000, 0.000000000000000000, -1.000000000000000000 ) ) ;
#1411 = LINE ( 'NONE', #8287, #1181 ) ;
#1412 = FACE_OUTER_BOUND ( 'NONE', #5715, .T. ) ;
#1413 = ORIENTED_EDGE ( 'NONE', *, *, #2866, .F. ) ;
#1414 = FACE_OUTER_BOUND ( 'NONE', #6770, .T. ) ;
#1415 = ORIENTED_EDGE ( 'NONE', *, *, #7991, .T. ) ;
#1416 = FACE_OUTER_BOUND ( 'NONE', #5092, .T. ) ;
#1417 = VERTEX_POINT ( 'NONE', #5982 ) ;
#1418 = CARTESIAN_POINT ( 'NONE',  ( -4.500000000000000000, 4.349484536082480091, -8.691935007006809980E-15 ) ) ;
#1419 = DIRECTION ( 'NONE',  ( 0.000000000000000000, 0.000000000000000000, 1.000000000000000000 ) ) ;
#1420 = LINE ( 'NONE', #4927, #2419 ) ;
#1421 = LINE ( 'NONE', #3589, #2510 ) ;
#1422 = EDGE_CURVE ( 'NONE', #1163, #5453, #4570, .T. ) ;
#1423 = VERTEX_POINT ( 'NONE', #2476 ) ;
#1424 = ORIENTED_EDGE ( 'NONE', *, *, #3080, .F. ) ;
#1425 = EDGE_CURVE ( 'NONE', #3248, #6621, #12, .T. ) ;
#1426 = AXIS2_PLACEMENT_3D ( 'NONE', #3383, #4029, #540 ) ;
#1427 = VERTEX_POINT ( 'NONE', #272 ) ;
#1428 = CYLINDRICAL_SURFACE ( 'NONE', #4699, 0.6500000000000000222 ) ;
#1429 = ORIENTED_EDGE ( 'NONE', *, *, #1633, .F. ) ;
#1430 = DIRECTION ( 'NONE',  ( -2.491288438666615119E-16, -1.000000000000000000, -3.260780805318075053E-31 ) ) ;
#1431 = EDGE_LOOP ( 'NONE', ( #418, #8753, #9073, #3394 ) ) ;
#1432 = AXIS2_PLACEMENT_3D ( 'NONE', #7715, #7853, #8407 ) ;
#1433 = VERTEX_POINT ( 'NONE', #2433 ) ;
#1434 = CARTESIAN_POINT ( 'NONE',  ( -4.500000000000000000, -2.550515463917519821, -5.899999999999999467 ) ) ;
#1435 = DIRECTION ( 'NONE',  ( 0.000000000000000000, 0.000000000000000000, -1.000000000000000000 ) ) ;
#1436 = ADVANCED_FACE ( 'NONE', ( #5252 ), #6668, .F. ) ;
#1437 = CARTESIAN_POINT ( 'NONE',  ( 3.250000000000000000, -6.400000000000000355, 1.000000000000000000 ) ) ;
#1438 = DIRECTION ( 'NONE',  ( 1.000000000000000000, 0.000000000000000000, 0.000000000000000000 ) ) ;
#1439 = ORIENTED_EDGE ( 'NONE', *, *, #56, .T. ) ;
#1440 = CARTESIAN_POINT ( 'NONE',  ( 0.5000000000000000000, -0.6408712114635679580, 0.5000000000000000000 ) ) ;
#1441 = DIRECTION ( 'NONE',  ( -1.000000000000000000, 0.000000000000000000, 0.000000000000000000 ) ) ;
#1442 = ORIENTED_EDGE ( 'NONE', *, *, #6760, .F. ) ;
#1443 = EDGE_CURVE ( 'NONE', #8357, #2486, #5293, .T. ) ;
#1444 = LINE ( 'NONE', #7126, #8993 ) ;
#1445 = DIRECTION ( 'NONE',  ( 0.000000000000000000, -1.000000000000000000, 0.000000000000000000 ) ) ;
#1446 = EDGE_CURVE ( 'NONE', #7876, #5951, #1137, .T. ) ;
#1447 = DIRECTION ( 'NONE',  ( -0.000000000000000000, -1.000000000000000000, -0.000000000000000000 ) ) ;
#1448 = DIRECTION ( 'NONE',  ( -8.123545521314930333E-47, -3.260780805318075053E-31, 1.000000000000000000 ) ) ;
#1449 = ORIENTED_EDGE ( 'NONE', *, *, #8053, .F. ) ;
#1450 = CARTESIAN_POINT ( 'NONE',  ( 0.000000000000000000, -6.400000000000000355, -5.750000000000000000 ) ) ;
#1451 = DIRECTION ( 'NONE',  ( 0.000000000000000000, 0.000000000000000000, -1.000000000000000000 ) ) ;
#1452 = EDGE_CURVE ( 'NONE', #6236, #7483, #1907, .T. ) ;
#1453 = ORIENTED_EDGE ( 'NONE', *, *, #7687, .T. ) ;
#1454 = CARTESIAN_POINT ( 'NONE',  ( 4.412981643411520771, 0.4494845360824787917, -11.10811226151245812 ) ) ;
#1455 = ORIENTED_EDGE ( 'NONE', *, *, #1183, .F. ) ;
#1456 = VECTOR ( 'NONE', #5441, 1000.000000000000000 ) ;
#1457 = DIRECTION ( 'NONE',  ( 1.000000000000000000, -2.491288438666615119E-16, 1.734723475976805122E-15 ) ) ;
#1458 = ORIENTED_EDGE ( 'NONE', *, *, #3564, .T. ) ;
#1459 = LINE ( 'NONE', #4258, #6648 ) ;
#1460 = LINE ( 'NONE', #827, #129 ) ;
#1461 = DIRECTION ( 'NONE',  ( -1.232047923278981706E-16, 0.000000000000000000, 1.000000000000000000 ) ) ;
#1462 = DIRECTION ( 'NONE',  ( -0.4226182617406998299, 0.000000000000000000, -0.9063077870366497146 ) ) ;
#1463 = CARTESIAN_POINT ( 'NONE',  ( 0.4500000000000000111, -3.020950878361714942, 2.100000000000000089 ) ) ;
#1464 = EDGE_LOOP ( 'NONE', ( #1636, #1888, #6624, #8131, #6170, #3687, #7786, #1867 ) ) ;
#1465 = EDGE_CURVE ( 'NONE', #2402, #2723, #6155, .T. ) ;
#1466 = ORIENTED_EDGE ( 'NONE', *, *, #6857, .F. ) ;
#1467 = VECTOR ( 'NONE', #6761, 1000.000000000000000 ) ;
#1468 =( NAMED_UNIT ( * ) SI_UNIT ( $, .STERADIAN. ) SOLID_ANGLE_UNIT ( ) );
#1469 = ORIENTED_EDGE ( 'NONE', *, *, #1170, .F. ) ;
#1470 = EDGE_CURVE ( 'NONE', #8622, #1754, #2609, .T. ) ;
#1471 = ORIENTED_EDGE ( 'NONE', *, *, #5976, .F. ) ;
#1472 = CIRCLE ( 'NONE', #6179, 0.4000000000000001887 ) ;
#1473 = DIRECTION ( 'NONE',  ( 1.000000000000000000, 0.000000000000000000, 0.000000000000000000 ) ) ;
#1474 = ORIENTED_EDGE ( 'NONE', *, *, #5350, .T. ) ;
#1475 = DIRECTION ( 'NONE',  ( 0.000000000000000000, -1.000000000000000000, 0.000000000000000000 ) ) ;
#1476 = ADVANCED_FACE ( 'NONE', ( #3207 ), #2006, .F. ) ;
#1477 = ORIENTED_EDGE ( 'NONE', *, *, #48, .T. ) ;
#1478 = CIRCLE ( 'NONE', #7809, 0.4000000000000001887 ) ;
#1479 = CIRCLE ( 'NONE', #4124, 3.000000000000000000 ) ;
#1480 = AXIS2_PLACEMENT_3D ( 'NONE', #3016, #4384, #8048 ) ;
#1481 = ORIENTED_EDGE ( 'NONE', *, *, #6553, .T. ) ;
#1482 = FACE_OUTER_BOUND ( 'NONE', #4960, .T. ) ;
#1483 = CIRCLE ( 'NONE', #4713, 0.1500000000000000777 ) ;
#1484 = DIRECTION ( 'NONE',  ( 0.000000000000000000, -1.000000000000000000, 0.000000000000000000 ) ) ;
#1485 = AXIS2_PLACEMENT_3D ( 'NONE', #4357, #8480, #7193 ) ;
#1486 = AXIS2_PLACEMENT_3D ( 'NONE', #2002, #3384, #2748 ) ;
#1487 = CARTESIAN_POINT ( 'NONE',  ( 4.500000000000000000, -3.540251991789405240E-17, -7.400446128206080054 ) ) ;
#1488 = CARTESIAN_POINT ( 'NONE',  ( -3.250000000000000000, -5.549999999999999822, -6.159999999999999254 ) ) ;
#1489 = VERTEX_POINT ( 'NONE', #1863 ) ;
#1490 = DIRECTION ( 'NONE',  ( -7.228014483236700500E-16, 1.000000000000000000, 0.000000000000000000 ) ) ;
#1491 = CARTESIAN_POINT ( 'NONE',  ( -1.750000000000000000, -6.400000000000000355, 1.000000000000000000 ) ) ;
#1492 = EDGE_CURVE ( 'NONE', #7052, #47, #5420, .T. ) ;
#1493 = ORIENTED_EDGE ( 'NONE', *, *, #4148, .T. ) ;
#1494 = AXIS2_PLACEMENT_3D ( 'NONE', #7006, #8442, #2125 ) ;
#1495 = ADVANCED_FACE ( 'NONE', ( #4773 ), #2567, .F. ) ;
#1496 = CARTESIAN_POINT ( 'NONE',  ( -1.565936075841835029, 18.89999999999999858, -3.517150011924015107 ) ) ;
#1497 = LINE ( 'NONE', #3705, #5547 ) ;
#1498 = CARTESIAN_POINT ( 'NONE',  ( 0.0008203932499369629349, 21.69999999999999929, 4.781147327278690334E-17 ) ) ;
#1499 = CARTESIAN_POINT ( 'NONE',  ( -4.100000000000000533, 0.4500000000000000111, 2.500000000000000000 ) ) ;
#1500 = VERTEX_POINT ( 'NONE', #7460 ) ;
#1501 = DIRECTION ( 'NONE',  ( 0.000000000000000000, -1.000000000000000000, -3.260780805318075053E-31 ) ) ;
#1502 = FACE_OUTER_BOUND ( 'NONE', #4777, .T. ) ;
#1503 = ORIENTED_EDGE ( 'NONE', *, *, #5562, .F. ) ;
#1504 = EDGE_CURVE ( 'NONE', #7214, #1241, #4676, .T. ) ;
#1505 = DIRECTION ( 'NONE',  ( -8.850629979473498616E-17, 1.000000000000000000, 0.000000000000000000 ) ) ;
#1506 = ORIENTED_EDGE ( 'NONE', *, *, #2696, .F. ) ;
#1507 = CARTESIAN_POINT ( 'NONE',  ( -4.899999999999999467, 1.949484536082480179, -5.899999999999999467 ) ) ;
#1508 = ORIENTED_EDGE ( 'NONE', *, *, #7701, .T. ) ;
#1509 = PLANE ( 'NONE',  #7839 ) ;
#1510 = EDGE_CURVE ( 'NONE', #2163, #3210, #3988, .T. ) ;
#1511 =( GEOMETRIC_REPRESENTATION_CONTEXT ( 3 ) GLOBAL_UNCERTAINTY_ASSIGNED_CONTEXT ( ( #452 ) ) GLOBAL_UNIT_ASSIGNED_CONTEXT ( ( #3264, #3455, #1468 ) ) REPRESENTATION_CONTEXT ( 'NONE', 'WORKASPACE' ) );
#1512 = CARTESIAN_POINT ( 'NONE',  ( -3.250000000000000000, -6.700000000000000178, 0.000000000000000000 ) ) ;
#1513 = LINE ( 'NONE', #43, #2296 ) ;
#1514 = DIRECTION ( 'NONE',  ( 1.000000000000000000, 0.000000000000000000, 8.346192215206439610E-17 ) ) ;
#1515 = CARTESIAN_POINT ( 'NONE',  ( -2.600000000000000089, -5.150515463917519909, -5.299999999999999822 ) ) ;
#1516 = EDGE_LOOP ( 'NONE', ( #4585, #6583, #9092, #6909 ) ) ;
#1517 = VERTEX_POINT ( 'NONE', #8153 ) ;
#1518 = ORIENTED_EDGE ( 'NONE', *, *, #7810, .F. ) ;
#1519 = EDGE_CURVE ( 'NONE', #7483, #8197, #7285, .T. ) ;
#1520 = DIRECTION ( 'NONE',  ( 0.000000000000000000, -1.000000000000000000, 0.000000000000000000 ) ) ;
#1521 = AXIS2_PLACEMENT_3D ( 'NONE', #4018, #1398, #3329 ) ;
#1522 = ORIENTED_EDGE ( 'NONE', *, *, #4781, .T. ) ;
#1523 = LINE ( 'NONE', #7894, #3427 ) ;
#1524 = EDGE_LOOP ( 'NONE', ( #5525, #3922, #2139, #6943 ) ) ;
#1525 = AXIS2_PLACEMENT_3D ( 'NONE', #7652, #4088, #8342 ) ;
#1526 = ORIENTED_EDGE ( 'NONE', *, *, #9036, .F. ) ;
#1527 = DIRECTION ( 'NONE',  ( 0.000000000000000000, 0.000000000000000000, -1.000000000000000000 ) ) ;
#1528 = CARTESIAN_POINT ( 'NONE',  ( 3.250000000000000000, -6.400000000000000355, 1.000000000000000000 ) ) ;
#1529 = LINE ( 'NONE', #6512, #4459 ) ;
#1530 = CARTESIAN_POINT ( 'NONE',  ( 0.5000000000000000000, 1.540871211463574975, 0.5000000000000000000 ) ) ;
#1531 = ORIENTED_EDGE ( 'NONE', *, *, #756, .T. ) ;
#1532 = DIRECTION ( 'NONE',  ( -1.000000000000000000, 0.000000000000000000, 0.000000000000000000 ) ) ;
#1533 = VECTOR ( 'NONE', #2326, 1000.000000000000000 ) ;
#1534 = SURFACE_STYLE_USAGE ( .BOTH. , #6561 ) ;
#1535 = AXIS2_PLACEMENT_3D ( 'NONE', #3932, #1948, #1855 ) ;
#1536 = VERTEX_POINT ( 'NONE', #8240 ) ;
#1537 = EDGE_CURVE ( 'NONE', #8355, #1346, #449, .T. ) ;
#1538 = DIRECTION ( 'NONE',  ( 1.000000000000000000, 0.000000000000000000, 0.000000000000000000 ) ) ;
#1539 = EDGE_CURVE ( 'NONE', #4822, #5147, #6846, .T. ) ;
#1540 = DIRECTION ( 'NONE',  ( 0.000000000000000000, 1.000000000000000000, 0.000000000000000000 ) ) ;
#1541 = CARTESIAN_POINT ( 'NONE',  ( 3.261177379365209905, 20.19999999999999929, -0.5047000102205829730 ) ) ;
#1542 = DIRECTION ( 'NONE',  ( -1.000000000000000000, 0.000000000000000000, -8.881784197001246407E-16 ) ) ;
#1543 = CARTESIAN_POINT ( 'NONE',  ( -4.899999999999999467, -1.550515463917520043, -7.400000000000000355 ) ) ;
#1544 = ORIENTED_EDGE ( 'NONE', *, *, #4538, .T. ) ;
#1545 = CARTESIAN_POINT ( 'NONE',  ( -4.911598099521929939, 0.4494845360824795133, -9.101887738487548063 ) ) ;
#1546 = CARTESIAN_POINT ( 'NONE',  ( 2.600000000000000089, 4.049484536082480268, -4.299999999999999822 ) ) ;
#1547 =( NAMED_UNIT ( * ) PLANE_ANGLE_UNIT ( ) SI_UNIT ( $, .RADIAN. ) );
#1548 = ORIENTED_EDGE ( 'NONE', *, *, #2312, .F. ) ;
#1549 = DIRECTION ( 'NONE',  ( 0.000000000000000000, 0.000000000000000000, 1.000000000000000000 ) ) ;
#1550 = ORIENTED_EDGE ( 'NONE', *, *, #1425, .T. ) ;
#1551 = DIRECTION ( 'NONE',  ( 0.000000000000000000, 0.000000000000000000, -1.000000000000000000 ) ) ;
#1552 = CARTESIAN_POINT ( 'NONE',  ( 0.000000000000000000, -5.950515463917519732, 0.4000000000000000222 ) ) ;
#1553 = DIRECTION ( 'NONE',  ( 0.000000000000000000, 0.000000000000000000, -1.000000000000000000 ) ) ;
#1554 = EDGE_CURVE ( 'NONE', #6136, #7346, #6022, .T. ) ;
#1555 = AXIS2_PLACEMENT_3D ( 'NONE', #2640, #485, #3194 ) ;
#1556 = CARTESIAN_POINT ( 'NONE',  ( -4.400000000000000355, 5.100000000000000533, 0.1000000000000000056 ) ) ;
#1557 = EDGE_LOOP ( 'NONE', ( #6554, #899, #2228, #7843 ) ) ;
#1558 = EDGE_CURVE ( 'NONE', #1822, #3560, #7429, .T. ) ;
#1559 = VECTOR ( 'NONE', #6465, 1000.000000000000000 ) ;
#1560 = ORIENTED_EDGE ( 'NONE', *, *, #450, .F. ) ;
#1561 = PRODUCT_DEFINITION_SHAPE ( 'NONE', 'NONE',  #5037 ) ;
#1562 = ORIENTED_EDGE ( 'NONE', *, *, #6760, .T. ) ;
#1563 = CARTESIAN_POINT ( 'NONE',  ( 4.500000000000000000, -3.950515463917519732, -4.299999999999999822 ) ) ;
#1564 = CARTESIAN_POINT ( 'NONE',  ( -1.899999999999999911, 5.100000000000000533, 0.1000000000000000056 ) ) ;
#1565 = EDGE_CURVE ( 'NONE', #2455, #6086, #8839, .T. ) ;
#1566 = ORIENTED_EDGE ( 'NONE', *, *, #9051, .F. ) ;
#1567 = CARTESIAN_POINT ( 'NONE',  ( -4.967022722742099994, 0.4494845360824795133, -9.132121988513778987 ) ) ;
#1568 = EDGE_LOOP ( 'NONE', ( #2899, #4315, #4558, #1550 ) ) ;
#1569 = CARTESIAN_POINT ( 'NONE',  ( -2.899999999999999911, -6.700000000000000178, -5.750000000000000000 ) ) ;
#1570 = EDGE_CURVE ( 'NONE', #798, #6752, #5361, .T. ) ;
#1571 = VECTOR ( 'NONE', #1445, 1000.000000000000000 ) ;
#1572 = VERTEX_POINT ( 'NONE', #5515 ) ;
#1573 = CARTESIAN_POINT ( 'NONE',  ( -5.636132948075079696, 0.4494845360824795133, -8.396377958773980410 ) ) ;
#1574 = DIRECTION ( 'NONE',  ( 0.000000000000000000, 0.000000000000000000, -1.000000000000000000 ) ) ;
#1575 = DIRECTION ( 'NONE',  ( -1.931541112668180039E-15, 0.000000000000000000, 1.000000000000000000 ) ) ;
#1576 = CARTESIAN_POINT ( 'NONE',  ( 0.4710170047248392611, 18.89999999999999858, 0.2824361629302699628 ) ) ;
#1577 = ORIENTED_EDGE ( 'NONE', *, *, #8053, .T. ) ;
#1578 = DIRECTION ( 'NONE',  ( 1.000000000000000000, 0.000000000000000000, 0.000000000000000000 ) ) ;
#1579 = AXIS2_PLACEMENT_3D ( 'NONE', #4279, #1435, #5043 ) ;
#1580 =( NAMED_UNIT ( * ) SI_UNIT ( $, .STERADIAN. ) SOLID_ANGLE_UNIT ( ) );
#1581 = ORIENTED_EDGE ( 'NONE', *, *, #2414, .F. ) ;
#1582 = CIRCLE ( 'NONE', #3347, 0.6750000000000002665 ) ;
#1583 = DIRECTION ( 'NONE',  ( 1.000000000000000000, 0.000000000000000000, 0.000000000000000000 ) ) ;
#1584 = CARTESIAN_POINT ( 'NONE',  ( -0.5000000000000000000, 2.949999999999999734, 0.5000000000000000000 ) ) ;
#1585 = FACE_OUTER_BOUND ( 'NONE', #8437, .T. ) ;
#1586 = CARTESIAN_POINT ( 'NONE',  ( 0.000000000000000000, -2.700000000000000178, 0.000000000000000000 ) ) ;
#1587 = DIRECTION ( 'NONE',  ( -8.850629979473508477E-17, 1.000000000000000000, 0.000000000000000000 ) ) ;
#1588 = ORIENTED_EDGE ( 'NONE', *, *, #7850, .T. ) ;
#1589 = DIRECTION ( 'NONE',  ( 0.000000000000000000, 0.000000000000000000, 1.000000000000000000 ) ) ;
#1590 = PLANE ( 'NONE',  #2421 ) ;
#1591 = VECTOR ( 'NONE', #8705, 1000.000000000000000 ) ;
#1592 = PRODUCT_RELATED_PRODUCT_CATEGORY ( 'part', '', ( #14 ) ) ;
#1593 = CARTESIAN_POINT ( 'NONE',  ( 3.000000000000000000, -4.750515463917520442, 0.4000000000000000222 ) ) ;
#1594 = ORIENTED_EDGE ( 'NONE', *, *, #107, .F. ) ;
#1595 = LINE ( 'NONE', #3669, #7775 ) ;
#1596 = ORIENTED_EDGE ( 'NONE', *, *, #3861, .F. ) ;
#1597 = LINE ( 'NONE', #6534, #1297 ) ;
#1598 = CYLINDRICAL_SURFACE ( 'NONE', #2999, 0.5999999999999999778 ) ;
#1599 = DIRECTION ( 'NONE',  ( 0.000000000000000000, 0.000000000000000000, -1.000000000000000000 ) ) ;
#1600 = CARTESIAN_POINT ( 'NONE',  ( -4.400000000000000355, 3.600000000000000089, 0.1000000000000000056 ) ) ;
#1601 = EDGE_LOOP ( 'NONE', ( #4316, #6072, #7162, #235 ) ) ;
#1602 = VERTEX_POINT ( 'NONE', #3940 ) ;
#1603 = ADVANCED_FACE ( 'NONE', ( #1824 ), #3251, .T. ) ;
#1604 = VERTEX_POINT ( 'NONE', #8516 ) ;
#1605 = VERTEX_POINT ( 'NONE', #2842 ) ;
#1606 = CARTESIAN_POINT ( 'NONE',  ( 3.674999999999999822, -4.750515463917520442, 0.000000000000000000 ) ) ;
#1607 = PLANE ( 'NONE',  #5886 ) ;
#1608 = DIRECTION ( 'NONE',  ( 1.931541112668180039E-15, 0.000000000000000000, -1.000000000000000000 ) ) ;
#1609 = EDGE_LOOP ( 'NONE', ( #7916, #5777, #4686, #729 ) ) ;
#1610 = DIRECTION ( 'NONE',  ( 0.000000000000000000, -1.000000000000000000, 0.000000000000000000 ) ) ;
#1611 = ORIENTED_EDGE ( 'NONE', *, *, #6090, .T. ) ;
#1612 = CARTESIAN_POINT ( 'NONE',  ( 4.500000000000000000, 4.349484536082480091, -4.899999999999999467 ) ) ;
#1613 = EDGE_CURVE ( 'NONE', #2650, #1197, #5655, .T. ) ;
#1614 = AXIS2_PLACEMENT_3D ( 'NONE', #4320, #7155, #3638 ) ;
#1615 = VERTEX_POINT ( 'NONE', #4865 ) ;
#1616 = CARTESIAN_POINT ( 'NONE',  ( 0.000000000000000000, -6.500000000000000000, 1.100000000000000089 ) ) ;
#1617 = DIRECTION ( 'NONE',  ( 0.000000000000000000, 0.000000000000000000, -1.000000000000000000 ) ) ;
#1618 = ADVANCED_FACE ( 'NONE', ( #4122 ), #6939, .F. ) ;
#1619 = CARTESIAN_POINT ( 'NONE',  ( -1.249999999999998668, 18.50000000000000000, 3.152565349772898262 ) ) ;
#1620 = CARTESIAN_POINT ( 'NONE',  ( 1.342230922150144501, 20.19999999999999929, -3.014700010220584758 ) ) ;
#1621 = ORIENTED_EDGE ( 'NONE', *, *, #1950, .F. ) ;
#1622 = DIRECTION ( 'NONE',  ( 1.000000000000000000, 0.000000000000000000, 0.000000000000000000 ) ) ;
#1623 = PLANE ( 'NONE',  #2809 ) ;
#1624 = ORIENTED_EDGE ( 'NONE', *, *, #8068, .T. ) ;
#1625 = VECTOR ( 'NONE', #5848, 1000.000000000000000 ) ;
#1626 = PRESENTATION_LAYER_ASSIGNMENT (  '', '', ( #6483 ) ) ;
#1627 = AXIS2_PLACEMENT_3D ( 'NONE', #4671, #6147, #4810 ) ;
#1628 = VECTOR ( 'NONE', #6513, 1000.000000000000000 ) ;
#1629 = DIRECTION ( 'NONE',  ( 0.000000000000000000, 0.000000000000000000, -1.000000000000000000 ) ) ;
#1630 = VECTOR ( 'NONE', #1308, 1000.000000000000000 ) ;
#1631 = LINE ( 'NONE', #6010, #6286 ) ;
#1632 = PLANE ( 'NONE',  #6967 ) ;
#1633 = EDGE_CURVE ( 'NONE', #6752, #798, #3444, .T. ) ;
#1634 = CARTESIAN_POINT ( 'NONE',  ( 4.500000000000000000, 0.000000000000000000, 0.4000000000000000222 ) ) ;
#1635 = DIRECTION ( 'NONE',  ( 1.000000000000000000, 0.000000000000000000, 0.000000000000000000 ) ) ;
#1636 = ORIENTED_EDGE ( 'NONE', *, *, #4710, .T. ) ;
#1637 = LINE ( 'NONE', #262, #164 ) ;
#1638 = PLANE ( 'NONE',  #7294 ) ;
#1639 = AXIS2_PLACEMENT_3D ( 'NONE', #7568, #5310, #424 ) ;
#1640 = FACE_BOUND ( 'NONE', #7430, .T. ) ;
#1641 = AXIS2_PLACEMENT_3D ( 'NONE', #3860, #8117, #1058 ) ;
#1642 = FACE_OUTER_BOUND ( 'NONE', #7952, .T. ) ;
#1643 = ORIENTED_EDGE ( 'NONE', *, *, #5955, .F. ) ;
#1644 = LINE ( 'NONE', #4452, #2475 ) ;
#1645 = LINE ( 'NONE', #7928, #647 ) ;
#1646 = CARTESIAN_POINT ( 'NONE',  ( -1.750000000000000000, -5.549999999999999822, 1.000000000000000000 ) ) ;
#1647 = DIRECTION ( 'NONE',  ( -1.000000000000000000, 0.000000000000000000, 0.000000000000000000 ) ) ;
#1648 = ORIENTED_EDGE ( 'NONE', *, *, #2288, .T. ) ;
#1649 = ORIENTED_EDGE ( 'NONE', *, *, #6839, .T. ) ;
#1650 = CIRCLE ( 'NONE', #8426, 0.6750000000000002665 ) ;
#1651 = ITEM_DEFINED_TRANSFORMATION ( 'NONE', 'NONE', #3719,  #6659 ) ;
#1652 = EDGE_CURVE ( 'NONE', #1759, #6892, #6387, .T. ) ;
#1653 = VERTEX_POINT ( 'NONE', #5605 ) ;
#1654 = VECTOR ( 'NONE', #5833, 1000.000000000000000 ) ;
#1655 = ORIENTED_EDGE ( 'NONE', *, *, #4553, .T. ) ;
#1656 = ORIENTED_EDGE ( 'NONE', *, *, #4690, .T. ) ;
#1657 = LINE ( 'NONE', #5767, #5914 ) ;
#1658 = ADVANCED_FACE ( 'NONE', ( #2150 ), #2243, .F. ) ;
#1659 = DIRECTION ( 'NONE',  ( 0.000000000000000000, 0.000000000000000000, -1.000000000000000000 ) ) ;
#1660 = CARTESIAN_POINT ( 'NONE',  ( -4.500000000000000000, 2.449484536082480179, -8.691935007006809980E-15 ) ) ;
#1661 = ORIENTED_EDGE ( 'NONE', *, *, #8902, .F. ) ;
#1662 = ADVANCED_FACE ( 'NONE', ( #8377 ), #8470, .T. ) ;
#1663 = CARTESIAN_POINT ( 'NONE',  ( 4.500000000000000000, 2.849484536082479647, -4.299999999999999822 ) ) ;
#1664 = VECTOR ( 'NONE', #886, 1000.000000000000000 ) ;
#1665 = ORIENTED_EDGE ( 'NONE', *, *, #5516, .F. ) ;
#1666 = LINE ( 'NONE', #8680, #3272 ) ;
#1667 = VECTOR ( 'NONE', #267, 1000.000000000000000 ) ;
#1668 = CIRCLE ( 'NONE', #4160, 4.100000000000000533 ) ;
#1669 = AXIS2_PLACEMENT_3D ( 'NONE', #1399, #3512, #8593 ) ;
#1670 = ORIENTED_EDGE ( 'NONE', *, *, #5130, .F. ) ;
#1671 = DIRECTION ( 'NONE',  ( 0.000000000000000000, 0.000000000000000000, -1.000000000000000000 ) ) ;
#1672 = CARTESIAN_POINT ( 'NONE',  ( 4.400000000000000355, 5.150000000000000355, 5.000000000000000000 ) ) ;
#1673 = PLANE ( 'NONE',  #457 ) ;
#1674 = ORIENTED_EDGE ( 'NONE', *, *, #239, .T. ) ;
#1675 = CARTESIAN_POINT ( 'NONE',  ( 0.2999999999999943268, 21.69999999999999929, 0.000000000000000000 ) ) ;
#1676 = EDGE_CURVE ( 'NONE', #4981, #7888, #6250, .T. ) ;
#1677 = ORIENTED_EDGE ( 'NONE', *, *, #7087, .F. ) ;
#1678 = VECTOR ( 'NONE', #4131, 1000.000000000000000 ) ;
#1679 = AXIS2_PLACEMENT_3D ( 'NONE', #7274, #6473, #7769 ) ;
#1680 = ADVANCED_FACE ( 'NONE', ( #1502 ), #81, .T. ) ;
#1681 = FACE_OUTER_BOUND ( 'NONE', #7633, .T. ) ;
#1682 = CARTESIAN_POINT ( 'NONE',  ( -0.7967663502707699186, 20.89999999999999858, -1.604700010220585060 ) ) ;
#1683 = AXIS2_PLACEMENT_3D ( 'NONE', #3129, #5818, #8630 ) ;
#1684 = CARTESIAN_POINT ( 'NONE',  ( 2.899999999999999911, -6.700000000000000178, 0.000000000000000000 ) ) ;
#1685 = VECTOR ( 'NONE', #810, 1000.000000000000000 ) ;
#1686 = LINE ( 'NONE', #4576, #5506 ) ;
#1687 = DIRECTION ( 'NONE',  ( 0.000000000000000000, 0.000000000000000000, -1.000000000000000000 ) ) ;
#1688 = EDGE_LOOP ( 'NONE', ( #2523, #4012, #3439, #5729, #6215, #1866, #8353, #4284 ) ) ;
#1689 = CARTESIAN_POINT ( 'NONE',  ( 0.4000000000000000222, -6.700000000000000178, 0.000000000000000000 ) ) ;
#1690 = EDGE_CURVE ( 'NONE', #6438, #3364, #7686, .T. ) ;
#1691 = DIRECTION ( 'NONE',  ( 0.000000000000000000, 1.000000000000000000, 0.000000000000000000 ) ) ;
#1692 = AXIS2_PLACEMENT_3D ( 'NONE', #2553, #4492, #7320 ) ;
#1693 = ADVANCED_FACE ( 'NONE', ( #1365 ), #4169, .T. ) ;
#1694 = FACE_OUTER_BOUND ( 'NONE', #7276, .T. ) ;
#1695 = DIRECTION ( 'NONE',  ( 0.000000000000000000, 0.000000000000000000, 1.000000000000000000 ) ) ;
#1696 = DIRECTION ( 'NONE',  ( 0.000000000000000000, 3.469446951953615175E-16, 1.000000000000000000 ) ) ;
#1697 = ORIENTED_EDGE ( 'NONE', *, *, #5634, .T. ) ;
#1698 = DIRECTION ( 'NONE',  ( -0.4067366430758008189, 0.000000000000000000, 0.9135454576426006446 ) ) ;
#1699 = CARTESIAN_POINT ( 'NONE',  ( -1.750000000000000000, -6.400000000000000355, 1.000000000000000000 ) ) ;
#1700 = EDGE_LOOP ( 'NONE', ( #7000, #6374, #6585, #3728 ) ) ;
#1701 = EDGE_LOOP ( 'NONE', ( #875, #7396, #6680, #8666 ) ) ;
#1702 = ORIENTED_EDGE ( 'NONE', *, *, #790, .F. ) ;
#1703 = ORIENTED_EDGE ( 'NONE', *, *, #8713, .F. ) ;
#1704 = EDGE_LOOP ( 'NONE', ( #8169, #8815, #7133, #8301 ) ) ;
#1705 = FACE_OUTER_BOUND ( 'NONE', #6365, .T. ) ;
#1706 = ADVANCED_FACE ( 'NONE', ( #4296 ), #2793, .T. ) ;
#1707 = CARTESIAN_POINT ( 'NONE',  ( -4.500000000000000000, -1.550515463917520043, -7.400000000000000355 ) ) ;
#1708 = DIRECTION ( 'NONE',  ( 0.000000000000000000, 0.000000000000000000, 1.000000000000000000 ) ) ;
#1709 = EDGE_LOOP ( 'NONE', ( #5188, #6538, #99, #4600 ) ) ;
#1710 = ORIENTED_EDGE ( 'NONE', *, *, #3345, .T. ) ;
#1711 = CARTESIAN_POINT ( 'NONE',  ( 4.500000000000000000, -2.450515463917519732, -0.5999999999999909850 ) ) ;
#1712 = VECTOR ( 'NONE', #8607, 1000.000000000000000 ) ;
#1713 = EDGE_CURVE ( 'NONE', #2634, #4009, #819, .T. ) ;
#1714 = ORIENTED_EDGE ( 'NONE', *, *, #335, .F. ) ;
#1715 = CARTESIAN_POINT ( 'NONE',  ( 1.899999999999999911, -4.200000000000000178, 0.000000000000000000 ) ) ;
#1716 = CARTESIAN_POINT ( 'NONE',  ( 0.000000000000000000, 0.4000000000000000222, 1.300000000000000044 ) ) ;
#1717 = VERTEX_POINT ( 'NONE', #7136 ) ;
#1718 = EDGE_LOOP ( 'NONE', ( #7471, #4590, #1439, #6695 ) ) ;
#1719 = EDGE_CURVE ( 'NONE', #8071, #8838, #5219, .T. ) ;
#1720 = CARTESIAN_POINT ( 'NONE',  ( -4.400000000000000355, -5.950000000000000178, 0.1000000000000000056 ) ) ;
#1721 = LINE ( 'NONE', #8822, #7125 ) ;
#1722 = CARTESIAN_POINT ( 'NONE',  ( -3.649999999999999911, 4.649999999999999467, 5.000000000000000000 ) ) ;
#1723 = CARTESIAN_POINT ( 'NONE',  ( -2.500000000000000000, -6.700000000000000178, 1.100000000000000089 ) ) ;
#1724 = CARTESIAN_POINT ( 'NONE',  ( 0.8032336497292300592, 20.19999999999999929, -2.404700010220584883 ) ) ;
#1725 = EDGE_CURVE ( 'NONE', #7610, #3828, #5950, .T. ) ;
#1726 = CARTESIAN_POINT ( 'NONE',  ( 3.500000000000000000, 0.4500000000000000111, 2.500000000000000000 ) ) ;
#1727 = ADVANCED_FACE ( 'NONE', ( #1412 ), #7870, .F. ) ;
#1728 = CARTESIAN_POINT ( 'NONE',  ( -0.7500000000000000000, -6.400000000000000355, 1.000000000000000000 ) ) ;
#1729 = CARTESIAN_POINT ( 'NONE',  ( 3.000000000000000000, 3.649484536082480357, 0.000000000000000000 ) ) ;
#1730 = CARTESIAN_POINT ( 'NONE',  ( 3.250000000000000000, 0.4000000000000000222, 1.300000000000000044 ) ) ;
#1731 = ORIENTED_EDGE ( 'NONE', *, *, #7071, .T. ) ;
#1732 = DIRECTION ( 'NONE',  ( 0.000000000000000000, -1.000000000000000000, 0.000000000000000000 ) ) ;
#1733 = CIRCLE ( 'NONE', #8369, 0.6500000000000000222 ) ;
#1734 = EDGE_CURVE ( 'NONE', #5891, #1383, #7362, .T. ) ;
#1735 = DIRECTION ( 'NONE',  ( 0.000000000000000000, 1.000000000000000000, 0.000000000000000000 ) ) ;
#1736 = EDGE_LOOP ( 'NONE', ( #3941, #201, #657, #2258, #3938 ) ) ;
#1738 = UNCERTAINTY_MEASURE_WITH_UNIT (LENGTH_MEASURE( 1.000000000000000082E-05 ), #3656, 'distance_accuracy_value', 'NONE');
#1737 = CONTEXT_DEPENDENT_SHAPE_REPRESENTATION ( #7884, #6920 ) ;
#1739 = ORIENTED_EDGE ( 'NONE', *, *, #7717, .F. ) ;
#1740 = ORIENTED_EDGE ( 'NONE', *, *, #4749, .T. ) ;
#1741 = ORIENTED_EDGE ( 'NONE', *, *, #8588, .T. ) ;
#1742 = CARTESIAN_POINT ( 'NONE',  ( 2.899999999999999911, -6.400000000000000355, -1.350000000000000089 ) ) ;
#1743 = CARTESIAN_POINT ( 'NONE',  ( -4.500000000000000000, 6.873989284057759914E-16, -4.299999999999999822 ) ) ;
#1744 = EDGE_CURVE ( 'NONE', #104, #1884, #6479, .T. ) ;
#1745 = VERTEX_POINT ( 'NONE', #8610 ) ;
#1746 = ORIENTED_EDGE ( 'NONE', *, *, #4520, .F. ) ;
#1747 = ORIENTED_EDGE ( 'NONE', *, *, #7887, .F. ) ;
#1748 = DIRECTION ( 'NONE',  ( 1.000000000000000000, 0.000000000000000000, 0.000000000000000000 ) ) ;
#1749 = EDGE_CURVE ( 'NONE', #2028, #2390, #7131, .T. ) ;
#1750 = CARTESIAN_POINT ( 'NONE',  ( 1.898540922494819982, 18.50000000000000000, 3.349334615354596867 ) ) ;
#1751 = ORIENTED_EDGE ( 'NONE', *, *, #592, .T. ) ;
#1752 = CARTESIAN_POINT ( 'NONE',  ( -4.500000000000000000, 1.349484536082480091, -0.5999999999999999778 ) ) ;
#1753 = CARTESIAN_POINT ( 'NONE',  ( 3.000000000000000000, 4.649999999999999467, 5.599999999999999645 ) ) ;
#1754 = VERTEX_POINT ( 'NONE', #5149 ) ;
#1755 = DIRECTION ( 'NONE',  ( 0.000000000000000000, -1.000000000000000000, 0.000000000000000000 ) ) ;
#1756 = VERTEX_POINT ( 'NONE', #6611 ) ;
#1757 = AXIS2_PLACEMENT_3D ( 'NONE', #3722, #4356, #1553 ) ;
#1758 = EDGE_CURVE ( 'NONE', #1572, #680, #8747, .T. ) ;
#1759 = VERTEX_POINT ( 'NONE', #2287 ) ;
#1760 = DIRECTION ( 'NONE',  ( 0.000000000000000000, 1.000000000000000000, 0.000000000000000000 ) ) ;
#1761 = DIRECTION ( 'NONE',  ( 0.000000000000000000, 0.000000000000000000, -1.000000000000000000 ) ) ;
#1762 = LINE ( 'NONE', #6653, #8600 ) ;
#1763 = EDGE_CURVE ( 'NONE', #2395, #4242, #7228, .T. ) ;
#1764 = VECTOR ( 'NONE', #1501, 1000.000000000000000 ) ;
#1765 = DIRECTION ( 'NONE',  ( -1.606225440719264641E-16, -1.000000000000000000, -3.102490474962825299E-31 ) ) ;
#1766 = LINE ( 'NONE', #8274, #2893 ) ;
#1767 = CARTESIAN_POINT ( 'NONE',  ( 4.500000000000000000, 0.4494845360824785141, -7.550000000000000711 ) ) ;
#1768 = EDGE_CURVE ( 'NONE', #2345, #8987, #2426, .T. ) ;
#1769 = CIRCLE ( 'NONE', #2365, 0.6500000000000000222 ) ;
#1770 = AXIS2_PLACEMENT_3D ( 'NONE', #6924, #4201, #2039 ) ;
#1771 = CARTESIAN_POINT ( 'NONE',  ( -1.899999999999999911, -2.700000000000000178, 0.1000000000000000056 ) ) ;
#1772 = AXIS2_PLACEMENT_3D ( 'NONE', #8371, #3292, #6931 ) ;
#1773 = ORIENTED_EDGE ( 'NONE', *, *, #3740, .F. ) ;
#1774 = AXIS2_PLACEMENT_3D ( 'NONE', #7370, #923, #185 ) ;
#1775 = DIRECTION ( 'NONE',  ( -1.000000000000000000, 0.000000000000000000, 0.000000000000000000 ) ) ;
#1776 = FACE_OUTER_BOUND ( 'NONE', #6230, .T. ) ;
#1777 = ORIENTED_EDGE ( 'NONE', *, *, #8484, .F. ) ;
#1778 = EDGE_CURVE ( 'NONE', #4832, #6766, #5840, .T. ) ;
#1779 = ORIENTED_EDGE ( 'NONE', *, *, #4025, .T. ) ;
#1780 = AXIS2_PLACEMENT_3D ( 'NONE', #521, #8858, #8813 ) ;
#1781 = ADVANCED_FACE ( 'NONE', ( #2980 ), #5796, .F. ) ;
#1782 = EDGE_LOOP ( 'NONE', ( #5860, #791, #2712, #2257 ) ) ;
#1783 = ORIENTED_EDGE ( 'NONE', *, *, #6024, .F. ) ;
#1784 = DIRECTION ( 'NONE',  ( -1.000000000000000000, 1.495451272393800035E-16, 0.000000000000000000 ) ) ;
#1785 = CARTESIAN_POINT ( 'NONE',  ( 1.479999999999999982, 20.89999999999999858, 0.8499999999999999778 ) ) ;
#1786 = LINE ( 'NONE', #2666, #6096 ) ;
#1787 = VECTOR ( 'NONE', #4925, 1000.000000000000000 ) ;
#1788 = ORIENTED_EDGE ( 'NONE', *, *, #5264, .T. ) ;
#1789 = ORIENTED_EDGE ( 'NONE', *, *, #3703, .F. ) ;
#1790 = VERTEX_POINT ( 'NONE', #1726 ) ;
#1791 = AXIS2_PLACEMENT_3D ( 'NONE', #4326, #7061, #8358 ) ;
#1792 = ADVANCED_FACE ( 'NONE', ( #4445 ), #1041, .F. ) ;
#1793 = CARTESIAN_POINT ( 'NONE',  ( 4.500000000000000000, 4.349484536082480091, 0.000000000000000000 ) ) ;
#1794 = ORIENTED_EDGE ( 'NONE', *, *, #8730, .T. ) ;
#1795 = DIRECTION ( 'NONE',  ( -2.551063935260009998E-16, 1.000000000000000000, 0.000000000000000000 ) ) ;
#1796 = AXIS2_PLACEMENT_3D ( 'NONE', #7347, #1022, #6505 ) ;
#1797 = ORIENTED_EDGE ( 'NONE', *, *, #6294, .F. ) ;
#1798 = EDGE_CURVE ( 'NONE', #7979, #2632, #5883, .T. ) ;
#1799 = PLANE ( 'NONE',  #3975 ) ;
#1800 = ORIENTED_EDGE ( 'NONE', *, *, #8700, .F. ) ;
#1801 = CIRCLE ( 'NONE', #6519, 0.4999999999999995559 ) ;
#1802 = CLOSED_SHELL ( 'NONE', ( #6691, #8114, #1816, #8966, #1943, #5317, #4365, #306, #621, #8716, #3377, #3114, #993 ) ) ;
#1803 = EDGE_CURVE ( 'NONE', #2795, #8625, #5391, .T. ) ;
#1804 = VERTEX_POINT ( 'NONE', #5973 ) ;
#1805 = LINE ( 'NONE', #4616, #4280 ) ;
#1806 = CARTESIAN_POINT ( 'NONE',  ( -1.750000000000000000, -6.500000000000000000, 1.100000000000000089 ) ) ;
#1807 = CARTESIAN_POINT ( 'NONE',  ( -4.500000000000000000, 4.049484536082480268, -4.899999999999999467 ) ) ;
#1808 = CARTESIAN_POINT ( 'NONE',  ( 0.000000000000000000, 20.19999999999999929, 0.000000000000000000 ) ) ;
#1809 = DIRECTION ( 'NONE',  ( 0.000000000000000000, 0.000000000000000000, -1.000000000000000000 ) ) ;
#1810 = CIRCLE ( 'NONE', #2858, 1.200000000000011724 ) ;
#1811 = ORIENTED_EDGE ( 'NONE', *, *, #434, .F. ) ;
#1812 = LINE ( 'NONE', #4667, #4264 ) ;
#1813 = VECTOR ( 'NONE', #2187, 1000.000000000000114 ) ;
#1814 = CARTESIAN_POINT ( 'NONE',  ( -0.4500000000000000111, -3.020950878361714942, 2.100000000000000089 ) ) ;
#1815 = ADVANCED_BREP_SHAPE_REPRESENTATION ( '', ( #8101, #7110 ), #6804 ) ;
#1816 = ADVANCED_FACE ( 'NONE', ( #5198 ), #1638, .T. ) ;
#1817 = VECTOR ( 'NONE', #574, 1000.000000000000000 ) ;
#1818 = CARTESIAN_POINT ( 'NONE',  ( -2.500000000000000000, -6.500000000000000000, 1.100000000000000089 ) ) ;
#1819 = AXIS2_PLACEMENT_3D ( 'NONE', #2753, #2103, #5559 ) ;
#1820 = CARTESIAN_POINT ( 'NONE',  ( -4.500000000000000000, -3.550515463917519821, -4.299999999999999822 ) ) ;
#1821 = LINE ( 'NONE', #7414, #9102 ) ;
#1822 = VERTEX_POINT ( 'NONE', #8655 ) ;
#1823 = LINE ( 'NONE', #500, #7808 ) ;
#1824 = FACE_OUTER_BOUND ( 'NONE', #6861, .T. ) ;
#1825 = VERTEX_POINT ( 'NONE', #4394 ) ;
#1826 = ORIENTED_EDGE ( 'NONE', *, *, #5889, .T. ) ;
#1827 = ORIENTED_EDGE ( 'NONE', *, *, #1803, .F. ) ;
#1828 = DIRECTION ( 'NONE',  ( 0.000000000000000000, 0.000000000000000000, 1.000000000000000000 ) ) ;
#1829 = EDGE_CURVE ( 'NONE', #2437, #4875, #8758, .T. ) ;
#1830 = DIRECTION ( 'NONE',  ( 0.000000000000000000, 0.000000000000000000, -1.000000000000000000 ) ) ;
#1831 = DIRECTION ( 'NONE',  ( 0.000000000000000000, 0.000000000000000000, 1.000000000000000000 ) ) ;
#1832 = CARTESIAN_POINT ( 'NONE',  ( -0.5000000000000000000, -0.6408712114635670698, 0.5000000000000000000 ) ) ;
#1833 = ORIENTED_EDGE ( 'NONE', *, *, #5383, .F. ) ;
#1834 = EDGE_CURVE ( 'NONE', #3550, #6758, #8789, .T. ) ;
#1835 = VERTEX_POINT ( 'NONE', #913 ) ;
#1836 = DIRECTION ( 'NONE',  ( -1.000000000000000000, 0.000000000000000000, -0.000000000000000000 ) ) ;
#1837 = VERTEX_POINT ( 'NONE', #222 ) ;
#1838 = DIRECTION ( 'NONE',  ( -0.000000000000000000, -0.000000000000000000, -1.000000000000000000 ) ) ;
#1839 = EDGE_CURVE ( 'NONE', #714, #4730, #5285, .T. ) ;
#1840 = CARTESIAN_POINT ( 'NONE',  ( -1.734723475976804925E-15, 0.4500000000000000111, 5.000000000000000000 ) ) ;
#1841 = DIRECTION ( 'NONE',  ( 0.000000000000000000, 0.000000000000000000, 1.000000000000000000 ) ) ;
#1842 = VERTEX_POINT ( 'NONE', #6525 ) ;
#1843 = VECTOR ( 'NONE', #2004, 999.9999999999998863 ) ;
#1844 = ADVANCED_FACE ( 'NONE', ( #7181 ), #1590, .F. ) ;
#1845 = CARTESIAN_POINT ( 'NONE',  ( -4.500000000000000000, -5.450515463917520620, 0.4000000000000000222 ) ) ;
#1846 = VERTEX_POINT ( 'NONE', #7453 ) ;
#1847 = ORIENTED_EDGE ( 'NONE', *, *, #6942, .T. ) ;
#1848 = CARTESIAN_POINT ( 'NONE',  ( 0.000000000000000000, -6.700000000000000178, -5.750000000000000000 ) ) ;
#1849 = LINE ( 'NONE', #9004, #4362 ) ;
#1850 = DIRECTION ( 'NONE',  ( 1.000000000000000000, -2.491288438666609696E-16, -9.003534458301200092E-32 ) ) ;
#1851 = CARTESIAN_POINT ( 'NONE',  ( 0.000000000000000000, -0.05202383709185160604, 0.000000000000000000 ) ) ;
#1852 = LINE ( 'NONE', #3235, #5384 ) ;
#1853 = DIRECTION ( 'NONE',  ( 0.000000000000000000, -1.000000000000000000, 0.000000000000000000 ) ) ;
#1854 = EDGE_CURVE ( 'NONE', #5064, #1976, #3238, .T. ) ;
#1855 = DIRECTION ( 'NONE',  ( 0.000000000000000000, 0.000000000000000000, -1.000000000000000000 ) ) ;
#1856 = VECTOR ( 'NONE', #8372, 1000.000000000000000 ) ;
#1857 =( REPRESENTATION_RELATIONSHIP ('NONE','NONE', #4407, #1981 ) REPRESENTATION_RELATIONSHIP_WITH_TRANSFORMATION ( #5942 )SHAPE_REPRESENTATION_RELATIONSHIP( ) );
#1858 = FACE_OUTER_BOUND ( 'NONE', #6455, .T. ) ;
#1859 = LINE ( 'NONE', #8284, #693 ) ;
#1860 = CARTESIAN_POINT ( 'NONE',  ( -4.500000000000000000, 4.049484536082480268, -4.299999999999999822 ) ) ;
#1861 = ORIENTED_EDGE ( 'NONE', *, *, #5011, .T. ) ;
#1862 = CARTESIAN_POINT ( 'NONE',  ( -4.500000000000000000, 4.049484536082480268, -4.899999999999999467 ) ) ;
#1863 = CARTESIAN_POINT ( 'NONE',  ( -2.324999999999999734, 3.649484536082480357, 0.000000000000000000 ) ) ;
#1864 = EDGE_CURVE ( 'NONE', #1234, #7422, #7409, .T. ) ;
#1865 = VECTOR ( 'NONE', #8693, 1000.000000000000000 ) ;
#1866 = ORIENTED_EDGE ( 'NONE', *, *, #851, .T. ) ;
#1867 = ORIENTED_EDGE ( 'NONE', *, *, #2973, .T. ) ;
#1868 = VECTOR ( 'NONE', #1551, 1000.000000000000000 ) ;
#1869 = ORIENTED_EDGE ( 'NONE', *, *, #3480, .T. ) ;
#1870 = CARTESIAN_POINT ( 'NONE',  ( 0.000000000000000000, 3.600000000000000089, 0.000000000000000000 ) ) ;
#1871 = CARTESIAN_POINT ( 'NONE',  ( 0.6500000000000000222, 0.4500000000000000111, 1.800000000000000044 ) ) ;
#1872 = AXIS2_PLACEMENT_3D ( 'NONE', #6663, #496, #1953 ) ;
#1873 = DIRECTION ( 'NONE',  ( 1.000000000000000000, 0.000000000000000000, 0.000000000000000000 ) ) ;
#1874 = FACE_OUTER_BOUND ( 'NONE', #6433, .T. ) ;
#1875 = ORIENTED_EDGE ( 'NONE', *, *, #554, .F. ) ;
#1876 = ORIENTED_EDGE ( 'NONE', *, *, #5529, .F. ) ;
#1877 = EDGE_CURVE ( 'NONE', #4793, #6766, #3293, .T. ) ;
#1878 = ORIENTED_EDGE ( 'NONE', *, *, #5736, .F. ) ;
#1879 = CARTESIAN_POINT ( 'NONE',  ( -4.500000000000000000, -5.450515463917520620, 0.000000000000000000 ) ) ;
#1880 = ORIENTED_EDGE ( 'NONE', *, *, #7820, .T. ) ;
#1881 = CARTESIAN_POINT ( 'NONE',  ( -1.000000000000000000, 4.426179070414215211, 2.500000000000000000 ) ) ;
#1882 = LINE ( 'NONE', #7478, #5718 ) ;
#1883 = LINE ( 'NONE', #8260, #7123 ) ;
#1884 = VERTEX_POINT ( 'NONE', #4024 ) ;
#1885 = CARTESIAN_POINT ( 'NONE',  ( -4.899999999999999467, -3.950515463917519732, -4.899999999999999467 ) ) ;
#1886 = ORIENTED_EDGE ( 'NONE', *, *, #5595, .T. ) ;
#1887 = ADVANCED_FACE ( 'NONE', ( #3198 ), #6059, .T. ) ;
#1888 = ORIENTED_EDGE ( 'NONE', *, *, #1928, .F. ) ;
#1889 = CARTESIAN_POINT ( 'NONE',  ( 0.000000000000000000, 0.000000000000000000, 0.5000000000000000000 ) ) ;
#1890 = ADVANCED_FACE ( 'NONE', ( #6703 ), #4711, .F. ) ;
#1891 = CARTESIAN_POINT ( 'NONE',  ( -3.649999999999999911, 4.649999999999999467, 5.599999999999999645 ) ) ;
#1892 = DIRECTION ( 'NONE',  ( -0.4067366430758017626, -0.000000000000000000, -0.9135454576426002005 ) ) ;
#1893 = CARTESIAN_POINT ( 'NONE',  ( 4.899999999999999467, -2.550515463917519821, -5.899999999999999467 ) ) ;
#1894 = CARTESIAN_POINT ( 'NONE',  ( -0.7967663502707699186, 21.69999999999999929, -2.404700010220584883 ) ) ;
#1895 = MANIFOLD_SOLID_BREP ( 'Fillet1', #8445 ) ;
#1896 = DIRECTION ( 'NONE',  ( 0.000000000000000000, 0.000000000000000000, 1.000000000000000000 ) ) ;
#1897 = DIRECTION ( 'NONE',  ( -1.355252715606880049E-16, 1.000000000000000000, -1.358334161808126159E-32 ) ) ;
#1898 = VECTOR ( 'NONE', #1969, 1000.000000000000000 ) ;
#1899 = AXIS2_PLACEMENT_3D ( 'NONE', #4100, #2871, #6911 ) ;
#1900 = FACE_OUTER_BOUND ( 'NONE', #8468, .T. ) ;
#1901 = EDGE_CURVE ( 'NONE', #3287, #3718, #5413, .T. ) ;
#1902 = DIRECTION ( 'NONE',  ( 1.000000000000000000, 0.000000000000000000, 0.000000000000000000 ) ) ;
#1903 = CARTESIAN_POINT ( 'NONE',  ( -1.734723475976804925E-15, 0.4500000000000000111, 5.000000000000000000 ) ) ;
#1904 = DIRECTION ( 'NONE',  ( 0.000000000000000000, 0.000000000000000000, -1.000000000000000000 ) ) ;
#1905 = DIRECTION ( 'NONE',  ( 1.000000000000000000, 0.000000000000000000, 1.232047923278981706E-16 ) ) ;
#1906 = CARTESIAN_POINT ( 'NONE',  ( 0.000000000000000000, 21.69999999999999929, 0.5999999999999999778 ) ) ;
#1907 = LINE ( 'NONE', #1960, #4714 ) ;
#1908 = AXIS2_PLACEMENT_3D ( 'NONE', #3309, #8895, #4782 ) ;
#1909 = CIRCLE ( 'NONE', #750, 2.499999999999992450 ) ;
#1910 = ORIENTED_EDGE ( 'NONE', *, *, #5443, .T. ) ;
#1911 = MECHANICAL_DESIGN_GEOMETRIC_PRESENTATION_REPRESENTATION (  '', ( #5456 ), #5026 ) ;
#1912 = ORIENTED_EDGE ( 'NONE', *, *, #2428, .T. ) ;
#1913 = CIRCLE ( 'NONE', #5174, 0.6750000000000002665 ) ;
#1914 = AXIS2_PLACEMENT_3D ( 'NONE', #8835, #4725, #5378 ) ;
#1915 = ORIENTED_EDGE ( 'NONE', *, *, #4626, .T. ) ;
#1916 = FACE_OUTER_BOUND ( 'NONE', #6646, .T. ) ;
#1917 = AXIS2_PLACEMENT_3D ( 'NONE', #849, #4332, #1532 ) ;
#1918 = FACE_OUTER_BOUND ( 'NONE', #1688, .T. ) ;
#1919 = DIRECTION ( 'NONE',  ( 1.000000000000000000, -0.000000000000000000, 0.000000000000000000 ) ) ;
#1920 = CARTESIAN_POINT ( 'NONE',  ( 4.500000000000000000, 4.849484536082480091, 0.4000000000000065170 ) ) ;
#1921 = EDGE_CURVE ( 'NONE', #4975, #3054, #4070, .T. ) ;
#1922 = ORIENTED_EDGE ( 'NONE', *, *, #5125, .F. ) ;
#1923 = EDGE_CURVE ( 'NONE', #7346, #8471, #2508, .T. ) ;
#1924 = ORIENTED_EDGE ( 'NONE', *, *, #1798, .F. ) ;
#1925 = AXIS2_PLACEMENT_3D ( 'NONE', #2649, #3437, #2606 ) ;
#1926 = DIRECTION ( 'NONE',  ( 1.000000000000000000, 0.000000000000000000, 0.000000000000000000 ) ) ;
#1927 = ORIENTED_EDGE ( 'NONE', *, *, #335, .T. ) ;
#1928 = EDGE_CURVE ( 'NONE', #1846, #4203, #7541, .T. ) ;
#1929 = ORIENTED_EDGE ( 'NONE', *, *, #3921, .F. ) ;
#1930 = CYLINDRICAL_SURFACE ( 'NONE', #3113, 4.100000000000000533 ) ;
#1931 = CIRCLE ( 'NONE', #7689, 3.000000000000000000 ) ;
#1932 = DIRECTION ( 'NONE',  ( -1.000000000000000000, 1.761828530288927548E-15, 0.000000000000000000 ) ) ;
#1933 = DIRECTION ( 'NONE',  ( -1.000000000000000000, 0.000000000000000000, 0.000000000000000000 ) ) ;
#1934 = EDGE_CURVE ( 'NONE', #6940, #680, #3891, .T. ) ;
#1935 = ORIENTED_EDGE ( 'NONE', *, *, #1054, .F. ) ;
#1936 = DIRECTION ( 'NONE',  ( 0.000000000000000000, 0.000000000000000000, 1.000000000000000000 ) ) ;
#1937 = CIRCLE ( 'NONE', #1791, 0.4000000000000001887 ) ;
#1938 = ORIENTED_EDGE ( 'NONE', *, *, #4481, .T. ) ;
#1939 = ORIENTED_EDGE ( 'NONE', *, *, #2212, .T. ) ;
#1940 = DIRECTION ( 'NONE',  ( 0.000000000000000000, 1.000000000000000000, 0.000000000000000000 ) ) ;
#1941 = VECTOR ( 'NONE', #3738, 1000.000000000000000 ) ;
#1942 = LINE ( 'NONE', #6830, #1002 ) ;
#1943 = ADVANCED_FACE ( 'NONE', ( #8144 ), #2694, .F. ) ;
#1944 = LINE ( 'NONE', #4107, #352 ) ;
#1945 = DIRECTION ( 'NONE',  ( -1.931541112668180039E-15, 1.551245237481414839E-31, 1.000000000000000000 ) ) ;
#1946 = DIRECTION ( 'NONE',  ( 1.000000000000000000, 0.000000000000000000, 0.000000000000000000 ) ) ;
#1947 = DIRECTION ( 'NONE',  ( 1.224646799147353207E-16, 1.000000000000000000, 0.000000000000000000 ) ) ;
#1948 = DIRECTION ( 'NONE',  ( 0.000000000000000000, -1.000000000000000000, 0.000000000000000000 ) ) ;
#1949 = ORIENTED_EDGE ( 'NONE', *, *, #5516, .T. ) ;
#1950 = EDGE_CURVE ( 'NONE', #1745, #6707, #9046, .T. ) ;
#1951 = DIRECTION ( 'NONE',  ( 0.000000000000000000, -1.000000000000000000, 1.445602896647340100E-15 ) ) ;
#1952 = LINE ( 'NONE', #4767, #3186 ) ;
#1953 = DIRECTION ( 'NONE',  ( 0.000000000000000000, 0.000000000000000000, -1.000000000000000000 ) ) ;
#1954 = VECTOR ( 'NONE', #5279, 1000.000000000000000 ) ;
#1955 = EDGE_CURVE ( 'NONE', #8850, #4981, #4668, .T. ) ;
#1956 = FACE_OUTER_BOUND ( 'NONE', #382, .T. ) ;
#1957 = CARTESIAN_POINT ( 'NONE',  ( -4.500000000000000000, -3.050515463917519821, -5.899999999999999467 ) ) ;
#1958 = ORIENTED_EDGE ( 'NONE', *, *, #9003, .F. ) ;
#1959 = CARTESIAN_POINT ( 'NONE',  ( -3.600000000000000089, 5.150000000000000355, 0.000000000000000000 ) ) ;
#1960 = CARTESIAN_POINT ( 'NONE',  ( 4.400000000000000355, -5.950000000000000178, 5.000000000000000000 ) ) ;
#1961 = ADVANCED_FACE ( 'NONE', ( #626 ), #3428, .T. ) ;
#1962 = MANIFOLD_SOLID_BREP ( 'NONE', #4299 ) ;
#1963 = ORIENTED_EDGE ( 'NONE', *, *, #4525, .F. ) ;
#1964 = PRESENTATION_LAYER_ASSIGNMENT (  '', '', ( #2269 ) ) ;
#1965 = AXIS2_PLACEMENT_3D ( 'NONE', #4210, #724, #8058 ) ;
#1966 = EDGE_LOOP ( 'NONE', ( #8375, #5274, #5813, #568 ) ) ;
#1967 = ORIENTED_EDGE ( 'NONE', *, *, #1633, .T. ) ;
#1968 = LINE ( 'NONE', #5615, #1787 ) ;
#1969 = DIRECTION ( 'NONE',  ( -1.000000000000000000, -2.168404344971010446E-15, 0.000000000000000000 ) ) ;
#1970 = CARTESIAN_POINT ( 'NONE',  ( -0.9762697651501759388, 20.89999999999999858, 3.152284464583364976 ) ) ;
#1971 = AXIS2_PLACEMENT_3D ( 'NONE', #5617, #785, #6400 ) ;
#1972 = DIRECTION ( 'NONE',  ( 0.000000000000000000, 1.000000000000000000, 0.000000000000000000 ) ) ;
#1973 = VECTOR ( 'NONE', #2467, 1000.000000000000000 ) ;
#1974 = VERTEX_POINT ( 'NONE', #763 ) ;
#1975 = VERTEX_POINT ( 'NONE', #4286 ) ;
#1976 = VERTEX_POINT ( 'NONE', #3562 ) ;
#1977 = ORIENTED_EDGE ( 'NONE', *, *, #3040, .F. ) ;
#1978 = CARTESIAN_POINT ( 'NONE',  ( 1.750000000000000000, -6.500000000000000000, 1.100000000000000089 ) ) ;
#1979 = DIRECTION ( 'NONE',  ( -1.000000000000000000, 0.000000000000000000, 0.000000000000000000 ) ) ;
#1980 = CARTESIAN_POINT ( 'NONE',  ( 4.400000000000000355, -2.700000000000000178, 0.1000000000000000056 ) ) ;
#1981 = SHAPE_REPRESENTATION ( 'PT01-D_HOUSING', ( #4288, #5202, #8145 ), #337 ) ;
#1982 = ORIENTED_EDGE ( 'NONE', *, *, #4836, .T. ) ;
#1983 = CARTESIAN_POINT ( 'NONE',  ( 1.090871211463566137, -0.05000000000000070360, 0.000000000000000000 ) ) ;
#1984 = PRODUCT_DEFINITION ( 'UNKNOWN', '', #7555, #4774 ) ;
#1985 = ORIENTED_EDGE ( 'NONE', *, *, #7543, .T. ) ;
#1986 = ORIENTED_EDGE ( 'NONE', *, *, #4343, .T. ) ;
#1987 = DIRECTION ( 'NONE',  ( 0.000000000000000000, 1.000000000000000000, 0.000000000000000000 ) ) ;
#1988 = DIRECTION ( 'NONE',  ( 0.000000000000000000, -1.000000000000000000, 0.000000000000000000 ) ) ;
#1989 = VECTOR ( 'NONE', #2189, 1000.000000000000000 ) ;
#1990 = CARTESIAN_POINT ( 'NONE',  ( 0.8032336497292300592, 20.19999999999999929, -0.8947000102205828753 ) ) ;
#1991 = LINE ( 'NONE', #2783, #5076 ) ;
#1992 = FACE_OUTER_BOUND ( 'NONE', #2410, .T. ) ;
#1993 = ORIENTED_EDGE ( 'NONE', *, *, #8046, .F. ) ;
#1994 = DIRECTION ( 'NONE',  ( 0.000000000000000000, 0.000000000000000000, -1.000000000000000000 ) ) ;
#1995 = DIRECTION ( 'NONE',  ( 0.000000000000000000, 0.000000000000000000, -1.000000000000000000 ) ) ;
#1996 = ORIENTED_EDGE ( 'NONE', *, *, #4054, .T. ) ;
#1997 = EDGE_CURVE ( 'NONE', #4062, #3903, #2040, .T. ) ;
#1998 = AXIS2_PLACEMENT_3D ( 'NONE', #3424, #2878, #3513 ) ;
#1999 = CARTESIAN_POINT ( 'NONE',  ( -4.500000000000000000, -5.450515463917520620, 0.4000000000000000222 ) ) ;
#2000 = DIRECTION ( 'NONE',  ( 0.000000000000000000, -3.469446951953610245E-16, -1.000000000000000000 ) ) ;
#2001 = ADVANCED_FACE ( 'NONE', ( #2742 ), #6377, .T. ) ;
#2002 = CARTESIAN_POINT ( 'NONE',  ( 0.000000000000000000, -6.700000000000000178, 0.000000000000000000 ) ) ;
#2003 = DIRECTION ( 'NONE',  ( 0.000000000000000000, 0.000000000000000000, -1.000000000000000000 ) ) ;
#2004 = DIRECTION ( 'NONE',  ( -0.6560590289905088301, 0.000000000000000000, 0.7547095802227707928 ) ) ;
#2005 = DIRECTION ( 'NONE',  ( 0.000000000000000000, 0.000000000000000000, 1.000000000000000000 ) ) ;
#2006 = PLANE ( 'NONE',  #1914 ) ;
#2007 = ORIENTED_EDGE ( 'NONE', *, *, #5367, .T. ) ;
#2008 = VECTOR ( 'NONE', #1902, 1000.000000000000000 ) ;
#2009 = ADVANCED_FACE ( 'NONE', ( #9056 ), #5548, .T. ) ;
#2010 = VERTEX_POINT ( 'NONE', #4905 ) ;
#2011 = FACE_OUTER_BOUND ( 'NONE', #6900, .T. ) ;
#2012 = ORIENTED_EDGE ( 'NONE', *, *, #3567, .F. ) ;
#2013 = DIRECTION ( 'NONE',  ( 1.000000000000000000, 0.000000000000000000, 0.000000000000000000 ) ) ;
#2014 = EDGE_CURVE ( 'NONE', #648, #5222, #5602, .T. ) ;
#2015 = DIRECTION ( 'NONE',  ( -1.931541112668180039E-15, 0.000000000000000000, 1.000000000000000000 ) ) ;
#2016 = FACE_OUTER_BOUND ( 'NONE', #2757, .T. ) ;
#2017 = VECTOR ( 'NONE', #5143, 1000.000000000000000 ) ;
#2018 = CARTESIAN_POINT ( 'NONE',  ( -3.399999999999999911, -0.05202383709185160604, 0.5000000000000000000 ) ) ;
#2019 = ORIENTED_EDGE ( 'NONE', *, *, #2726, .F. ) ;
#2020 = DIRECTION ( 'NONE',  ( 1.000000000000000000, 0.000000000000000000, 0.000000000000000000 ) ) ;
#2021 = AXIS2_PLACEMENT_3D ( 'NONE', #5448, #8178, #1303 ) ;
#2022 = VERTEX_POINT ( 'NONE', #7022 ) ;
#2023 = EDGE_LOOP ( 'NONE', ( #5714, #5785, #458, #4513 ) ) ;
#2024 = DIRECTION ( 'NONE',  ( 1.000000000000000000, 0.000000000000000000, 0.000000000000000000 ) ) ;
#2025 = ADVANCED_FACE ( 'NONE', ( #2882 ), #4807, .F. ) ;
#2026 = FACE_OUTER_BOUND ( 'NONE', #6201, .T. ) ;
#2027 = DIRECTION ( 'NONE',  ( 1.000000000000000000, 0.000000000000000000, 0.000000000000000000 ) ) ;
#2028 = VERTEX_POINT ( 'NONE', #7806 ) ;
#2029 = VECTOR ( 'NONE', #8149, 1000.000000000000000 ) ;
#2030 = DIRECTION ( 'NONE',  ( -1.931541112668180039E-15, 1.141265444721583757E-16, 1.000000000000000000 ) ) ;
#2031 = ORIENTED_EDGE ( 'NONE', *, *, #735, .T. ) ;
#2032 = ORIENTED_EDGE ( 'NONE', *, *, #9051, .T. ) ;
#2033 = CARTESIAN_POINT ( 'NONE',  ( 0.5000000000000000000, 20.89999999999999858, 2.299999999999999822 ) ) ;
#2034 = DIRECTION ( 'NONE',  ( 1.000000000000000000, 1.734723475976804876E-16, 0.000000000000000000 ) ) ;
#2035 = CARTESIAN_POINT ( 'NONE',  ( 5.259901047426960297, 0.4494845360824790137, -9.291887738487540460 ) ) ;
#2036 = LINE ( 'NONE', #3373, #3749 ) ;
#2037 = DIRECTION ( 'NONE',  ( 0.000000000000000000, 0.000000000000000000, 1.000000000000000000 ) ) ;
#2038 = ORIENTED_EDGE ( 'NONE', *, *, #2051, .F. ) ;
#2039 = DIRECTION ( 'NONE',  ( -1.000000000000000000, 0.000000000000000000, 0.000000000000000000 ) ) ;
#2040 = LINE ( 'NONE', #5592, #4862 ) ;
#2041 = ORIENTED_EDGE ( 'NONE', *, *, #4541, .F. ) ;
#2042 = EDGE_CURVE ( 'NONE', #5944, #1334, #5643, .T. ) ;
#2043 = DIRECTION ( 'NONE',  ( 1.000000000000000000, -1.606225440719264641E-16, 1.931541112668180039E-15 ) ) ;
#2044 = EDGE_CURVE ( 'NONE', #8066, #742, #8460, .T. ) ;
#2045 = CARTESIAN_POINT ( 'NONE',  ( -1.734723475976804925E-15, 0.4500000000000000111, 2.500000000000000000 ) ) ;
#2046 = CARTESIAN_POINT ( 'NONE',  ( 1.479999999999999982, 21.50000000000000000, 0.8499999999999999778 ) ) ;
#2047 = FACE_OUTER_BOUND ( 'NONE', #6406, .T. ) ;
#2049 = ORIENTED_EDGE ( 'NONE', *, *, #504, .F. ) ;
#2048 = VECTOR ( 'NONE', #2129, 1000.000000000000000 ) ;
#2050 = DIRECTION ( 'NONE',  ( 0.000000000000000000, 0.000000000000000000, -1.000000000000000000 ) ) ;
#2051 = EDGE_CURVE ( 'NONE', #5747, #6877, #4241, .T. ) ;
#2052 = DIRECTION ( 'NONE',  ( 1.000000000000000000, 0.000000000000000000, 1.931541112668180039E-15 ) ) ;
#2053 = MANIFOLD_SOLID_BREP ( 'NONE', #2698 ) ;
#2054 = ORIENTED_EDGE ( 'NONE', *, *, #8162, .T. ) ;
#2055 = AXIS2_PLACEMENT_3D ( 'NONE', #3118, #2202, #3807 ) ;
#2056 = CARTESIAN_POINT ( 'NONE',  ( -1.129999999999999893, 21.69999999999999929, 0.8499999999999999778 ) ) ;
#2057 = ORIENTED_EDGE ( 'NONE', *, *, #8713, .T. ) ;
#2058 = FACE_BOUND ( 'NONE', #4183, .T. ) ;
#2059 = ORIENTED_EDGE ( 'NONE', *, *, #5675, .T. ) ;
#2060 = CYLINDRICAL_SURFACE ( 'NONE', #628, 1.200000000000059908 ) ;
#2061 = FACE_OUTER_BOUND ( 'NONE', #3410, .T. ) ;
#2062 = FACE_OUTER_BOUND ( 'NONE', #4998, .T. ) ;
#2063 = EDGE_CURVE ( 'NONE', #4271, #6927, #6426, .T. ) ;
#2064 = CARTESIAN_POINT ( 'NONE',  ( 4.500000000000000000, 4.049484536082480268, -4.299999999999999822 ) ) ;
#2065 = CIRCLE ( 'NONE', #7069, 0.4000000000000001887 ) ;
#2066 = ORIENTED_EDGE ( 'NONE', *, *, #5854, .T. ) ;
#2067 = CIRCLE ( 'NONE', #6334, 0.1500000000000000777 ) ;
#2068 = EDGE_CURVE ( 'NONE', #4242, #2624, #7, .T. ) ;
#2069 = AXIS2_PLACEMENT_3D ( 'NONE', #6661, #7636, #4027 ) ;
#2070 = VERTEX_POINT ( 'NONE', #5139 ) ;
#2071 = VECTOR ( 'NONE', #1490, 1000.000000000000000 ) ;
#2072 = PRODUCT_DEFINITION_SHAPE ( 'NONE', 'NONE',  #6379 ) ;
#2073 = EDGE_LOOP ( 'NONE', ( #8339, #7253, #3163, #7472, #1773, #3447, #4507, #6644, #5584, #6038, #970 ) ) ;
#2074 = LINE ( 'NONE', #4140, #6050 ) ;
#2075 = DIRECTION ( 'NONE',  ( 0.000000000000000000, 0.000000000000000000, -1.000000000000000000 ) ) ;
#2076 = DIRECTION ( 'NONE',  ( 0.000000000000000000, -1.000000000000000000, 0.000000000000000000 ) ) ;
#2077 = ADVANCED_FACE ( 'NONE', ( #162 ), #6645, .T. ) ;
#2078 = AXIS2_PLACEMENT_3D ( 'NONE', #5858, #8719, #4318 ) ;
#2079 = VERTEX_POINT ( 'NONE', #7268 ) ;
#2080 = CARTESIAN_POINT ( 'NONE',  ( -5.538016780164189967, -1.550515463917520043, -8.133954347177779098 ) ) ;
#2081 = ORIENTED_EDGE ( 'NONE', *, *, #5931, .T. ) ;
#2082 = ADVANCED_FACE ( 'NONE', ( #1028 ), #2230, .F. ) ;
#2083 = AXIS2_PLACEMENT_3D ( 'NONE', #459, #6117, #5473 ) ;
#2084 = ORIENTED_EDGE ( 'NONE', *, *, #1719, .F. ) ;
#2085 = PLANE ( 'NONE',  #7695 ) ;
#2086 = FACE_OUTER_BOUND ( 'NONE', #1021, .T. ) ;
#2087 = CARTESIAN_POINT ( 'NONE',  ( 3.000000000000000000, 3.649484536082480357, 0.4000000000000000222 ) ) ;
#2088 = CARTESIAN_POINT ( 'NONE',  ( -3.250000000000000000, -5.549999999999999822, 1.000000000000000000 ) ) ;
#2089 = DIRECTION ( 'NONE',  ( -2.491288438666615119E-16, -1.000000000000000000, -3.559366888705205049E-31 ) ) ;
#2090 = EDGE_LOOP ( 'NONE', ( #5369, #4094, #30, #1453 ) ) ;
#2091 = CARTESIAN_POINT ( 'NONE',  ( -1.891663167769255027, 18.50000000000000000, 3.353223890482888159 ) ) ;
#2092 = DIRECTION ( 'NONE',  ( 8.850629979473508477E-17, -1.000000000000000000, 0.000000000000000000 ) ) ;
#2093 = ORIENTED_EDGE ( 'NONE', *, *, #8188, .F. ) ;
#2094 = CIRCLE ( 'NONE', #5189, 3.300000000000000266 ) ;
#2095 = CIRCLE ( 'NONE', #2244, 3.500000000000000000 ) ;
#2096 = DIRECTION ( 'NONE',  ( 0.000000000000000000, 1.000000000000000000, 3.260780805318075053E-31 ) ) ;
#2097 = CARTESIAN_POINT ( 'NONE',  ( -0.6500000000000000222, 0.4500000000000000111, 1.800000000000000044 ) ) ;
#2098 = DIRECTION ( 'NONE',  ( 8.850629979473508477E-17, -1.000000000000000000, 0.000000000000000000 ) ) ;
#2099 = CARTESIAN_POINT ( 'NONE',  ( 3.673940397442059868E-16, -6.500000000000002665, -3.000000000000000000 ) ) ;
#2100 = CARTESIAN_POINT ( 'NONE',  ( 0.000000000000000000, -0.5505154639175199316, 0.4000000000000000222 ) ) ;
#2101 = ORIENTED_EDGE ( 'NONE', *, *, #5708, .F. ) ;
#2102 = PLANE ( 'NONE',  #3682 ) ;
#2103 = DIRECTION ( 'NONE',  ( 1.000000000000000000, -1.606225440719264641E-16, 1.931541112668180039E-15 ) ) ;
#2104 = ADVANCED_FACE ( 'NONE', ( #7907 ), #6602, .T. ) ;
#2105 = UNCERTAINTY_MEASURE_WITH_UNIT (LENGTH_MEASURE( 1.000000000000000082E-05 ), #7434, 'distance_accuracy_value', 'NONE');
#2106 = ORIENTED_EDGE ( 'NONE', *, *, #6880, .F. ) ;
#2107 = CIRCLE ( 'NONE', #7137, 0.6750000000000002665 ) ;
#2108 = DIRECTION ( 'NONE',  ( 8.850629979473508477E-17, -1.000000000000000000, 0.000000000000000000 ) ) ;
#2109 = ORIENTED_EDGE ( 'NONE', *, *, #1003, .F. ) ;
#2110 = CARTESIAN_POINT ( 'NONE',  ( 0.000000000000000000, 0.000000000000000000, 0.000000000000000000 ) ) ;
#2111 = ORIENTED_EDGE ( 'NONE', *, *, #5997, .F. ) ;
#2112 = DIRECTION ( 'NONE',  ( 0.000000000000000000, 1.000000000000000000, 0.000000000000000000 ) ) ;
#2113 = PLANE ( 'NONE',  #6704 ) ;
#2114 = CARTESIAN_POINT ( 'NONE',  ( -2.500000000000000000, -6.400000000000000355, 1.000000000000000000 ) ) ;
#2115 = CARTESIAN_POINT ( 'NONE',  ( -0.6500000000000000222, 0.4500000000000000111, 0.000000000000000000 ) ) ;
#2116 = AXIS2_PLACEMENT_3D ( 'NONE', #967, #3075, #2027 ) ;
#2117 = EDGE_LOOP ( 'NONE', ( #2825, #6634, #3089, #7886 ) ) ;
#2118 = CIRCLE ( 'NONE', #5492, 0.8000000000000003775 ) ;
#2119 = AXIS2_PLACEMENT_3D ( 'NONE', #3761, #263, #5930 ) ;
#2120 = DIRECTION ( 'NONE',  ( 0.000000000000000000, 0.000000000000000000, 1.000000000000000000 ) ) ;
#2121 = EDGE_CURVE ( 'NONE', #2785, #1307, #2658, .T. ) ;
#2122 = ORIENTED_EDGE ( 'NONE', *, *, #4314, .T. ) ;
#2123 = ORIENTED_EDGE ( 'NONE', *, *, #8472, .T. ) ;
#2124 = VECTOR ( 'NONE', #5260, 1000.000000000000000 ) ;
#2125 = DIRECTION ( 'NONE',  ( 0.000000000000000000, 1.000000000000000000, 0.000000000000000000 ) ) ;
#2126 = DIRECTION ( 'NONE',  ( -0.6560590289905040562, 0.000000000000000000, 0.7547095802227749006 ) ) ;
#2127 = ADVANCED_FACE ( 'NONE', ( #5784 ), #7859, .T. ) ;
#2128 = ORIENTED_EDGE ( 'NONE', *, *, #7195, .F. ) ;
#2129 = DIRECTION ( 'NONE',  ( 0.000000000000000000, 0.000000000000000000, 1.000000000000000000 ) ) ;
#2130 = VERTEX_POINT ( 'NONE', #8644 ) ;
#2131 = VECTOR ( 'NONE', #6607, 1000.000000000000000 ) ;
#2132 = EDGE_CURVE ( 'NONE', #4695, #4737, #5834, .T. ) ;
#2133 = ORIENTED_EDGE ( 'NONE', *, *, #2915, .T. ) ;
#2134 = DIRECTION ( 'NONE',  ( 0.000000000000000000, 0.000000000000000000, 1.000000000000000000 ) ) ;
#2135 = PLANE ( 'NONE',  #1579 ) ;
#2136 = ADVANCED_FACE ( 'NONE', ( #2367 ), #1623, .F. ) ;
#2137 = FACE_OUTER_BOUND ( 'NONE', #2534, .T. ) ;
#2138 = CARTESIAN_POINT ( 'NONE',  ( 4.400000000000000355, -5.549999999999999822, 1.300000000000000044 ) ) ;
#2139 = ORIENTED_EDGE ( 'NONE', *, *, #4700, .F. ) ;
#2140 = LINE ( 'NONE', #4951, #2071 ) ;
#2141 = CARTESIAN_POINT ( 'NONE',  ( 0.000000000000000000, 3.600000000000000089, 0.000000000000000000 ) ) ;
#2142 = ORIENTED_EDGE ( 'NONE', *, *, #2604, .T. ) ;
#2143 = LINE ( 'NONE', #3613, #6775 ) ;
#2144 = CYLINDRICAL_SURFACE ( 'NONE', #6719, 0.3500000000000000333 ) ;
#2145 = DIRECTION ( 'NONE',  ( 0.000000000000000000, 0.000000000000000000, 1.000000000000000000 ) ) ;
#2146 = EDGE_CURVE ( 'NONE', #8574, #2455, #5874, .T. ) ;
#2147 = CARTESIAN_POINT ( 'NONE',  ( 4.899999999999999467, 4.349484536082480091, -4.299999999999999822 ) ) ;
#2148 = ORIENTED_EDGE ( 'NONE', *, *, #1690, .F. ) ;
#2149 = CARTESIAN_POINT ( 'NONE',  ( 1.369999999999999440, 18.50000000000000000, 3.349876971653937829 ) ) ;
#2150 = FACE_OUTER_BOUND ( 'NONE', #401, .T. ) ;
#2151 = AXIS2_PLACEMENT_3D ( 'NONE', #6014, #3929, #8786 ) ;
#2152 = VERTEX_POINT ( 'NONE', #2411 ) ;
#2153 = CARTESIAN_POINT ( 'NONE',  ( 2.500000000000000000, -6.700000000000000178, 1.100000000000000089 ) ) ;
#2154 = ORIENTED_EDGE ( 'NONE', *, *, #4891, .F. ) ;
#2155 = CARTESIAN_POINT ( 'NONE',  ( -4.400000000000000355, -5.150000000000000355, 5.000000000000000000 ) ) ;
#2156 = VERTEX_POINT ( 'NONE', #5919 ) ;
#2157 = LINE ( 'NONE', #2760, #6205 ) ;
#2158 = CARTESIAN_POINT ( 'NONE',  ( 1.479999999999999982, 21.69999999999999929, 0.4999999999999998890 ) ) ;
#2159 = LINE ( 'NONE', #3495, #6243 ) ;
#2160 = LINE ( 'NONE', #7785, #1333 ) ;
#2161 = VERTEX_POINT ( 'NONE', #5233 ) ;
#2162 = APPLICATION_PROTOCOL_DEFINITION ( 'draft international standard', 'automotive_design', 1998, #4996 ) ;
#2163 = VERTEX_POINT ( 'NONE', #2590 ) ;
#2164 = VECTOR ( 'NONE', #8187, 1000.000000000000000 ) ;
#2165 = ORIENTED_EDGE ( 'NONE', *, *, #1220, .F. ) ;
#2166 = EDGE_CURVE ( 'NONE', #5173, #6878, #1159, .T. ) ;
#2167 = LINE ( 'NONE', #9085, #6328 ) ;
#2168 = EDGE_LOOP ( 'NONE', ( #4986, #3220, #3088, #2440 ) ) ;
#2169 = EDGE_CURVE ( 'NONE', #1884, #1139, #5962, .T. ) ;
#2170 = DIRECTION ( 'NONE',  ( 8.850629979473508477E-17, 1.000000000000000000, 0.000000000000000000 ) ) ;
#2171 = ORIENTED_EDGE ( 'NONE', *, *, #398, .F. ) ;
#2172 = VECTOR ( 'NONE', #8498, 1000.000000000000000 ) ;
#2173 = ORIENTED_EDGE ( 'NONE', *, *, #6366, .F. ) ;
#2174 = FACE_OUTER_BOUND ( 'NONE', #1109, .T. ) ;
#2175 = DIRECTION ( 'NONE',  ( 0.000000000000000000, 0.000000000000000000, 1.000000000000000000 ) ) ;
#2176 = VECTOR ( 'NONE', #4400, 1000.000000000000000 ) ;
#2177 = CARTESIAN_POINT ( 'NONE',  ( -4.500000000000000000, 2.849484536082479647, -6.799999999999999822 ) ) ;
#2178 = CARTESIAN_POINT ( 'NONE',  ( -4.500000000000000000, -3.550515463917519821, -4.299999999999999822 ) ) ;
#2179 = ORIENTED_EDGE ( 'NONE', *, *, #8089, .T. ) ;
#2180 = FACE_OUTER_BOUND ( 'NONE', #1153, .T. ) ;
#2181 = EDGE_CURVE ( 'NONE', #6923, #2010, #474, .T. ) ;
#2182 = DIRECTION ( 'NONE',  ( 1.000000000000000000, 0.000000000000000000, 0.000000000000000000 ) ) ;
#2183 = ORIENTED_EDGE ( 'NONE', *, *, #2638, .T. ) ;
#2184 = EDGE_CURVE ( 'NONE', #2800, #5755, #2067, .T. ) ;
#2185 = CARTESIAN_POINT ( 'NONE',  ( 4.500000000000000000, -3.540251991789405240E-17, -5.799999999999999822 ) ) ;
#2186 = CYLINDRICAL_SURFACE ( 'NONE', #5265, 0.6500000000000000222 ) ;
#2187 = DIRECTION ( 'NONE',  ( 0.6560590289905018357, 0.000000000000000000, 0.7547095802227767880 ) ) ;
#2188 = CARTESIAN_POINT ( 'NONE',  ( -1.089941313553885793, -0.05202383709185200156, 0.5000000000000000000 ) ) ;
#2189 = DIRECTION ( 'NONE',  ( 0.000000000000000000, 0.000000000000000000, -1.000000000000000000 ) ) ;
#2190 = EDGE_LOOP ( 'NONE', ( #8864, #704, #7198, #3910 ) ) ;
#2191 = CARTESIAN_POINT ( 'NONE',  ( 0.5000000000000000000, 21.49999999999999645, 1.500000000000000000 ) ) ;
#2192 = CARTESIAN_POINT ( 'NONE',  ( -0.4712900224411577521, 18.89999999999999858, 0.2829480708788750798 ) ) ;
#2193 = EDGE_LOOP ( 'NONE', ( #4005, #5935, #7587, #2759 ) ) ;
#2194 = EDGE_CURVE ( 'NONE', #1602, #2795, #3225, .T. ) ;
#2195 = DIRECTION ( 'NONE',  ( -0.9063077870366461619, -8.021394870576824096E-17, 0.4226182617407075459 ) ) ;
#2196 = VERTEX_POINT ( 'NONE', #8086 ) ;
#2197 = DIRECTION ( 'NONE',  ( -1.734723475976808672E-15, 0.000000000000000000, 1.000000000000000000 ) ) ;
#2198 = ORIENTED_EDGE ( 'NONE', *, *, #1161, .F. ) ;
#2199 = DIRECTION ( 'NONE',  ( 0.000000000000000000, 0.000000000000000000, 1.000000000000000000 ) ) ;
#2200 = LINE ( 'NONE', #783, #7635 ) ;
#2201 = DIRECTION ( 'NONE',  ( 1.355252715606880937E-15, -0.000000000000000000, -1.000000000000000000 ) ) ;
#2202 = DIRECTION ( 'NONE',  ( -0.000000000000000000, 1.000000000000000000, 0.000000000000000000 ) ) ;
#2203 = CARTESIAN_POINT ( 'NONE',  ( -3.261177379365211682, 20.19999999999999929, -0.5047000102205829730 ) ) ;
#2204 = ORIENTED_EDGE ( 'NONE', *, *, #4933, .F. ) ;
#2205 = ORIENTED_EDGE ( 'NONE', *, *, #5118, .T. ) ;
#2206 = AXIS2_PLACEMENT_3D ( 'NONE', #325, #5817, #3128 ) ;
#2207 = ORIENTED_EDGE ( 'NONE', *, *, #1013, .T. ) ;
#2208 = EDGE_LOOP ( 'NONE', ( #499, #3853, #4157, #4052 ) ) ;
#2209 = DIRECTION ( 'NONE',  ( 1.215054158819961789E-16, 1.000000000000000000, 0.000000000000000000 ) ) ;
#2210 = AXIS2_PLACEMENT_3D ( 'NONE', #4168, #1316, #4121 ) ;
#2211 = CARTESIAN_POINT ( 'NONE',  ( -1.342230922150142280, 18.89999999999999858, -3.014700010220583426 ) ) ;
#2212 = EDGE_CURVE ( 'NONE', #3560, #1822, #3239, .T. ) ;
#2213 = VERTEX_POINT ( 'NONE', #1845 ) ;
#2214 = CARTESIAN_POINT ( 'NONE',  ( 1.750000000000000000, -6.400000000000000355, -1.350000000000000089 ) ) ;
#2215 = EDGE_LOOP ( 'NONE', ( #283, #4543, #2769, #7703, #3160, #5072, #2032 ) ) ;
#2216 = VECTOR ( 'NONE', #8250, 1000.000000000000000 ) ;
#2217 = ADVANCED_FACE ( 'NONE', ( #4654 ), #1799, .T. ) ;
#2218 = AXIS2_PLACEMENT_3D ( 'NONE', #8143, #5972, #7452 ) ;
#2219 = COLOUR_RGB ( '',0.7921568627450980005, 0.8196078431372548767, 0.9333333333333333481 ) ;
#2220 = ORIENTED_EDGE ( 'NONE', *, *, #421, .F. ) ;
#2221 = EDGE_CURVE ( 'NONE', #6427, #4875, #3960, .T. ) ;
#2222 = DIRECTION ( 'NONE',  ( -1.000000000000000000, -8.850629979473508477E-17, 0.000000000000000000 ) ) ;
#2223 = AXIS2_PLACEMENT_3D ( 'NONE', #8508, #4161, #3478 ) ;
#2224 = CARTESIAN_POINT ( 'NONE',  ( -3.000000000000000000, 3.649484536082480357, 0.4000000000000000222 ) ) ;
#2225 = AXIS2_PLACEMENT_3D ( 'NONE', #3162, #233, #2342 ) ;
#2226 = CARTESIAN_POINT ( 'NONE',  ( -1.479999999999999982, 21.69999999999999929, 1.000000000000000000 ) ) ;
#2227 = CARTESIAN_POINT ( 'NONE',  ( 0.0008203932499369629349, 21.69999999999999929, 4.781147327278690334E-17 ) ) ;
#2228 = ORIENTED_EDGE ( 'NONE', *, *, #7363, .T. ) ;
#2229 = CARTESIAN_POINT ( 'NONE',  ( -0.7500000000000000000, -5.549999999999999822, 1.300000000000000044 ) ) ;
#2230 = PLANE ( 'NONE',  #309 ) ;
#2231 = ORIENTED_EDGE ( 'NONE', *, *, #8042, .F. ) ;
#2232 = VECTOR ( 'NONE', #5485, 1000.000000000000000 ) ;
#2233 = EDGE_CURVE ( 'NONE', #1185, #8230, #7059, .T. ) ;
#2234 = CARTESIAN_POINT ( 'NONE',  ( 0.4000000000000000222, -6.400000000000000355, -1.350000000000000089 ) ) ;
#2235 = DIRECTION ( 'NONE',  ( -2.551063935260009998E-16, 1.000000000000000000, 0.000000000000000000 ) ) ;
#2236 = FACE_OUTER_BOUND ( 'NONE', #934, .T. ) ;
#2237 = LINE ( 'NONE', #1634, #7872 ) ;
#2238 = DIRECTION ( 'NONE',  ( 1.000000000000000000, 0.000000000000000000, 1.232047923278981706E-16 ) ) ;
#2239 = VECTOR ( 'NONE', #5351, 1000.000000000000000 ) ;
#2240 = ORIENTED_EDGE ( 'NONE', *, *, #3633, .F. ) ;
#2241 = CARTESIAN_POINT ( 'NONE',  ( -4.400000000000000355, 5.100000000000000533, 5.000000000000000000 ) ) ;
#2242 = EDGE_CURVE ( 'NONE', #8530, #8309, #2456, .T. ) ;
#2243 = PLANE ( 'NONE',  #4761 ) ;
#2244 = AXIS2_PLACEMENT_3D ( 'NONE', #4278, #4847, #5540 ) ;
#2245 = EDGE_CURVE ( 'NONE', #6032, #3326, #3368, .T. ) ;
#2246 = CYLINDRICAL_SURFACE ( 'NONE', #5318, 0.2000000000000000944 ) ;
#2247 = ORIENTED_EDGE ( 'NONE', *, *, #6275, .F. ) ;
#2248 = DIRECTION ( 'NONE',  ( 0.000000000000000000, 0.000000000000000000, 1.000000000000000000 ) ) ;
#2249 = VERTEX_POINT ( 'NONE', #1885 ) ;
#2250 = AXIS2_PLACEMENT_3D ( 'NONE', #1612, #1065, #1748 ) ;
#2251 = DIRECTION ( 'NONE',  ( 0.000000000000000000, 0.000000000000000000, 1.000000000000000000 ) ) ;
#2252 = PLANE ( 'NONE',  #4468 ) ;
#2253 = DIRECTION ( 'NONE',  ( 0.000000000000000000, 0.000000000000000000, -1.000000000000000000 ) ) ;
#2254 = CARTESIAN_POINT ( 'NONE',  ( -4.100000000000000533, 0.4500000000000000111, 2.500000000000000000 ) ) ;
#2255 = EDGE_CURVE ( 'NONE', #3636, #1027, #6693, .T. ) ;
#2256 = DIRECTION ( 'NONE',  ( -1.000000000000000000, 2.491288438666615119E-16, -1.734723475976805122E-15 ) ) ;
#2257 = ORIENTED_EDGE ( 'NONE', *, *, #6169, .T. ) ;
#2258 = ORIENTED_EDGE ( 'NONE', *, *, #5993, .T. ) ;
#2259 = ORIENTED_EDGE ( 'NONE', *, *, #8933, .F. ) ;
#2260 = DIRECTION ( 'NONE',  ( 0.000000000000000000, -1.000000000000000000, 0.000000000000000000 ) ) ;
#2261 = DIRECTION ( 'NONE',  ( 0.000000000000000000, -1.000000000000000000, 0.000000000000000000 ) ) ;
#2262 = CIRCLE ( 'NONE', #2116, 0.4000000000000001887 ) ;
#2263 = CARTESIAN_POINT ( 'NONE',  ( -0.4000000000000000222, -6.700000000000000178, -5.750000000000000000 ) ) ;
#2264 = CIRCLE ( 'NONE', #797, 0.3500000000000001443 ) ;
#2265 = ORIENTED_EDGE ( 'NONE', *, *, #2915, .F. ) ;
#2266 = LINE ( 'NONE', #7847, #8243 ) ;
#2267 = ORIENTED_EDGE ( 'NONE', *, *, #6410, .T. ) ;
#2268 = ORIENTED_EDGE ( 'NONE', *, *, #6638, .T. ) ;
#2269 = STYLED_ITEM ( 'NONE', ( #3639 ), #4942 ) ;
#2270 = ORIENTED_EDGE ( 'NONE', *, *, #2255, .T. ) ;
#2271 = FACE_OUTER_BOUND ( 'NONE', #565, .T. ) ;
#2272 = CARTESIAN_POINT ( 'NONE',  ( 5.238893727143790535, 0.4494845360824785141, -8.400000000000000355 ) ) ;
#2273 = ADVANCED_FACE ( 'NONE', ( #7528 ), #340, .F. ) ;
#2274 = LINE ( 'NONE', #1437, #3635 ) ;
#2275 = LINE ( 'NONE', #7213, #1628 ) ;
#2276 = VERTEX_POINT ( 'NONE', #1252 ) ;
#2277 = CARTESIAN_POINT ( 'NONE',  ( -3.674999999999999822, 3.649484536082480357, 0.000000000000000000 ) ) ;
#2278 = AXIS2_PLACEMENT_3D ( 'NONE', #7275, #8873, #3193 ) ;
#2279 = DIRECTION ( 'NONE',  ( 1.000000000000000000, 8.850629979473510942E-17, 0.000000000000000000 ) ) ;
#2280 = VERTEX_POINT ( 'NONE', #4010 ) ;
#2281 = CARTESIAN_POINT ( 'NONE',  ( 0.5000000000000000000, 21.49999999999999645, 1.500000000000000000 ) ) ;
#2282 = CARTESIAN_POINT ( 'NONE',  ( 0.9827370646086339701, 20.19999999999999929, 3.150274251846084450 ) ) ;
#2283 = LINE ( 'NONE', #5097, #1813 ) ;
#2284 = PLANE ( 'NONE',  #6545 ) ;
#2285 = CARTESIAN_POINT ( 'NONE',  ( 4.041334437186264524E-16, 2.549484536082479824, 0.4000000000000000222 ) ) ;
#2286 = VERTEX_POINT ( 'NONE', #429 ) ;
#2287 = CARTESIAN_POINT ( 'NONE',  ( 1.369999999999999440, 18.89999999999999858, 3.349876971653937829 ) ) ;
#2288 = EDGE_CURVE ( 'NONE', #7515, #7908, #3324, .T. ) ;
#2289 = CARTESIAN_POINT ( 'NONE',  ( 0.000000000000000000, 4.849484536082480091, 0.4000000000000000222 ) ) ;
#2290 = ORIENTED_EDGE ( 'NONE', *, *, #4506, .T. ) ;
#2291 = DIRECTION ( 'NONE',  ( 0.000000000000000000, 0.000000000000000000, 1.000000000000000000 ) ) ;
#2292 = EDGE_LOOP ( 'NONE', ( #6958, #2447, #341, #3002, #7599, #5545 ) ) ;
#2293 = DIRECTION ( 'NONE',  ( -1.000000000000000000, 0.000000000000000000, 0.000000000000000000 ) ) ;
#2294 = CARTESIAN_POINT ( 'NONE',  ( 0.6699999999999999289, 21.69999999999999929, 0.6000000000000000888 ) ) ;
#2295 = DIRECTION ( 'NONE',  ( -1.000000000000000000, 0.000000000000000000, 0.000000000000000000 ) ) ;
#2296 = VECTOR ( 'NONE', #7651, 1000.000000000000000 ) ;
#2297 = DIRECTION ( 'NONE',  ( 1.606225440719264641E-16, 1.000000000000000000, 3.102490474962825299E-31 ) ) ;
#2298 = ORIENTED_EDGE ( 'NONE', *, *, #4933, .T. ) ;
#2299 = ADVANCED_FACE ( 'NONE', ( #6823 ), #1119, .T. ) ;
#2300 = AXIS2_PLACEMENT_3D ( 'NONE', #7492, #2598, #5409 ) ;
#2301 = EDGE_CURVE ( 'NONE', #580, #7480, #526, .T. ) ;
#2302 = ORIENTED_EDGE ( 'NONE', *, *, #4281, .F. ) ;
#2303 = VERTEX_POINT ( 'NONE', #8264 ) ;
#2304 = LINE ( 'NONE', #5946, #1345 ) ;
#2305 = CARTESIAN_POINT ( 'NONE',  ( 4.500000000000000000, -5.150515463917519909, -6.799999999999999822 ) ) ;
#2306 =( NAMED_UNIT ( * ) SI_UNIT ( $, .STERADIAN. ) SOLID_ANGLE_UNIT ( ) );
#2307 = ORIENTED_EDGE ( 'NONE', *, *, #6413, .T. ) ;
#2308 = LINE ( 'NONE', #5861, #8691 ) ;
#2309 = ORIENTED_EDGE ( 'NONE', *, *, #7497, .T. ) ;
#2310 = CARTESIAN_POINT ( 'NONE',  ( -3.399999999999999911, -0.5505154639175199316, 4.599999999999999645 ) ) ;
#2311 = VECTOR ( 'NONE', #907, 1000.000000000000000 ) ;
#2312 = EDGE_CURVE ( 'NONE', #8348, #7932, #4747, .T. ) ;
#2313 = ORIENTED_EDGE ( 'NONE', *, *, #2414, .T. ) ;
#2314 = LINE ( 'NONE', #8590, #49 ) ;
#2315 = DIRECTION ( 'NONE',  ( 0.000000000000000000, -1.000000000000000000, 0.000000000000000000 ) ) ;
#2316 = CARTESIAN_POINT ( 'NONE',  ( -1.479999999999999982, 21.50000000000000000, 0.8499999999999999778 ) ) ;
#2317 = DIRECTION ( 'NONE',  ( -0.9999994735200916640, -0.000000000000000000, 0.001026138167772433323 ) ) ;
#2318 = ORIENTED_EDGE ( 'NONE', *, *, #7488, .F. ) ;
#2319 = CARTESIAN_POINT ( 'NONE',  ( -2.350000000000000089, -3.750000000000000000, 5.000000000000000000 ) ) ;
#2320 = CIRCLE ( 'NONE', #3496, 3.000000000000000000 ) ;
#2321 = EDGE_LOOP ( 'NONE', ( #6325, #4463, #5349, #142, #2101, #5294 ) ) ;
#2322 = AXIS2_PLACEMENT_3D ( 'NONE', #5182, #3181, #6001 ) ;
#2323 = CARTESIAN_POINT ( 'NONE',  ( -1.899999999999999911, 3.600000000000000089, 0.1000000000000000056 ) ) ;
#2324 = DIRECTION ( 'NONE',  ( 0.000000000000000000, 0.000000000000000000, -1.000000000000000000 ) ) ;
#2325 = PLANE ( 'NONE',  #3579 ) ;
#2326 = DIRECTION ( 'NONE',  ( 0.000000000000000000, 0.000000000000000000, 1.000000000000000000 ) ) ;
#2327 = CARTESIAN_POINT ( 'NONE',  ( -2.600000000000000089, 2.849484536082479647, -5.299999999999999822 ) ) ;
#2328 = EDGE_LOOP ( 'NONE', ( #7152, #359, #6127, #4685 ) ) ;
#2329 = EDGE_CURVE ( 'NONE', #5994, #3900, #7794, .T. ) ;
#2330 = FACE_OUTER_BOUND ( 'NONE', #407, .T. ) ;
#2331 = DIRECTION ( 'NONE',  ( 0.9063077870366488265, -2.257874111717931576E-16, 0.4226182617407018838 ) ) ;
#2332 = AXIS2_PLACEMENT_3D ( 'NONE', #1860, #5934, #2430 ) ;
#2333 = EDGE_CURVE ( 'NONE', #2984, #7052, #567, .T. ) ;
#2334 = CARTESIAN_POINT ( 'NONE',  ( 0.000000000000000000, 0.4000000000000000222, 1.000000000000000000 ) ) ;
#2335 = DIRECTION ( 'NONE',  ( 0.000000000000000000, 0.000000000000000000, 1.000000000000000000 ) ) ;
#2336 = ORIENTED_EDGE ( 'NONE', *, *, #2693, .T. ) ;
#2337 = EDGE_CURVE ( 'NONE', #992, #5196, #8354, .T. ) ;
#2338 = LINE ( 'NONE', #7144, #4225 ) ;
#2339 = DIRECTION ( 'NONE',  ( -1.000000000000000000, 0.000000000000000000, 0.000000000000000000 ) ) ;
#2340 = CARTESIAN_POINT ( 'NONE',  ( -3.000000000000000000, 4.649999999999999467, 5.599999999999999645 ) ) ;
#2341 = LINE ( 'NONE', #7191, #8549 ) ;
#2342 = DIRECTION ( 'NONE',  ( 1.000000000000000000, 0.000000000000000000, 0.000000000000000000 ) ) ;
#2343 = ORIENTED_EDGE ( 'NONE', *, *, #2546, .T. ) ;
#2344 = VERTEX_POINT ( 'NONE', #3 ) ;
#2345 = VERTEX_POINT ( 'NONE', #3366 ) ;
#2346 = LINE ( 'NONE', #6546, #3847 ) ;
#2347 = ADVANCED_FACE ( 'NONE', ( #3415 ), #7010, .F. ) ;
#2348 = CARTESIAN_POINT ( 'NONE',  ( 4.500000000000000000, -5.150515463917519909, -5.299999999999999822 ) ) ;
#2349 = SURFACE_SIDE_STYLE ('',( #281 ) ) ;
#2350 = ORIENTED_EDGE ( 'NONE', *, *, #1778, .T. ) ;
#2351 = AXIS2_PLACEMENT_3D ( 'NONE', #5358, #8863, #3918 ) ;
#2352 = EDGE_CURVE ( 'NONE', #5140, #7064, #6177, .T. ) ;
#2353 = DIRECTION ( 'NONE',  ( 8.659560562354936556E-17, -0.7071067811865473507, 0.7071067811865477948 ) ) ;
#2354 = ORIENTED_EDGE ( 'NONE', *, *, #239, .F. ) ;
#2355 = ORIENTED_EDGE ( 'NONE', *, *, #3417, .T. ) ;
#2356 = CARTESIAN_POINT ( 'NONE',  ( -4.500000000000000000, -3.550515463917519821, -4.299999999999999822 ) ) ;
#2357 = CIRCLE ( 'NONE', #7512, 0.4000000000000001887 ) ;
#2358 = ORIENTED_EDGE ( 'NONE', *, *, #7243, .F. ) ;
#2359 = DIRECTION ( 'NONE',  ( 1.000000000000000000, 0.000000000000000000, 0.000000000000000000 ) ) ;
#2360 = ADVANCED_FACE ( 'NONE', ( #6226 ), #4231, .T. ) ;
#2361 = CARTESIAN_POINT ( 'NONE',  ( -2.500000000000000000, -6.700000000000000178, -1.350000000000000089 ) ) ;
#2362 = DIRECTION ( 'NONE',  ( 0.000000000000000000, 1.000000000000000000, 0.000000000000000000 ) ) ;
#2363 = EDGE_LOOP ( 'NONE', ( #8712, #3751, #2545, #6817, #3879, #4305, #4501, #8290 ) ) ;
#2365 = AXIS2_PLACEMENT_3D ( 'NONE', #8298, #8937, #2620 ) ;
#2364 = FACE_OUTER_BOUND ( 'NONE', #2292, .T. ) ;
#2366 = EDGE_CURVE ( 'NONE', #5342, #3896, #9043, .T. ) ;
#2367 = FACE_OUTER_BOUND ( 'NONE', #5212, .T. ) ;
#2368 = EDGE_LOOP ( 'NONE', ( #5399, #7795, #8565, #1102 ) ) ;
#2369 = VECTOR ( 'NONE', #5558, 999.9999999999998863 ) ;
#2370 = VECTOR ( 'NONE', #3611, 1000.000000000000000 ) ;
#2371 = AXIS2_PLACEMENT_3D ( 'NONE', #3808, #317, #3119 ) ;
#2372 = FACE_OUTER_BOUND ( 'NONE', #2328, .T. ) ;
#2373 = VECTOR ( 'NONE', #535, 1000.000000000000000 ) ;
#2374 = CARTESIAN_POINT ( 'NONE',  ( -4.500000000000000000, -3.950515463917519732, -5.299999999999999822 ) ) ;
#2375 = LINE ( 'NONE', #3795, #8746 ) ;
#2376 = DIRECTION ( 'NONE',  ( 1.000000000000000000, 0.000000000000000000, 0.000000000000000000 ) ) ;
#2377 = CARTESIAN_POINT ( 'NONE',  ( -4.899999999999999467, 2.449484536082480179, -5.899999999999999467 ) ) ;
#2378 = DIRECTION ( 'NONE',  ( 0.000000000000000000, 0.000000000000000000, -1.000000000000000000 ) ) ;
#2379 = DIRECTION ( 'NONE',  ( -0.000000000000000000, 1.000000000000000000, -0.000000000000000000 ) ) ;
#2380 = VECTOR ( 'NONE', #7299, 1000.000000000000000 ) ;
#2381 = FACE_BOUND ( 'NONE', #600, .T. ) ;
#2382 = AXIS2_PLACEMENT_3D ( 'NONE', #6588, #279, #3994 ) ;
#2383 = FACE_OUTER_BOUND ( 'NONE', #973, .T. ) ;
#2384 = DIRECTION ( 'NONE',  ( 0.000000000000000000, 0.000000000000000000, -1.000000000000000000 ) ) ;
#2385 = ORIENTED_EDGE ( 'NONE', *, *, #8726, .T. ) ;
#2386 = PLANE ( 'NONE',  #5744 ) ;
#2387 = FACE_OUTER_BOUND ( 'NONE', #6023, .T. ) ;
#2388 = CIRCLE ( 'NONE', #8282, 0.7999999999999999334 ) ;
#2389 = EDGE_CURVE ( 'NONE', #3678, #7068, #1315, .T. ) ;
#2390 = VERTEX_POINT ( 'NONE', #9088 ) ;
#2391 = CONTEXT_DEPENDENT_SHAPE_REPRESENTATION ( #9112, #5685 ) ;
#2392 = VERTEX_POINT ( 'NONE', #613 ) ;
#2393 =( GEOMETRIC_REPRESENTATION_CONTEXT ( 3 ) GLOBAL_UNCERTAINTY_ASSIGNED_CONTEXT ( ( #3576 ) ) GLOBAL_UNIT_ASSIGNED_CONTEXT ( ( #2488, #4001, #5306 ) ) REPRESENTATION_CONTEXT ( 'NONE', 'WORKASPACE' ) );
#2394 = ORIENTED_EDGE ( 'NONE', *, *, #3813, .F. ) ;
#2395 = VERTEX_POINT ( 'NONE', #2679 ) ;
#2396 = CARTESIAN_POINT ( 'NONE',  ( 2.350000000000000089, 4.649999999999999467, 5.000000000000000000 ) ) ;
#2397 = FACE_OUTER_BOUND ( 'NONE', #2894, .T. ) ;
#2398 = FILL_AREA_STYLE ('',( #3732 ) ) ;
#2399 = ORIENTED_EDGE ( 'NONE', *, *, #8247, .T. ) ;
#2400 = ORIENTED_EDGE ( 'NONE', *, *, #1839, .T. ) ;
#2401 = CYLINDRICAL_SURFACE ( 'NONE', #2250, 0.4000000000000001887 ) ;
#2402 = VERTEX_POINT ( 'NONE', #1983 ) ;
#2403 = ADVANCED_FACE ( 'NONE', ( #5581 ), #2821, .T. ) ;
#2404 = VECTOR ( 'NONE', #5820, 1000.000000000000000 ) ;
#2405 = ORIENTED_EDGE ( 'NONE', *, *, #6662, .T. ) ;
#2406 = DIRECTION ( 'NONE',  ( 0.000000000000000000, -1.000000000000000000, 1.141265444721583757E-16 ) ) ;
#2407 = EDGE_CURVE ( 'NONE', #6891, #1835, #8400, .T. ) ;
#2408 = CARTESIAN_POINT ( 'NONE',  ( 0.7500000000000000000, -6.700000000000000178, 1.100000000000000089 ) ) ;
#2409 = DIRECTION ( 'NONE',  ( -0.9999994735200916640, 0.000000000000000000, 0.001026138167771967983 ) ) ;
#2410 = EDGE_LOOP ( 'NONE', ( #7898, #525, #84, #7246 ) ) ;
#2411 = CARTESIAN_POINT ( 'NONE',  ( -5.259901047426939869, 0.4494845360824795133, -9.291887738487540460 ) ) ;
#2412 = ORIENTED_EDGE ( 'NONE', *, *, #6355, .T. ) ;
#2413 = AXIS2_PLACEMENT_3D ( 'NONE', #1313, #6987, #4076 ) ;
#2414 = EDGE_CURVE ( 'NONE', #7878, #2994, #3955, .T. ) ;
#2415 = VECTOR ( 'NONE', #2652, 1000.000000000000000 ) ;
#2416 = CARTESIAN_POINT ( 'NONE',  ( 4.500000000000000000, 1.449484536082480179, -5.799999999999999822 ) ) ;
#2417 = ADVANCED_FACE ( 'NONE', ( #5631 ), #748, .T. ) ;
#2418 = CARTESIAN_POINT ( 'NONE',  ( 4.500000000000000000, -3.950515463917519732, -5.299999999999999822 ) ) ;
#2419 = VECTOR ( 'NONE', #4220, 1000.000000000000000 ) ;
#2420 = DIRECTION ( 'NONE',  ( 0.000000000000000000, 3.469446951953610245E-16, 1.000000000000000000 ) ) ;
#2421 = AXIS2_PLACEMENT_3D ( 'NONE', #3026, #2331, #395 ) ;
#2422 = DIRECTION ( 'NONE',  ( 0.000000000000000000, 0.000000000000000000, 1.000000000000000000 ) ) ;
#2423 = CARTESIAN_POINT ( 'NONE',  ( 0.000000000000000000, 2.949999999999999734, 0.000000000000000000 ) ) ;
#2424 = EDGE_LOOP ( 'NONE', ( #4595, #8425, #8399, #362 ) ) ;
#2425 = CARTESIAN_POINT ( 'NONE',  ( 3.000000000000000000, -3.750000000000000000, 5.599999999999999645 ) ) ;
#2426 = LINE ( 'NONE', #304, #3881 ) ;
#2427 = CARTESIAN_POINT ( 'NONE',  ( -0.5000000000000000000, 0.9499999999999999556, 0.5000000000000000000 ) ) ;
#2428 = EDGE_CURVE ( 'NONE', #8558, #2070, #7664, .T. ) ;
#2429 = CARTESIAN_POINT ( 'NONE',  ( 2.600000000000000089, 2.849484536082479647, -4.899999999999999467 ) ) ;
#2430 = DIRECTION ( 'NONE',  ( -1.000000000000000000, 2.491288438666615119E-16, 0.000000000000000000 ) ) ;
#2431 = ORIENTED_EDGE ( 'NONE', *, *, #8888, .T. ) ;
#2432 = CARTESIAN_POINT ( 'NONE',  ( -2.100000000000000089, -6.700000000000000178, -1.350000000000000089 ) ) ;
#2433 = CARTESIAN_POINT ( 'NONE',  ( -4.598116167910880847, 0.4494845360824790137, -7.662869739802290248 ) ) ;
#2434 = ADVANCED_FACE ( 'NONE', ( #1298 ), #58, .F. ) ;
#2435 = ORIENTED_EDGE ( 'NONE', *, *, #7874, .T. ) ;
#2436 = EDGE_CURVE ( 'NONE', #4679, #8723, #5677, .T. ) ;
#2437 = VERTEX_POINT ( 'NONE', #4275 ) ;
#2438 = ORIENTED_EDGE ( 'NONE', *, *, #3588, .T. ) ;
#2439 = PRODUCT_RELATED_PRODUCT_CATEGORY ( 'part', '', ( #1336 ) ) ;
#2440 = ORIENTED_EDGE ( 'NONE', *, *, #2623, .T. ) ;
#2441 = CARTESIAN_POINT ( 'NONE',  ( -4.899999999999999467, 4.336808689942019708E-16, 0.000000000000000000 ) ) ;
#2442 = VECTOR ( 'NONE', #4442, 1000.000000000000000 ) ;
#2443 = DIRECTION ( 'NONE',  ( 0.000000000000000000, -1.000000000000000000, 0.000000000000000000 ) ) ;
#2444 = SURFACE_STYLE_USAGE ( .BOTH. , #2349 ) ;
#2445 = EDGE_LOOP ( 'NONE', ( #3262, #9099, #4746, #5338 ) ) ;
#2446 = EDGE_LOOP ( 'NONE', ( #1266, #4233, #2487, #8394 ) ) ;
#2447 = ORIENTED_EDGE ( 'NONE', *, *, #7605, .T. ) ;
#2448 = DIRECTION ( 'NONE',  ( 2.491288438666615119E-16, 1.000000000000000000, 1.734723475976809806E-16 ) ) ;
#2449 = VECTOR ( 'NONE', #4156, 1000.000000000000000 ) ;
#2450 = EDGE_CURVE ( 'NONE', #8383, #8994, #6414, .T. ) ;
#2451 = ORIENTED_EDGE ( 'NONE', *, *, #5245, .T. ) ;
#2452 = DIRECTION ( 'NONE',  ( 0.000000000000000000, 0.000000000000000000, 1.000000000000000000 ) ) ;
#2453 = LINE ( 'NONE', #6556, #8951 ) ;
#2454 = EDGE_CURVE ( 'NONE', #682, #7612, #8632, .T. ) ;
#2455 = VERTEX_POINT ( 'NONE', #8536 ) ;
#2456 = LINE ( 'NONE', #5271, #4845 ) ;
#2457 = VERTEX_POINT ( 'NONE', #1663 ) ;
#2458 = ORIENTED_EDGE ( 'NONE', *, *, #2870, .T. ) ;
#2459 = DIRECTION ( 'NONE',  ( -0.000000000000000000, -1.000000000000000000, -0.000000000000000000 ) ) ;
#2460 = CARTESIAN_POINT ( 'NONE',  ( 4.500000000000000000, 1.449484536082480179, 0.000000000000000000 ) ) ;
#2461 = VECTOR ( 'NONE', #4206, 1000.000000000000000 ) ;
#2462 = EDGE_CURVE ( 'NONE', #2152, #7798, #935, .T. ) ;
#2463 = CARTESIAN_POINT ( 'NONE',  ( 1.750000000000000000, -5.549999999999999822, 1.300000000000000044 ) ) ;
#2464 = LINE ( 'NONE', #6740, #962 ) ;
#2465 = LINE ( 'NONE', #3971, #2736 ) ;
#2466 = CARTESIAN_POINT ( 'NONE',  ( -5.236132948075079341, -1.550515463917520043, -8.396377958773980410 ) ) ;
#2467 = DIRECTION ( 'NONE',  ( 0.000000000000000000, 1.000000000000000000, 0.000000000000000000 ) ) ;
#2468 = ADVANCED_FACE ( 'NONE', ( #6456 ), #4472, .F. ) ;
#2469 = VECTOR ( 'NONE', #7801, 1000.000000000000000 ) ;
#2470 = CARTESIAN_POINT ( 'NONE',  ( -4.400000000000000355, 5.150000000000000355, 5.000000000000000000 ) ) ;
#2471 = LINE ( 'NONE', #3894, #7036 ) ;
#2472 = CARTESIAN_POINT ( 'NONE',  ( -3.250000000000000000, -6.400000000000000355, 1.000000000000000000 ) ) ;
#2473 = ORIENTED_EDGE ( 'NONE', *, *, #82, .T. ) ;
#2474 = LINE ( 'NONE', #5291, #5444 ) ;
#2475 = VECTOR ( 'NONE', #3764, 1000.000000000000000 ) ;
#2476 = CARTESIAN_POINT ( 'NONE',  ( -4.899999999999999467, 1.449484536082480179, -5.899999999999999467 ) ) ;
#2477 = ORIENTED_EDGE ( 'NONE', *, *, #5577, .T. ) ;
#2478 = EDGE_CURVE ( 'NONE', #5557, #3175, #2308, .T. ) ;
#2479 = ORIENTED_EDGE ( 'NONE', *, *, #4700, .T. ) ;
#2480 = ORIENTED_EDGE ( 'NONE', *, *, #8617, .F. ) ;
#2481 = ORIENTED_EDGE ( 'NONE', *, *, #6942, .F. ) ;
#2482 = LINE ( 'NONE', #8979, #3553 ) ;
#2483 = CARTESIAN_POINT ( 'NONE',  ( -4.899999999999999467, 4.349484536082480091, 0.4000000000000000222 ) ) ;
#2484 = CARTESIAN_POINT ( 'NONE',  ( 0.7500000000000000000, 0.4000000000000000222, 1.000000000000000000 ) ) ;
#2485 = EDGE_LOOP ( 'NONE', ( #2863, #3901, #4144, #5440, #8275, #8678, #5829, #2879, #5609, #5309 ) ) ;
#2486 = VERTEX_POINT ( 'NONE', #151 ) ;
#2487 = ORIENTED_EDGE ( 'NONE', *, *, #3681, .T. ) ;
#2488 =( LENGTH_UNIT ( ) NAMED_UNIT ( * ) SI_UNIT ( .MILLI., .METRE. ) );
#2489 = CARTESIAN_POINT ( 'NONE',  ( -4.500000000000000000, -1.550515463917520043, -7.550000000000000711 ) ) ;
#2490 = ORIENTED_EDGE ( 'NONE', *, *, #1570, .T. ) ;
#2491 = CARTESIAN_POINT ( 'NONE',  ( 1.750000000000000000, -6.700000000000000178, 0.000000000000000000 ) ) ;
#2492 = VECTOR ( 'NONE', #7255, 1000.000000000000000 ) ;
#2493 = DIRECTION ( 'NONE',  ( 0.000000000000000000, -1.000000000000000000, 0.000000000000000000 ) ) ;
#2494 = VERTEX_POINT ( 'NONE', #8677 ) ;
#2495 = DIRECTION ( 'NONE',  ( -0.000000000000000000, 1.000000000000000000, -0.000000000000000000 ) ) ;
#2496 = ADVANCED_FACE ( 'NONE', ( #4370 ), #6503, .F. ) ;
#2497 = EDGE_LOOP ( 'NONE', ( #7157, #4125, #6782, #603 ) ) ;
#2498 = VECTOR ( 'NONE', #5299, 1000.000000000000000 ) ;
#2499 = ORIENTED_EDGE ( 'NONE', *, *, #212, .F. ) ;
#2500 = CARTESIAN_POINT ( 'NONE',  ( 1.000000000000000000, 0.4499999999999484968, 4.299999999999999822 ) ) ;
#2501 = DIRECTION ( 'NONE',  ( -0.000000000000000000, -1.000000000000000000, -0.000000000000000000 ) ) ;
#2502 = LINE ( 'NONE', #390, #1379 ) ;
#2503 = VECTOR ( 'NONE', #9021, 1000.000000000000000 ) ;
#2504 = CARTESIAN_POINT ( 'NONE',  ( -4.500000000000000000, -2.450515463917519732, -6.505213034913029759E-15 ) ) ;
#2505 = CARTESIAN_POINT ( 'NONE',  ( 2.500000000000000000, -6.700000000000000178, 0.000000000000000000 ) ) ;
#2506 = ORIENTED_EDGE ( 'NONE', *, *, #3499, .T. ) ;
#2507 = CARTESIAN_POINT ( 'NONE',  ( -4.500000000000000000, 1.349484536082480091, 0.4000000000000000222 ) ) ;
#2508 = LINE ( 'NONE', #579, #5956 ) ;
#2509 = VECTOR ( 'NONE', #8173, 1000.000000000000000 ) ;
#2510 = VECTOR ( 'NONE', #5071, 1000.000000000000000 ) ;
#2511 = EDGE_CURVE ( 'NONE', #1489, #4924, #7943, .T. ) ;
#2512 = CIRCLE ( 'NONE', #2815, 0.4000000000000001887 ) ;
#2513 = APPLICATION_CONTEXT ( 'automotive_design' ) ;
#2514 = LINE ( 'NONE', #6574, #903 ) ;
#2515 = CARTESIAN_POINT ( 'NONE',  ( 4.899999999999999467, 2.449484536082480179, -5.899999999999999467 ) ) ;
#2516 = EDGE_CURVE ( 'NONE', #3990, #8194, #2266, .T. ) ;
#2517 = LINE ( 'NONE', #6066, #6735 ) ;
#2518 = VECTOR ( 'NONE', #8463, 1000.000000000000000 ) ;
#2519 = VERTEX_POINT ( 'NONE', #105 ) ;
#2520 = DIRECTION ( 'NONE',  ( 0.000000000000000000, 0.000000000000000000, -1.000000000000000000 ) ) ;
#2521 = CARTESIAN_POINT ( 'NONE',  ( 0.000000000000000000, 18.50000000000000000, 0.000000000000000000 ) ) ;
#2522 = ORIENTED_EDGE ( 'NONE', *, *, #589, .F. ) ;
#2523 = ORIENTED_EDGE ( 'NONE', *, *, #6340, .T. ) ;
#2524 = ADVANCED_FACE ( 'NONE', ( #3735 ), #2913, .F. ) ;
#2525 = VECTOR ( 'NONE', #5077, 1000.000000000000000 ) ;
#2526 = ORIENTED_EDGE ( 'NONE', *, *, #5629, .F. ) ;
#2527 = ORIENTED_EDGE ( 'NONE', *, *, #7047, .F. ) ;
#2528 = LINE ( 'NONE', #8932, #4141 ) ;
#2529 = EDGE_CURVE ( 'NONE', #8897, #366, #3003, .T. ) ;
#2530 = FACE_OUTER_BOUND ( 'NONE', #473, .T. ) ;
#2531 = DIRECTION ( 'NONE',  ( -1.000000000000000000, 0.000000000000000000, 0.000000000000000000 ) ) ;
#2532 = AXIS2_PLACEMENT_3D ( 'NONE', #2489, #4562, #7519 ) ;
#2533 = ORIENTED_EDGE ( 'NONE', *, *, #1749, .F. ) ;
#2534 = EDGE_LOOP ( 'NONE', ( #2247, #3831, #2302, #5402 ) ) ;
#2535 = VECTOR ( 'NONE', #5320, 1000.000000000000000 ) ;
#2536 = LINE ( 'NONE', #1152, #2239 ) ;
#2537 = VERTEX_POINT ( 'NONE', #5727 ) ;
#2538 = CARTESIAN_POINT ( 'NONE',  ( 4.500000000000000000, -3.950515463917519732, -4.899999999999999467 ) ) ;
#2539 = DIRECTION ( 'NONE',  ( -0.000000000000000000, 1.000000000000000000, -0.000000000000000000 ) ) ;
#2540 = EDGE_CURVE ( 'NONE', #947, #6877, #5171, .T. ) ;
#2541 = FACE_OUTER_BOUND ( 'NONE', #7776, .T. ) ;
#2542 =( GEOMETRIC_REPRESENTATION_CONTEXT ( 3 ) GLOBAL_UNCERTAINTY_ASSIGNED_CONTEXT ( ( #365 ) ) GLOBAL_UNIT_ASSIGNED_CONTEXT ( ( #4883, #4932, #6404 ) ) REPRESENTATION_CONTEXT ( 'NONE', 'WORKASPACE' ) );
#2543 = ORIENTED_EDGE ( 'NONE', *, *, #3278, .T. ) ;
#2544 = CARTESIAN_POINT ( 'NONE',  ( 0.000000000000000000, -6.500000000000002665, 0.000000000000000000 ) ) ;
#2545 = ORIENTED_EDGE ( 'NONE', *, *, #1921, .F. ) ;
#2546 = EDGE_CURVE ( 'NONE', #1846, #8985, #1523, .T. ) ;
#2547 = VECTOR ( 'NONE', #2711, 1000.000000000000114 ) ;
#2548 = ORIENTED_EDGE ( 'NONE', *, *, #3142, .F. ) ;
#2549 = LINE ( 'NONE', #5446, #7841 ) ;
#2550 = PRODUCT_RELATED_PRODUCT_CATEGORY ( 'part', '', ( #8410 ) ) ;
#2551 = CARTESIAN_POINT ( 'NONE',  ( -4.500000000000000000, -5.450515463917520620, -8.673617379884040205E-15 ) ) ;
#2552 = DIRECTION ( 'NONE',  ( 0.000000000000000000, -1.000000000000000000, 0.000000000000000000 ) ) ;
#2553 = CARTESIAN_POINT ( 'NONE',  ( -4.500000000000000000, 3.982783490763080109E-16, 0.000000000000000000 ) ) ;
#2554 = LINE ( 'NONE', #6142, #7002 ) ;
#2555 = VECTOR ( 'NONE', #4402, 1000.000000000000000 ) ;
#2556 = ORIENTED_EDGE ( 'NONE', *, *, #5421, .F. ) ;
#2557 = CARTESIAN_POINT ( 'NONE',  ( -4.500000000000000000, 4.349484536082480091, -4.899999999999999467 ) ) ;
#2558 = CIRCLE ( 'NONE', #1679, 0.4000000000000001887 ) ;
#2559 = DIRECTION ( 'NONE',  ( 1.000000000000000000, 0.000000000000000000, 0.000000000000000000 ) ) ;
#2560 = FACE_OUTER_BOUND ( 'NONE', #7849, .T. ) ;
#2561 = AXIS2_PLACEMENT_3D ( 'NONE', #2521, #9022, #2705 ) ;
#2562 = DIRECTION ( 'NONE',  ( 0.000000000000000000, 0.000000000000000000, -1.000000000000000000 ) ) ;
#2563 = CARTESIAN_POINT ( 'NONE',  ( 1.899999999999999911, -4.200000000000000178, 0.1000000000000000056 ) ) ;
#2564 = VERTEX_POINT ( 'NONE', #2214 ) ;
#2565 = LINE ( 'NONE', #6111, #2645 ) ;
#2566 = EDGE_CURVE ( 'NONE', #5621, #8197, #884, .T. ) ;
#2567 = PLANE ( 'NONE',  #4912 ) ;
#2568 = VECTOR ( 'NONE', #2376, 1000.000000000000000 ) ;
#2569 = PRODUCT_DEFINITION_CONTEXT ( 'detailed design', #2817, 'design' ) ;
#2570 = ORIENTED_EDGE ( 'NONE', *, *, #2169, .T. ) ;
#2571 = EDGE_LOOP ( 'NONE', ( #2435, #2588, #1739, #7693, #6593, #5478, #1255 ) ) ;
#2572 = ORIENTED_EDGE ( 'NONE', *, *, #3777, .F. ) ;
#2573 = DIRECTION ( 'NONE',  ( 0.000000000000000000, 0.000000000000000000, -1.000000000000000000 ) ) ;
#2574 = DIRECTION ( 'NONE',  ( 0.000000000000000000, 0.000000000000000000, 1.000000000000000000 ) ) ;
#2575 = CARTESIAN_POINT ( 'NONE',  ( -1.891663167769255027, 18.50000000000000000, 3.353223890482888159 ) ) ;
#2576 = ADVANCED_FACE ( 'NONE', ( #5613 ), #6944, .F. ) ;
#2577 = DIRECTION ( 'NONE',  ( 0.000000000000000000, 0.000000000000000000, 1.000000000000000000 ) ) ;
#2578 = ORIENTED_EDGE ( 'NONE', *, *, #4250, .T. ) ;
#2579 = ORIENTED_EDGE ( 'NONE', *, *, #4635, .F. ) ;
#2580 = EDGE_CURVE ( 'NONE', #1423, #580, #1801, .T. ) ;
#2581 = ORIENTED_EDGE ( 'NONE', *, *, #427, .T. ) ;
#2582 = DIRECTION ( 'NONE',  ( 0.000000000000000000, 0.000000000000000000, 1.000000000000000000 ) ) ;
#2583 = ORIENTED_EDGE ( 'NONE', *, *, #2436, .T. ) ;
#2584 = AXIS2_PLACEMENT_3D ( 'NONE', #8444, #2771, #5674 ) ;
#2585 = CARTESIAN_POINT ( 'NONE',  ( -4.899999999999999467, 1.349484536082480091, 0.000000000000000000 ) ) ;
#2586 = CARTESIAN_POINT ( 'NONE',  ( -0.5000000000000000000, 2.949999999999999734, 0.5000000000000000000 ) ) ;
#2587 = CARTESIAN_POINT ( 'NONE',  ( -5.236132948075079341, -1.550515463917520043, -8.396377958773980410 ) ) ;
#2588 = ORIENTED_EDGE ( 'NONE', *, *, #1267, .T. ) ;
#2589 = AXIS2_PLACEMENT_3D ( 'NONE', #7783, #6399, #7696 ) ;
#2590 = CARTESIAN_POINT ( 'NONE',  ( 4.500000000000000000, -5.450515463917520620, 4.336808689942020103E-15 ) ) ;
#2591 = ORIENTED_EDGE ( 'NONE', *, *, #4647, .T. ) ;
#2592 = ADVANCED_FACE ( 'NONE', ( #7040, #3397, #2058, #683, #7780, #2011 ), #7648, .F. ) ;
#2593 = VERTEX_POINT ( 'NONE', #4256 ) ;
#2594 = DIRECTION ( 'NONE',  ( -0.000000000000000000, -0.000000000000000000, 1.000000000000000000 ) ) ;
#2595 = CARTESIAN_POINT ( 'NONE',  ( -2.600000000000000089, 4.049484536082480268, -4.299999999999999822 ) ) ;
#2596 = CARTESIAN_POINT ( 'NONE',  ( -0.4000000000000000222, -6.700000000000000178, -1.350000000000000089 ) ) ;
#2597 = DIRECTION ( 'NONE',  ( -1.000000000000000000, 0.000000000000000000, 0.000000000000000000 ) ) ;
#2598 = DIRECTION ( 'NONE',  ( -0.8573532005412058954, 0.000000000000000000, 0.5147285590694874458 ) ) ;
#2599 = CARTESIAN_POINT ( 'NONE',  ( -3.000000000000000000, -4.750515463917520442, 0.000000000000000000 ) ) ;
#2600 = CARTESIAN_POINT ( 'NONE',  ( -2.600000000000000089, -5.150515463917519909, 2.350988701644569761E-30 ) ) ;
#2601 = VECTOR ( 'NONE', #5462, 1000.000000000000000 ) ;
#2602 = CARTESIAN_POINT ( 'NONE',  ( 0.4500000000000000111, -3.020950878361714942, 2.100000000000000089 ) ) ;
#2603 = CARTESIAN_POINT ( 'NONE',  ( -1.090871211463572132, 0.9499999999999999556, 0.5000000000000000000 ) ) ;
#2604 = EDGE_CURVE ( 'NONE', #8155, #3409, #793, .T. ) ;
#2605 = LINE ( 'NONE', #3295, #8079 ) ;
#2606 = DIRECTION ( 'NONE',  ( 1.000000000000000000, -2.491288438666615119E-16, 0.000000000000000000 ) ) ;
#2607 = ORIENTED_EDGE ( 'NONE', *, *, #5112, .F. ) ;
#2608 = DIRECTION ( 'NONE',  ( 0.000000000000000000, -1.000000000000000000, 0.000000000000000000 ) ) ;
#2609 = LINE ( 'NONE', #7596, #755 ) ;
#2610 = EDGE_CURVE ( 'NONE', #5862, #4832, #1370, .T. ) ;
#2611 = ORIENTED_EDGE ( 'NONE', *, *, #2184, .F. ) ;
#2612 = ADVANCED_FACE ( 'NONE', ( #1416 ), #2851, .F. ) ;
#2613 = ORIENTED_EDGE ( 'NONE', *, *, #3877, .T. ) ;
#2614 = AXIS2_PLACEMENT_3D ( 'NONE', #4609, #2539, #2725 ) ;
#2615 = EDGE_LOOP ( 'NONE', ( #8303, #3664, #5620, #885 ) ) ;
#2616 = DIRECTION ( 'NONE',  ( 0.000000000000000000, 0.000000000000000000, 1.000000000000000000 ) ) ;
#2617 = DIRECTION ( 'NONE',  ( 0.000000000000000000, 0.000000000000000000, 1.000000000000000000 ) ) ;
#2618 = VECTOR ( 'NONE', #2985, 1000.000000000000000 ) ;
#2619 = LINE ( 'NONE', #3863, #8028 ) ;
#2620 = DIRECTION ( 'NONE',  ( -1.000000000000000000, 0.000000000000000000, 0.000000000000000000 ) ) ;
#2621 = ORIENTED_EDGE ( 'NONE', *, *, #3218, .T. ) ;
#2622 = ORIENTED_EDGE ( 'NONE', *, *, #8247, .F. ) ;
#2623 = EDGE_CURVE ( 'NONE', #5140, #3268, #4216, .T. ) ;
#2624 = VERTEX_POINT ( 'NONE', #4874 ) ;
#2625 = ORIENTED_EDGE ( 'NONE', *, *, #7605, .F. ) ;
#2626 = LINE ( 'NONE', #4692, #4873 ) ;
#2627 = DIRECTION ( 'NONE',  ( 1.000000000000000000, 1.495451272393800035E-16, 0.000000000000000000 ) ) ;
#2628 = LINE ( 'NONE', #6223, #8743 ) ;
#2629 = EDGE_CURVE ( 'NONE', #2486, #8732, #7829, .T. ) ;
#2630 = ORIENTED_EDGE ( 'NONE', *, *, #6002, .T. ) ;
#2631 = DIRECTION ( 'NONE',  ( 0.000000000000000000, 0.000000000000000000, 1.000000000000000000 ) ) ;
#2632 = VERTEX_POINT ( 'NONE', #5565 ) ;
#2633 = ADVANCED_FACE ( 'NONE', ( #2898 ), #4304, .T. ) ;
#2634 = VERTEX_POINT ( 'NONE', #5705 ) ;
#2635 = DIRECTION ( 'NONE',  ( 0.000000000000000000, -1.000000000000000000, 0.000000000000000000 ) ) ;
#2636 = DIRECTION ( 'NONE',  ( -1.000000000000000000, 4.427158870982476702E-15, 0.000000000000000000 ) ) ;
#2637 = CARTESIAN_POINT ( 'NONE',  ( -1.565936075841835029, 20.19999999999999929, -3.517150011924015107 ) ) ;
#2638 = EDGE_CURVE ( 'NONE', #2303, #7857, #7737, .T. ) ;
#2639 = DIRECTION ( 'NONE',  ( 0.000000000000000000, 0.000000000000000000, 1.000000000000000000 ) ) ;
#2640 = CARTESIAN_POINT ( 'NONE',  ( 3.035766082959410049E-15, 0.4500000000000090039, 0.000000000000000000 ) ) ;
#2641 = ORIENTED_EDGE ( 'NONE', *, *, #2808, .T. ) ;
#2642 = DIRECTION ( 'NONE',  ( 0.000000000000000000, -1.000000000000000000, 0.000000000000000000 ) ) ;
#2643 = AXIS2_PLACEMENT_3D ( 'NONE', #6079, #510, #6808 ) ;
#2644 = CARTESIAN_POINT ( 'NONE',  ( 0.8032336497292289490, 20.89999999999999858, -1.604700010220585060 ) ) ;
#2645 = VECTOR ( 'NONE', #4675, 1000.000000000000000 ) ;
#2646 = DIRECTION ( 'NONE',  ( -1.000000000000000000, 0.000000000000000000, -8.346192215206439610E-17 ) ) ;
#2647 = DIRECTION ( 'NONE',  ( 1.000000000000000000, 0.000000000000000000, 0.000000000000000000 ) ) ;
#2648 = LINE ( 'NONE', #8328, #4163 ) ;
#2649 = CARTESIAN_POINT ( 'NONE',  ( -4.500000000000000000, -3.550515463917519821, -6.400000000000000355 ) ) ;
#2650 = VERTEX_POINT ( 'NONE', #6994 ) ;
#2651 = CARTESIAN_POINT ( 'NONE',  ( -4.500000000000000000, 4.049484536082480268, -5.299999999999999822 ) ) ;
#2652 = DIRECTION ( 'NONE',  ( 0.000000000000000000, -1.000000000000000000, 0.000000000000000000 ) ) ;
#2653 = VECTOR ( 'NONE', #3497, 1000.000000000000000 ) ;
#2654 = AXIS2_PLACEMENT_3D ( 'NONE', #3844, #6610, #6702 ) ;
#2655 = ADVANCED_FACE ( 'NONE', ( #4824 ), #6394, .T. ) ;
#2656 = PRODUCT_DEFINITION_CONTEXT ( 'detailed design', #2513, 'design' ) ;
#2657 = VERTEX_POINT ( 'NONE', #8338 ) ;
#2658 = CIRCLE ( 'NONE', #6772, 0.4000000000000001887 ) ;
#2659 = AXIS2_PLACEMENT_3D ( 'NONE', #1173, #6197, #6062 ) ;
#2660 = VECTOR ( 'NONE', #8665, 1000.000000000000000 ) ;
#2661 = VERTEX_POINT ( 'NONE', #3582 ) ;
#2662 = LINE ( 'NONE', #7379, #9012 ) ;
#2663 = EDGE_CURVE ( 'NONE', #2249, #6904, #345, .T. ) ;
#2664 = VECTOR ( 'NONE', #8236, 1000.000000000000000 ) ;
#2665 = LINE ( 'NONE', #596, #3819 ) ;
#2666 = CARTESIAN_POINT ( 'NONE',  ( 2.899999999999999911, -6.700000000000000178, -1.350000000000000089 ) ) ;
#2667 = PLANE ( 'NONE',  #1180 ) ;
#2668 = ORIENTED_EDGE ( 'NONE', *, *, #2462, .T. ) ;
#2669 = ORIENTED_EDGE ( 'NONE', *, *, #5700, .T. ) ;
#2670 = VECTOR ( 'NONE', #3459, 1000.000000000000000 ) ;
#2671 = ORIENTED_EDGE ( 'NONE', *, *, #4956, .T. ) ;
#2672 = ORIENTED_EDGE ( 'NONE', *, *, #1763, .T. ) ;
#2673 = PLANE ( 'NONE',  #1780 ) ;
#2674 = VECTOR ( 'NONE', #2013, 1000.000000000000000 ) ;
#2675 = PLANE ( 'NONE',  #6007 ) ;
#2676 = CARTESIAN_POINT ( 'NONE',  ( -4.500000000000000000, -3.540251991789405240E-17, -8.673617379884040205E-15 ) ) ;
#2677 = ORIENTED_EDGE ( 'NONE', *, *, #6564, .T. ) ;
#2678 = EDGE_CURVE ( 'NONE', #72, #947, #39, .T. ) ;
#2679 = CARTESIAN_POINT ( 'NONE',  ( -2.350000000000000089, -3.750000000000000000, 5.599999999999999645 ) ) ;
#2680 = VECTOR ( 'NONE', #1760, 1000.000000000000000 ) ;
#2681 = ORIENTED_EDGE ( 'NONE', *, *, #2014, .F. ) ;
#2682 = ORIENTED_EDGE ( 'NONE', *, *, #3027, .T. ) ;
#2683 = ADVANCED_FACE ( 'NONE', ( #6256 ), #4967, .T. ) ;
#2684 = ORIENTED_EDGE ( 'NONE', *, *, #522, .T. ) ;
#2685 = CYLINDRICAL_SURFACE ( 'NONE', #4002, 3.299999999999999822 ) ;
#2686 = CIRCLE ( 'NONE', #7552, 3.850000000000000977 ) ;
#2687 = CARTESIAN_POINT ( 'NONE',  ( -2.500000000000000000, -6.700000000000000178, -1.350000000000000089 ) ) ;
#2688 = DIRECTION ( 'NONE',  ( 0.000000000000000000, -0.7071067811865473507, -0.7071067811865477948 ) ) ;
#2689 = DIRECTION ( 'NONE',  ( -1.000000000000000000, 0.000000000000000000, 0.000000000000000000 ) ) ;
#2690 = DIRECTION ( 'NONE',  ( -0.7071067811865476838, -0.7071067811865474617, -0.000000000000000000 ) ) ;
#2691 = VERTEX_POINT ( 'NONE', #8704 ) ;
#2692 = DIRECTION ( 'NONE',  ( 1.000000000000000000, -1.224646799147353947E-16, 8.572512939234079585E-49 ) ) ;
#2693 = EDGE_CURVE ( 'NONE', #2984, #5747, #3116, .T. ) ;
#2694 = PLANE ( 'NONE',  #1535 ) ;
#2695 = ORIENTED_EDGE ( 'NONE', *, *, #7127, .F. ) ;
#2696 = EDGE_CURVE ( 'NONE', #9079, #1653, #6575, .T. ) ;
#2697 = PLANE ( 'NONE',  #3688 ) ;
#2698 = CLOSED_SHELL ( 'NONE', ( #2846, #7777, #8432, #6670, #9047, #4614, #1017, #8105, #8325, #4229, #5292, #5726, #2612 ) ) ;
#2699 = LINE ( 'NONE', #2837, #1571 ) ;
#2700 = VECTOR ( 'NONE', #2145, 1000.000000000000000 ) ;
#2701 = DIRECTION ( 'NONE',  ( 0.000000000000000000, 0.000000000000000000, 1.000000000000000000 ) ) ;
#2702 = DIRECTION ( 'NONE',  ( 0.000000000000000000, 0.000000000000000000, 1.000000000000000000 ) ) ;
#2703 = DIRECTION ( 'NONE',  ( 0.000000000000000000, -1.000000000000000000, 0.000000000000000000 ) ) ;
#2704 = CARTESIAN_POINT ( 'NONE',  ( 4.500000000000000000, -5.950515463917519732, 0.4000000000000000222 ) ) ;
#2705 = DIRECTION ( 'NONE',  ( 0.000000000000000000, 0.000000000000000000, -1.000000000000000000 ) ) ;
#2706 = EDGE_LOOP ( 'NONE', ( #367, #8440, #2171, #5961, #5669, #4471 ) ) ;
#2707 = VECTOR ( 'NONE', #4830, 1000.000000000000000 ) ;
#2708 = ADVANCED_FACE ( 'NONE', ( #2383 ), #180, .T. ) ;
#2709 = VECTOR ( 'NONE', #174, 1000.000000000000000 ) ;
#2710 = VERTEX_POINT ( 'NONE', #7328 ) ;
#2711 = DIRECTION ( 'NONE',  ( 0.8778780114862319017, 7.769773446780637844E-17, -0.4788843252278979223 ) ) ;
#2712 = ORIENTED_EDGE ( 'NONE', *, *, #5597, .T. ) ;
#2713 = DIRECTION ( 'NONE',  ( 1.000000000000000000, 0.000000000000000000, 4.565061778886339960E-16 ) ) ;
#2714 = EDGE_CURVE ( 'NONE', #8357, #5064, #3717, .T. ) ;
#2715 = DIRECTION ( 'NONE',  ( 0.000000000000000000, 1.000000000000000000, 0.000000000000000000 ) ) ;
#2716 = FACE_BOUND ( 'NONE', #100, .T. ) ;
#2717 = AXIS2_PLACEMENT_3D ( 'NONE', #7077, #769, #7914 ) ;
#2718 = DIRECTION ( 'NONE',  ( 0.000000000000000000, 0.000000000000000000, -1.000000000000000000 ) ) ;
#2719 = AXIS2_PLACEMENT_3D ( 'NONE', #5102, #7280, #5244 ) ;
#2720 = ORIENTED_EDGE ( 'NONE', *, *, #21, .F. ) ;
#2721 = PRODUCT_RELATED_PRODUCT_CATEGORY ( 'part', '', ( #3317 ) ) ;
#2722 = ORIENTED_EDGE ( 'NONE', *, *, #4074, .F. ) ;
#2723 = VERTEX_POINT ( 'NONE', #823 ) ;
#2724 = PLANE ( 'NONE',  #6642 ) ;
#2725 = DIRECTION ( 'NONE',  ( 0.000000000000000000, 0.000000000000000000, 1.000000000000000000 ) ) ;
#2726 = EDGE_CURVE ( 'NONE', #1417, #7554, #8061, .T. ) ;
#2727 = DIRECTION ( 'NONE',  ( -0.000000000000000000, 1.000000000000000000, -0.000000000000000000 ) ) ;
#2728 = ORIENTED_EDGE ( 'NONE', *, *, #7835, .F. ) ;
#2729 = DIRECTION ( 'NONE',  ( 0.000000000000000000, 0.000000000000000000, -1.000000000000000000 ) ) ;
#2730 = EDGE_LOOP ( 'NONE', ( #5549, #4931, #8528, #5898, #8911 ) ) ;
#2731 = ADVANCED_FACE ( 'NONE', ( #1642 ), #2938, .F. ) ;
#2732 = ORIENTED_EDGE ( 'NONE', *, *, #354, .T. ) ;
#2733 = EDGE_CURVE ( 'NONE', #2624, #4242, #1219, .T. ) ;
#2734 = CARTESIAN_POINT ( 'NONE',  ( -0.4000000000000000222, -6.700000000000000178, -1.350000000000000089 ) ) ;
#2735 = CARTESIAN_POINT ( 'NONE',  ( 4.500000000000000000, -3.950515463917519732, -4.899999999999999467 ) ) ;
#2736 = VECTOR ( 'NONE', #1946, 1000.000000000000000 ) ;
#2737 = LINE ( 'NONE', #4802, #5360 ) ;
#2738 = CARTESIAN_POINT ( 'NONE',  ( -4.500000000000000000, 1.449484536082480179, -5.799999999999999822 ) ) ;
#2739 = DIRECTION ( 'NONE',  ( 1.000000000000000000, 1.495451272393800035E-16, 0.000000000000000000 ) ) ;
#2740 = VERTEX_POINT ( 'NONE', #4351 ) ;
#2741 = CARTESIAN_POINT ( 'NONE',  ( -4.500000000000000000, -1.550515463917520043, -5.799999999999999822 ) ) ;
#2742 = FACE_OUTER_BOUND ( 'NONE', #219, .T. ) ;
#2743 = ORIENTED_EDGE ( 'NONE', *, *, #4506, .F. ) ;
#2744 = VECTOR ( 'NONE', #1083, 1000.000000000000000 ) ;
#2745 = EDGE_CURVE ( 'NONE', #5081, #5269, #8738, .T. ) ;
#2746 = DIRECTION ( 'NONE',  ( 1.000000000000000000, -1.495451272393800035E-16, 0.000000000000000000 ) ) ;
#2747 = CARTESIAN_POINT ( 'NONE',  ( -0.9762697651501759388, 20.19999999999999929, 3.152284464583364976 ) ) ;
#2748 = DIRECTION ( 'NONE',  ( 0.000000000000000000, 0.000000000000000000, -1.000000000000000000 ) ) ;
#2749 = CARTESIAN_POINT ( 'NONE',  ( 0.000000000000000000, -4.200000000000000178, 0.000000000000000000 ) ) ;
#2750 = ORIENTED_EDGE ( 'NONE', *, *, #2121, .T. ) ;
#2751 = CARTESIAN_POINT ( 'NONE',  ( 3.600000000000000089, -5.150000000000000355, 5.000000000000000000 ) ) ;
#2752 = EDGE_CURVE ( 'NONE', #2958, #3287, #5888, .T. ) ;
#2753 = CARTESIAN_POINT ( 'NONE',  ( 4.500000000000000000, -5.450515463917520620, 0.4000000000000090150 ) ) ;
#2754 = EDGE_LOOP ( 'NONE', ( #6603, #7647, #4410, #5290, #8324 ) ) ;
#2755 = AXIS2_PLACEMENT_3D ( 'NONE', #6932, #8968, #2646 ) ;
#2756 = DIRECTION ( 'NONE',  ( 0.000000000000000000, 1.000000000000000000, 0.000000000000000000 ) ) ;
#2757 = EDGE_LOOP ( 'NONE', ( #4230, #2451, #5965, #7169 ) ) ;
#2758 = DIRECTION ( 'NONE',  ( 1.334402673828311860E-16, -1.000000000000000000, 0.000000000000000000 ) ) ;
#2759 = ORIENTED_EDGE ( 'NONE', *, *, #1504, .T. ) ;
#2760 = CARTESIAN_POINT ( 'NONE',  ( 4.100000000000000533, 0.4500000000000000111, 2.500000000000000000 ) ) ;
#2761 = CARTESIAN_POINT ( 'NONE',  ( -4.400000000000000355, -2.700000000000000178, 0.000000000000000000 ) ) ;
#2762 = LINE ( 'NONE', #597, #4907 ) ;
#2763 = VECTOR ( 'NONE', #619, 1000.000000000000000 ) ;
#2764 = EDGE_CURVE ( 'NONE', #3678, #1027, #1595, .T. ) ;
#2765 = LINE ( 'NONE', #5619, #3241 ) ;
#2766 = ORIENTED_EDGE ( 'NONE', *, *, #2166, .T. ) ;
#2767 = VECTOR ( 'NONE', #2627, 1000.000000000000000 ) ;
#2768 = ORIENTED_EDGE ( 'NONE', *, *, #6800, .F. ) ;
#2769 = ORIENTED_EDGE ( 'NONE', *, *, #8392, .T. ) ;
#2770 = DIRECTION ( 'NONE',  ( 0.000000000000000000, 1.000000000000000000, 0.000000000000000000 ) ) ;
#2771 = DIRECTION ( 'NONE',  ( 0.000000000000000000, 0.000000000000000000, -1.000000000000000000 ) ) ;
#2772 = DIRECTION ( 'NONE',  ( 0.000000000000000000, -1.000000000000000000, 0.000000000000000000 ) ) ;
#2773 = ORIENTED_EDGE ( 'NONE', *, *, #6930, .T. ) ;
#2774 = CIRCLE ( 'NONE', #1151, 0.3500000000000001443 ) ;
#2775 = DIRECTION ( 'NONE',  ( 1.000000000000000000, 0.000000000000000000, 1.931541112668180039E-15 ) ) ;
#2776 = ORIENTED_EDGE ( 'NONE', *, *, #1209, .T. ) ;
#2777 = EDGE_CURVE ( 'NONE', #6805, #4695, #4499, .T. ) ;
#2778 = ORIENTED_EDGE ( 'NONE', *, *, #45, .F. ) ;
#2779 = CARTESIAN_POINT ( 'NONE',  ( 1.899999999999999911, 3.600000000000000089, 0.1000000000000000056 ) ) ;
#2780 = FACE_OUTER_BOUND ( 'NONE', #5380, .T. ) ;
#2781 = DIRECTION ( 'NONE',  ( -1.000000000000000000, 0.000000000000000000, 0.000000000000000000 ) ) ;
#2782 = EDGE_CURVE ( 'NONE', #7563, #4350, #5720, .T. ) ;
#2783 = CARTESIAN_POINT ( 'NONE',  ( -4.899999999999999467, -5.150515463917519909, -5.299999999999999822 ) ) ;
#2784 = DIRECTION ( 'NONE',  ( 0.000000000000000000, 0.000000000000000000, -1.000000000000000000 ) ) ;
#2785 = VERTEX_POINT ( 'NONE', #6532 ) ;
#2786 = CARTESIAN_POINT ( 'NONE',  ( 4.967022722742120422, -1.550515463917524928, -9.132121988513768329 ) ) ;
#2787 = ORIENTED_EDGE ( 'NONE', *, *, #476, .F. ) ;
#2788 = DIRECTION ( 'NONE',  ( 0.000000000000000000, 1.000000000000000000, 0.000000000000000000 ) ) ;
#2789 = FACE_OUTER_BOUND ( 'NONE', #5433, .T. ) ;
#2790 = DIRECTION ( 'NONE',  ( 0.000000000000000000, -1.000000000000000000, 0.000000000000000000 ) ) ;
#2791 = CYLINDRICAL_SURFACE ( 'NONE', #4882, 0.4999999999999995559 ) ;
#2792 = DIRECTION ( 'NONE',  ( 0.000000000000000000, 0.000000000000000000, -1.000000000000000000 ) ) ;
#2793 = PLANE ( 'NONE',  #1386 ) ;
#2794 = EDGE_CURVE ( 'NONE', #3458, #6891, #1012, .T. ) ;
#2795 = VERTEX_POINT ( 'NONE', #2429 ) ;
#2796 = EDGE_CURVE ( 'NONE', #6937, #2632, #3793, .T. ) ;
#2797 = CARTESIAN_POINT ( 'NONE',  ( 1.479999999999999982, 20.89999999999999858, 0.8499999999999999778 ) ) ;
#2798 = ORIENTED_EDGE ( 'NONE', *, *, #7442, .F. ) ;
#2799 = DIRECTION ( 'NONE',  ( 1.000000000000000000, 0.000000000000000000, 0.000000000000000000 ) ) ;
#2800 = VERTEX_POINT ( 'NONE', #7186 ) ;
#2801 = DIRECTION ( 'NONE',  ( 0.000000000000000000, 0.000000000000000000, -1.000000000000000000 ) ) ;
#2802 = CARTESIAN_POINT ( 'NONE',  ( 7.347880794884117764E-17, 22.99999999999999645, 0.5999999999999999778 ) ) ;
#2803 = AXIS2_PLACEMENT_3D ( 'NONE', #3354, #3947, #6763 ) ;
#2804 = DIRECTION ( 'NONE',  ( 0.000000000000000000, 0.000000000000000000, 1.000000000000000000 ) ) ;
#2805 = CARTESIAN_POINT ( 'NONE',  ( -1.750000000000000000, -5.549999999999999822, 1.000000000000000000 ) ) ;
#2806 = VECTOR ( 'NONE', #8833, 1000.000000000000000 ) ;
#2807 = ORIENTED_EDGE ( 'NONE', *, *, #2926, .T. ) ;
#2808 = EDGE_CURVE ( 'NONE', #4419, #6765, #5865, .T. ) ;
#2809 = AXIS2_PLACEMENT_3D ( 'NONE', #4486, #4434, #3061 ) ;
#2810 = DIRECTION ( 'NONE',  ( 1.000000000000000000, 0.000000000000000000, 0.000000000000000000 ) ) ;
#2811 = VECTOR ( 'NONE', #3849, 1000.000000000000000 ) ;
#2812 = VECTOR ( 'NONE', #2718, 1000.000000000000000 ) ;
#2813 = EDGE_CURVE ( 'NONE', #8257, #2494, #918, .T. ) ;
#2814 = ORIENTED_EDGE ( 'NONE', *, *, #5488, .T. ) ;
#2815 = AXIS2_PLACEMENT_3D ( 'NONE', #5454, #9055, #9100 ) ;
#2816 = ORIENTED_EDGE ( 'NONE', *, *, #4213, .T. ) ;
#2818 = PLANE ( 'NONE',  #1494 ) ;
#2817 = APPLICATION_CONTEXT ( 'automotive_design' ) ;
#2819 = CARTESIAN_POINT ( 'NONE',  ( 2.500000000000000000, -6.700000000000000178, -5.750000000000000000 ) ) ;
#2820 = ORIENTED_EDGE ( 'NONE', *, *, #3031, .F. ) ;
#2821 = PLANE ( 'NONE',  #5583 ) ;
#2822 = VERTEX_POINT ( 'NONE', #5844 ) ;
#2823 = EDGE_CURVE ( 'NONE', #4271, #1489, #6146, .T. ) ;
#2824 = VECTOR ( 'NONE', #4604, 1000.000000000000000 ) ;
#2825 = ORIENTED_EDGE ( 'NONE', *, *, #6734, .T. ) ;
#2826 = PLANE ( 'NONE',  #189 ) ;
#2827 = LINE ( 'NONE', #6370, #3644 ) ;
#2828 = CARTESIAN_POINT ( 'NONE',  ( -3.399999999999999911, -0.05202383709185160604, 0.5000000000000000000 ) ) ;
#2829 = LINE ( 'NONE', #2138, #3912 ) ;
#2830 = ORIENTED_EDGE ( 'NONE', *, *, #4481, .F. ) ;
#2831 = CARTESIAN_POINT ( 'NONE',  ( -1.479999999999999982, 20.89999999999999858, 1.200000000000000178 ) ) ;
#2832 = DIRECTION ( 'NONE',  ( 0.000000000000000000, -1.000000000000000000, 0.000000000000000000 ) ) ;
#2833 = ORIENTED_EDGE ( 'NONE', *, *, #7161, .T. ) ;
#2834 = VECTOR ( 'NONE', #8519, 1000.000000000000000 ) ;
#2835 = VECTOR ( 'NONE', #4754, 1000.000000000000000 ) ;
#2836 = DIRECTION ( 'NONE',  ( 1.000000000000000000, 0.000000000000000000, 1.232047923278981706E-16 ) ) ;
#2837 = CARTESIAN_POINT ( 'NONE',  ( 4.500000000000000000, -3.540251991789405240E-17, -0.5999999999999918732 ) ) ;
#2838 = CARTESIAN_POINT ( 'NONE',  ( 4.899999999999999467, -1.550515463917520043, -7.400000000000000355 ) ) ;
#2839 = CARTESIAN_POINT ( 'NONE',  ( 0.000000000000000000, 18.50000000000000000, 0.000000000000000000 ) ) ;
#2840 = ORIENTED_EDGE ( 'NONE', *, *, #3408, .F. ) ;
#2841 = DIRECTION ( 'NONE',  ( -1.931541112668180039E-15, 0.000000000000000000, 1.000000000000000000 ) ) ;
#2842 = CARTESIAN_POINT ( 'NONE',  ( 4.899999999999999467, 0.4494845360824790137, -7.400000000000000355 ) ) ;
#2843 = AXIS2_PLACEMENT_3D ( 'NONE', #6683, #2448, #3822 ) ;
#2844 = ORIENTED_EDGE ( 'NONE', *, *, #6002, .F. ) ;
#2845 = VECTOR ( 'NONE', #4449, 1000.000000000000000 ) ;
#2846 = ADVANCED_FACE ( 'NONE', ( #5463 ), #444, .F. ) ;
#2847 = AXIS2_PLACEMENT_3D ( 'NONE', #8992, #7523, #6042 ) ;
#2848 = AXIS2_PLACEMENT_3D ( 'NONE', #2738, #1945, #7718 ) ;
#2849 = SURFACE_STYLE_USAGE ( .BOTH. , #37 ) ;
#2850 = ORIENTED_EDGE ( 'NONE', *, *, #4663, .T. ) ;
#2851 = PLANE ( 'NONE',  #8297 ) ;
#2852 = VERTEX_POINT ( 'NONE', #2515 ) ;
#2853 = DIRECTION ( 'NONE',  ( -1.000000000000000000, 0.000000000000000000, 0.000000000000000000 ) ) ;
#2854 = ADVANCED_FACE ( 'NONE', ( #6796 ), #7413, .F. ) ;
#2855 = FACE_OUTER_BOUND ( 'NONE', #6051, .T. ) ;
#2856 = CARTESIAN_POINT ( 'NONE',  ( 4.899999999999999467, -1.550515463917520043, -5.799999999999999822 ) ) ;
#2857 = CARTESIAN_POINT ( 'NONE',  ( -0.5000000000000000000, 21.49999999999999645, 2.299999999999999822 ) ) ;
#2858 = AXIS2_PLACEMENT_3D ( 'NONE', #1295, #7570, #7662 ) ;
#2859 = ORIENTED_EDGE ( 'NONE', *, *, #8175, .F. ) ;
#2860 = VECTOR ( 'NONE', #5694, 1000.000000000000000 ) ;
#2861 = DIRECTION ( 'NONE',  ( 1.000000000000000000, 0.000000000000000000, 0.000000000000000000 ) ) ;
#2862 = ORIENTED_EDGE ( 'NONE', *, *, #545, .F. ) ;
#2863 = ORIENTED_EDGE ( 'NONE', *, *, #427, .F. ) ;
#2864 = AXIS2_PLACEMENT_3D ( 'NONE', #194, #7342, #3000 ) ;
#2865 = DIRECTION ( 'NONE',  ( 8.850629979473508477E-17, 1.000000000000000000, 0.000000000000000000 ) ) ;
#2866 = EDGE_CURVE ( 'NONE', #3896, #1139, #2605, .T. ) ;
#2867 = AXIS2_PLACEMENT_3D ( 'NONE', #5690, #7632, #3475 ) ;
#2868 = CARTESIAN_POINT ( 'NONE',  ( -4.400000000000000355, 5.150000000000000355, 0.000000000000000000 ) ) ;
#2869 = ORIENTED_EDGE ( 'NONE', *, *, #4573, .T. ) ;
#2870 = EDGE_CURVE ( 'NONE', #8128, #4009, #5332, .T. ) ;
#2871 = DIRECTION ( 'NONE',  ( 8.850629979473508477E-17, 1.000000000000000000, -2.168404344971010101E-16 ) ) ;
#2872 = ORIENTED_EDGE ( 'NONE', *, *, #3086, .F. ) ;
#2873 = VECTOR ( 'NONE', #1213, 1000.000000000000000 ) ;
#2874 = ORIENTED_EDGE ( 'NONE', *, *, #1405, .F. ) ;
#2875 = DIRECTION ( 'NONE',  ( 0.000000000000000000, 0.000000000000000000, 1.000000000000000000 ) ) ;
#2876 = DIRECTION ( 'NONE',  ( 1.000000000000000000, 0.000000000000000000, 0.000000000000000000 ) ) ;
#2877 = LINE ( 'NONE', #2921, #850 ) ;
#2878 = DIRECTION ( 'NONE',  ( 7.211624427719319127E-17, 1.000000000000000000, -8.673617379884039416E-16 ) ) ;
#2879 = ORIENTED_EDGE ( 'NONE', *, *, #6910, .T. ) ;
#2880 = LINE ( 'NONE', #7906, #3105 ) ;
#2881 = EDGE_CURVE ( 'NONE', #2914, #7052, #2471, .T. ) ;
#2882 = FACE_OUTER_BOUND ( 'NONE', #186, .T. ) ;
#2883 = EDGE_LOOP ( 'NONE', ( #5105, #4192, #8032, #1531 ) ) ;
#2884 = VECTOR ( 'NONE', #8557, 1000.000000000000000 ) ;
#2885 = CARTESIAN_POINT ( 'NONE',  ( -2.600000000000000089, 4.049484536082480268, -4.899999999999999467 ) ) ;
#2886 = CARTESIAN_POINT ( 'NONE',  ( 0.2999999999999943268, 21.69999999999999929, 2.299999999999999822 ) ) ;
#2887 = LINE ( 'NONE', #1541, #2860 ) ;
#2888 = CARTESIAN_POINT ( 'NONE',  ( 5.598656062889760143, -1.550515463917520043, -8.565425263470260120 ) ) ;
#2889 = CARTESIAN_POINT ( 'NONE',  ( -1.899999999999999911, -4.200000000000000178, 0.1000000000000000056 ) ) ;
#2890 = VERTEX_POINT ( 'NONE', #8148 ) ;
#2891 = CARTESIAN_POINT ( 'NONE',  ( 0.000000000000000000, -0.5505154639175199316, 9.757819552369539906E-17 ) ) ;
#2892 = DIRECTION ( 'NONE',  ( 0.8576327000907273401, 0.000000000000000000, 0.5142627263715392472 ) ) ;
#2893 = VECTOR ( 'NONE', #1214, 1000.000000000000000 ) ;
#2894 = EDGE_LOOP ( 'NONE', ( #7691, #6457, #6993, #617 ) ) ;
#2895 = EDGE_CURVE ( 'NONE', #2, #8994, #6108, .T. ) ;
#2896 = DIRECTION ( 'NONE',  ( 0.000000000000000000, 0.000000000000000000, 1.000000000000000000 ) ) ;
#2897 = ORIENTED_EDGE ( 'NONE', *, *, #8162, .F. ) ;
#2898 = FACE_OUTER_BOUND ( 'NONE', #4548, .T. ) ;
#2899 = ORIENTED_EDGE ( 'NONE', *, *, #1161, .T. ) ;
#2900 = DIRECTION ( 'NONE',  ( 0.000000000000000000, 0.000000000000000000, 1.000000000000000000 ) ) ;
#2901 = DIRECTION ( 'NONE',  ( 0.9999994735200916640, 0.000000000000000000, -0.001026138167772849439 ) ) ;
#2902 = DIRECTION ( 'NONE',  ( 1.931541112668180039E-15, 0.000000000000000000, -1.000000000000000000 ) ) ;
#2903 = FACE_OUTER_BOUND ( 'NONE', #984, .T. ) ;
#2904 = CARTESIAN_POINT ( 'NONE',  ( 2.291287847477914585, -6.500000000000002665, 0.9999999999999924505 ) ) ;
#2905 = EDGE_CURVE ( 'NONE', #5979, #2945, #864, .T. ) ;
#2906 = ORIENTED_EDGE ( 'NONE', *, *, #4633, .F. ) ;
#2907 = EDGE_CURVE ( 'NONE', #9087, #7622, #5977, .T. ) ;
#2908 = ORIENTED_EDGE ( 'NONE', *, *, #7995, .T. ) ;
#2909 = VECTOR ( 'NONE', #6323, 1000.000000000000000 ) ;
#2910 = ORIENTED_EDGE ( 'NONE', *, *, #554, .T. ) ;
#2911 = FACE_OUTER_BOUND ( 'NONE', #8984, .T. ) ;
#2912 = ORIENTED_EDGE ( 'NONE', *, *, #4102, .F. ) ;
#2913 = PLANE ( 'NONE',  #5437 ) ;
#2914 = VERTEX_POINT ( 'NONE', #1133 ) ;
#2915 = EDGE_CURVE ( 'NONE', #3208, #4505, #8924, .T. ) ;
#2916 = VERTEX_POINT ( 'NONE', #8104 ) ;
#2917 = CARTESIAN_POINT ( 'NONE',  ( -3.399999999999999911, -0.05202383709185160604, 0.5000000000000000000 ) ) ;
#2918 = EDGE_CURVE ( 'NONE', #3008, #5173, #5416, .T. ) ;
#2919 = CYLINDRICAL_SURFACE ( 'NONE', #9091, 0.4000000000000001887 ) ;
#2920 = VECTOR ( 'NONE', #8660, 1000.000000000000000 ) ;
#2921 = CARTESIAN_POINT ( 'NONE',  ( 2.100000000000000089, -6.700000000000000178, -5.750000000000000000 ) ) ;
#2922 = DIRECTION ( 'NONE',  ( 1.000000000000000000, 0.000000000000000000, 0.000000000000000000 ) ) ;
#2923 = ORIENTED_EDGE ( 'NONE', *, *, #450, .T. ) ;
#2924 = DIRECTION ( 'NONE',  ( -1.000000000000000000, -0.000000000000000000, -0.000000000000000000 ) ) ;
#2925 = DIRECTION ( 'NONE',  ( 0.000000000000000000, 0.000000000000000000, -1.000000000000000000 ) ) ;
#2926 = EDGE_CURVE ( 'NONE', #5621, #5614, #6750, .T. ) ;
#2927 = LINE ( 'NONE', #2185, #7387 ) ;
#2928 = EDGE_CURVE ( 'NONE', #2994, #7878, #6405, .T. ) ;
#2929 = DIRECTION ( 'NONE',  ( 0.000000000000000000, 0.000000000000000000, 1.000000000000000000 ) ) ;
#2930 = DIRECTION ( 'NONE',  ( 0.000000000000000000, -1.000000000000000000, 0.000000000000000000 ) ) ;
#2931 = DIRECTION ( 'NONE',  ( 1.000000000000000000, 0.000000000000000000, 0.000000000000000000 ) ) ;
#2932 = CARTESIAN_POINT ( 'NONE',  ( 0.4000000000000000222, -6.700000000000000178, 4.928191693115930030E-17 ) ) ;
#2933 = ORIENTED_EDGE ( 'NONE', *, *, #983, .F. ) ;
#2934 = DIRECTION ( 'NONE',  ( -0.000000000000000000, -0.000000000000000000, -1.000000000000000000 ) ) ;
#2935 = DIRECTION ( 'NONE',  ( -0.4226182617407095443, 0.000000000000000000, 0.9063077870366452737 ) ) ;
#2936 = ORIENTED_EDGE ( 'NONE', *, *, #1690, .T. ) ;
#2937 = VECTOR ( 'NONE', #841, 1000.000000000000114 ) ;
#2938 = PLANE ( 'NONE',  #8006 ) ;
#2939 = ORIENTED_EDGE ( 'NONE', *, *, #3311, .T. ) ;
#2940 = CARTESIAN_POINT ( 'NONE',  ( 2.324999999999999734, -4.750515463917520442, 0.000000000000000000 ) ) ;
#2941 = DIRECTION ( 'NONE',  ( 0.000000000000000000, 0.000000000000000000, 1.000000000000000000 ) ) ;
#2942 = LINE ( 'NONE', #4889, #8154 ) ;
#2943 = DIRECTION ( 'NONE',  ( -0.8778780114862309025, 2.187047340575289630E-16, -0.4788843252278999207 ) ) ;
#2944 = CARTESIAN_POINT ( 'NONE',  ( -2.899999999999999911, -6.400000000000000355, -1.350000000000000089 ) ) ;
#2945 = VERTEX_POINT ( 'NONE', #6842 ) ;
#2946 = VECTOR ( 'NONE', #5385, 1000.000000000000000 ) ;
#2947 = VERTEX_POINT ( 'NONE', #541 ) ;
#2948 = PRODUCT_RELATED_PRODUCT_CATEGORY ( 'part', '', ( #8335 ) ) ;
#2949 = VERTEX_POINT ( 'NONE', #3338 ) ;
#2950 = CARTESIAN_POINT ( 'NONE',  ( 0.000000000000000000, -6.700000000000000178, -5.750000000000000000 ) ) ;
#2951 = AXIS2_PLACEMENT_3D ( 'NONE', #2891, #7134, #80 ) ;
#2952 = DIRECTION ( 'NONE',  ( 1.000000000000000000, -1.308519863344573798E-16, 0.000000000000000000 ) ) ;
#2953 = EDGE_LOOP ( 'NONE', ( #7086, #2986, #1789, #5347 ) ) ;
#2954 = CARTESIAN_POINT ( 'NONE',  ( 0.5000000000000000000, 21.69999999999999929, 1.500000000000000000 ) ) ;
#2955 = VERTEX_POINT ( 'NONE', #6150 ) ;
#2956 = VECTOR ( 'NONE', #2577, 1000.000000000000000 ) ;
#2957 = AXIS2_PLACEMENT_3D ( 'NONE', #6144, #18, #1402 ) ;
#2958 = VERTEX_POINT ( 'NONE', #8582 ) ;
#2959 = DIRECTION ( 'NONE',  ( 0.000000000000000000, 0.000000000000000000, -1.000000000000000000 ) ) ;
#2960 = VECTOR ( 'NONE', #4205, 1000.000000000000000 ) ;
#2961 = LINE ( 'NONE', #5731, #2172 ) ;
#2962 = ADVANCED_FACE ( 'NONE', ( #4366, #6313 ), #696, .T. ) ;
#2963 = DIRECTION ( 'NONE',  ( 1.000000000000000000, 0.000000000000000000, 0.000000000000000000 ) ) ;
#2964 = CARTESIAN_POINT ( 'NONE',  ( 4.899999999999999467, -5.150515463917519909, -4.299999999999999822 ) ) ;
#2965 = ORIENTED_EDGE ( 'NONE', *, *, #6623, .F. ) ;
#2966 = DIRECTION ( 'NONE',  ( 0.000000000000000000, 0.000000000000000000, 1.000000000000000000 ) ) ;
#2967 = CARTESIAN_POINT ( 'NONE',  ( 4.500000000000000000, 2.849484536082479647, -4.899999999999999467 ) ) ;
#2968 = ORIENTED_EDGE ( 'NONE', *, *, #8765, .T. ) ;
#2969 = EDGE_CURVE ( 'NONE', #2650, #2249, #837, .T. ) ;
#2970 = VECTOR ( 'NONE', #2003, 1000.000000000000000 ) ;
#2971 = CARTESIAN_POINT ( 'NONE',  ( 4.500000000000000000, 2.849484536082479647, -5.299999999999999822 ) ) ;
#2972 = DIRECTION ( 'NONE',  ( 1.000000000000000000, 0.000000000000000000, 1.931541112668180039E-15 ) ) ;
#2973 = EDGE_CURVE ( 'NONE', #1015, #3742, #7115, .T. ) ;
#2974 = LINE ( 'NONE', #258, #7567 ) ;
#2975 = LINE ( 'NONE', #2147, #223 ) ;
#2976 = LINE ( 'NONE', #6570, #8334 ) ;
#2977 = AXIS2_PLACEMENT_3D ( 'NONE', #6769, #467, #7690 ) ;
#2978 = ORIENTED_EDGE ( 'NONE', *, *, #3457, .T. ) ;
#2979 = DIRECTION ( 'NONE',  ( 0.000000000000000000, 1.000000000000000000, 0.000000000000000000 ) ) ;
#2980 = FACE_OUTER_BOUND ( 'NONE', #1291, .T. ) ;
#2981 = EDGE_CURVE ( 'NONE', #3215, #2822, #5032, .T. ) ;
#2982 = AXIS2_PLACEMENT_3D ( 'NONE', #2917, #8453, #2134 ) ;
#2983 = CARTESIAN_POINT ( 'NONE',  ( 4.899999999999999467, 4.349484536082480091, -4.899999999999999467 ) ) ;
#2984 = VERTEX_POINT ( 'NONE', #8397 ) ;
#2985 = DIRECTION ( 'NONE',  ( 0.000000000000000000, 1.000000000000000000, 0.000000000000000000 ) ) ;
#2986 = ORIENTED_EDGE ( 'NONE', *, *, #802, .F. ) ;
#2987 = CARTESIAN_POINT ( 'NONE',  ( -1.565936075841835029, 20.19999999999999929, -3.517150011924015107 ) ) ;
#2988 = CARTESIAN_POINT ( 'NONE',  ( 0.000000000000000000, 23.19999999999999929, 0.000000000000000000 ) ) ;
#2989 = CARTESIAN_POINT ( 'NONE',  ( 2.556853995623895086E-49, -3.650515463917519909, 0.4000000000000000222 ) ) ;
#2990 = DIRECTION ( 'NONE',  ( -8.850629979473508477E-17, 1.000000000000000000, 0.000000000000000000 ) ) ;
#2991 = ORIENTED_EDGE ( 'NONE', *, *, #3823, .F. ) ;
#2992 = AXIS2_PLACEMENT_3D ( 'NONE', #2110, #8429, #2799 ) ;
#2993 = EDGE_CURVE ( 'NONE', #6544, #699, #3548, .T. ) ;
#2994 = VERTEX_POINT ( 'NONE', #7891 ) ;
#2995 = ORIENTED_EDGE ( 'NONE', *, *, #6469, .F. ) ;
#2996 = ORIENTED_EDGE ( 'NONE', *, *, #1376, .F. ) ;
#2997 = LINE ( 'NONE', #5258, #765 ) ;
#2998 = PLANE ( 'NONE',  #5159 ) ;
#2999 = AXIS2_PLACEMENT_3D ( 'NONE', #2988, #2772, #698 ) ;
#3000 = DIRECTION ( 'NONE',  ( 0.000000000000000000, 1.000000000000000000, 0.000000000000000000 ) ) ;
#3001 = AXIS2_PLACEMENT_3D ( 'NONE', #4440, #8739, #5192 ) ;
#3002 = ORIENTED_EDGE ( 'NONE', *, *, #1955, .T. ) ;
#3003 = LINE ( 'NONE', #3642, #6612 ) ;
#3004 = ORIENTED_EDGE ( 'NONE', *, *, #7024, .F. ) ;
#3005 = CARTESIAN_POINT ( 'NONE',  ( 0.5000000000000000000, -2.050000000000000266, 0.5000000000000000000 ) ) ;
#3006 = VECTOR ( 'NONE', #1462, 1000.000000000000114 ) ;
#3007 = ADVANCED_FACE ( 'NONE', ( #5578 ), #4983, .T. ) ;
#3008 = VERTEX_POINT ( 'NONE', #2211 ) ;
#3009 = DIRECTION ( 'NONE',  ( 0.000000000000000000, 0.000000000000000000, 1.000000000000000000 ) ) ;
#3010 = DIRECTION ( 'NONE',  ( 1.000000000000000000, 0.000000000000000000, 0.000000000000000000 ) ) ;
#3011 = DIRECTION ( 'NONE',  ( 0.000000000000000000, 0.000000000000000000, 1.000000000000000000 ) ) ;
#3012 = LINE ( 'NONE', #3696, #5103 ) ;
#3013 = VERTEX_POINT ( 'NONE', #1563 ) ;
#3014 = CARTESIAN_POINT ( 'NONE',  ( -4.899999999999999467, 0.4494845360824795133, -7.400446128206090712 ) ) ;
#3015 = VECTOR ( 'NONE', #6921, 1000.000000000000000 ) ;
#3016 = CARTESIAN_POINT ( 'NONE',  ( 4.500000000000000000, 3.982783490763080109E-16, 0.000000000000000000 ) ) ;
#3017 = EDGE_CURVE ( 'NONE', #7888, #8801, #6362, .T. ) ;
#3018 = ORIENTED_EDGE ( 'NONE', *, *, #5852, .F. ) ;
#3019 = ADVANCED_FACE ( 'NONE', ( #7749 ), #1428, .T. ) ;
#3020 = LINE ( 'NONE', #8091, #2535 ) ;
#3021 = CYLINDRICAL_SURFACE ( 'NONE', #3199, 0.8000000000000003775 ) ;
#3022 = LINE ( 'NONE', #6430, #3435 ) ;
#3023 = CARTESIAN_POINT ( 'NONE',  ( 2.324999999999999734, 3.649484536082480357, 0.4000000000000000222 ) ) ;
#3024 = ORIENTED_EDGE ( 'NONE', *, *, #4312, .T. ) ;
#3025 = LINE ( 'NONE', #5101, #1764 ) ;
#3026 = CARTESIAN_POINT ( 'NONE',  ( -5.708436666169079743, -1.550515463917520043, -8.330000000000000071 ) ) ;
#3027 = EDGE_CURVE ( 'NONE', #2079, #2564, #880, .T. ) ;
#3028 = LINE ( 'NONE', #7412, #456 ) ;
#3029 = DIRECTION ( 'NONE',  ( 1.000000000000000000, -0.000000000000000000, -0.000000000000000000 ) ) ;
#3030 = EDGE_LOOP ( 'NONE', ( #4174, #9115, #577, #7060 ) ) ;
#3031 = EDGE_CURVE ( 'NONE', #2657, #2213, #2167, .T. ) ;
#3032 = CARTESIAN_POINT ( 'NONE',  ( -0.006290684479731950725, 20.19999999999999929, 0.008155582768842548416 ) ) ;
#3033 = CARTESIAN_POINT ( 'NONE',  ( -4.598116167910880847, -7.703534482956370774E-17, -7.662869739802290248 ) ) ;
#3034 = CARTESIAN_POINT ( 'NONE',  ( -3.674999999999999822, -4.750515463917520442, -1.600000000000000089 ) ) ;
#3035 = AXIS2_PLACEMENT_3D ( 'NONE', #2932, #2238, #348 ) ;
#3036 = PLANE ( 'NONE',  #6637 ) ;
#3037 = ORIENTED_EDGE ( 'NONE', *, *, #7124, .T. ) ;
#3038 = APPLICATION_PROTOCOL_DEFINITION ( 'draft international standard', 'automotive_design', 1998, #4096 ) ;
#3039 = ORIENTED_EDGE ( 'NONE', *, *, #6553, .F. ) ;
#3040 = EDGE_CURVE ( 'NONE', #5590, #1756, #2357, .T. ) ;
#3041 = ORIENTED_EDGE ( 'NONE', *, *, #7701, .F. ) ;
#3042 = ORIENTED_EDGE ( 'NONE', *, *, #703, .F. ) ;
#3043 = PLANE ( 'NONE',  #2078 ) ;
#3044 = EDGE_CURVE ( 'NONE', #6468, #5862, #9124, .T. ) ;
#3045 = DIRECTION ( 'NONE',  ( 0.000000000000000000, 0.000000000000000000, 1.000000000000000000 ) ) ;
#3046 = DIRECTION ( 'NONE',  ( 0.8778780114862310135, -2.187047340575289876E-16, 0.4788843252278999763 ) ) ;
#3047 = ORIENTED_EDGE ( 'NONE', *, *, #7600, .F. ) ;
#3048 = CARTESIAN_POINT ( 'NONE',  ( 2.500000000000000000, -6.400000000000000355, 0.000000000000000000 ) ) ;
#3049 = VERTEX_POINT ( 'NONE', #2868 ) ;
#3050 = VERTEX_POINT ( 'NONE', #7791 ) ;
#3051 = CARTESIAN_POINT ( 'NONE',  ( 4.500000000000000000, 4.049484536082480268, -5.299999999999999822 ) ) ;
#3052 = ADVANCED_FACE ( 'NONE', ( #2911 ), #8695, .T. ) ;
#3053 = CIRCLE ( 'NONE', #6582, 0.4000000000000000222 ) ;
#3054 = VERTEX_POINT ( 'NONE', #6411 ) ;
#3055 = PLANE ( 'NONE',  #7262 ) ;
#3056 = PLANE ( 'NONE',  #566 ) ;
#3057 = CYLINDRICAL_SURFACE ( 'NONE', #6184, 0.5000000000000000000 ) ;
#3058 = ORIENTED_EDGE ( 'NONE', *, *, #302, .T. ) ;
#3059 = LINE ( 'NONE', #207, #5023 ) ;
#3060 = VECTOR ( 'NONE', #6053, 1000.000000000000000 ) ;
#3061 = DIRECTION ( 'NONE',  ( 1.000000000000000000, 0.000000000000000000, 0.000000000000000000 ) ) ;
#3062 = ORIENTED_EDGE ( 'NONE', *, *, #8193, .F. ) ;
#3063 = CIRCLE ( 'NONE', #2322, 0.6750000000000002665 ) ;
#3064 = CYLINDRICAL_SURFACE ( 'NONE', #1067, 0.4000000000000001887 ) ;
#3065 = ADVANCED_FACE ( 'NONE', ( #5033 ), #7845, .F. ) ;
#3066 = DIRECTION ( 'NONE',  ( 0.000000000000000000, 0.000000000000000000, 1.000000000000000000 ) ) ;
#3067 = PLANE ( 'NONE',  #3591 ) ;
#3068 = DIRECTION ( 'NONE',  ( 0.000000000000000000, 0.000000000000000000, 1.000000000000000000 ) ) ;
#3069 = DIRECTION ( 'NONE',  ( 0.000000000000000000, 1.000000000000000000, 0.000000000000000000 ) ) ;
#3070 = CARTESIAN_POINT ( 'NONE',  ( 4.899999999999999467, -2.450515463917519732, -0.5999999999999899858 ) ) ;
#3071 = CARTESIAN_POINT ( 'NONE',  ( 0.000000000000000000, 0.000000000000000000, 0.1000000000000000056 ) ) ;
#3072 = FACE_BOUND ( 'NONE', #6440, .T. ) ;
#3073 = DIRECTION ( 'NONE',  ( 0.000000000000000000, 0.000000000000000000, -1.000000000000000000 ) ) ;
#3074 = DIRECTION ( 'NONE',  ( 0.4788843252278979223, 0.000000000000000000, 0.8778780114862320128 ) ) ;
#3075 = DIRECTION ( 'NONE',  ( 0.000000000000000000, -1.000000000000000000, 0.000000000000000000 ) ) ;
#3076 = CYLINDRICAL_SURFACE ( 'NONE', #451, 1.200000000000011724 ) ;
#3077 = EDGE_CURVE ( 'NONE', #2723, #8622, #6453, .T. ) ;
#3078 = PLANE ( 'NONE',  #1774 ) ;
#3079 = ORIENTED_EDGE ( 'NONE', *, *, #669, .T. ) ;
#3080 = EDGE_CURVE ( 'NONE', #4409, #2022, #5895, .T. ) ;
#3081 = ORIENTED_EDGE ( 'NONE', *, *, #8612, .T. ) ;
#3082 = VERTEX_POINT ( 'NONE', #7426 ) ;
#3083 = LINE ( 'NONE', #5122, #9000 ) ;
#3084 = DIRECTION ( 'NONE',  ( 1.000000000000000000, -2.491288438666615119E-16, 0.000000000000000000 ) ) ;
#3085 = DIRECTION ( 'NONE',  ( 0.000000000000000000, 0.000000000000000000, -1.000000000000000000 ) ) ;
#3086 = EDGE_CURVE ( 'NONE', #4783, #7068, #977, .T. ) ;
#3087 = VECTOR ( 'NONE', #238, 1000.000000000000000 ) ;
#3088 = ORIENTED_EDGE ( 'NONE', *, *, #2352, .F. ) ;
#3089 = ORIENTED_EDGE ( 'NONE', *, *, #7094, .F. ) ;
#3090 = LINE ( 'NONE', #7990, #6369 ) ;
#3091 = EDGE_CURVE ( 'NONE', #1804, #1106, #5859, .T. ) ;
#3092 = VECTOR ( 'NONE', #6524, 1000.000000000000000 ) ;
#3093 = ORIENTED_EDGE ( 'NONE', *, *, #1393, .F. ) ;
#3094 = DIRECTION ( 'NONE',  ( 0.000000000000000000, -1.000000000000000000, 0.000000000000000000 ) ) ;
#3095 = LINE ( 'NONE', #5915, #8663 ) ;
#3096 = DIRECTION ( 'NONE',  ( -0.4067366430758007634, -0.000000000000000000, 0.9135454576426006446 ) ) ;
#3097 = EDGE_LOOP ( 'NONE', ( #6814, #1142, #8069, #4615, #6227, #6533, #4396, #2265, #8476, #3042, #8772, #2840, #4374, #7200, #2830, #3577, #2049, #5066, #1413, #6912, #3599, #114, #3631, #800, #2231, #6166, #2394, #2148 ) ) ;
#3098 = DIRECTION ( 'NONE',  ( 0.000000000000000000, 0.000000000000000000, -1.000000000000000000 ) ) ;
#3099 = DIRECTION ( 'NONE',  ( 0.000000000000000000, 1.000000000000000000, 0.000000000000000000 ) ) ;
#3100 = ORIENTED_EDGE ( 'NONE', *, *, #3740, .T. ) ;
#3101 = VECTOR ( 'NONE', #3973, 1000.000000000000114 ) ;
#3102 = EDGE_CURVE ( 'NONE', #3636, #8989, #8720, .T. ) ;
#3103 = AXIS2_PLACEMENT_3D ( 'NONE', #4997, #2832, #713 ) ;
#3104 = DIRECTION ( 'NONE',  ( 0.000000000000000000, -1.000000000000000000, 0.000000000000000000 ) ) ;
#3105 = VECTOR ( 'NONE', #8502, 1000.000000000000000 ) ;
#3106 = DIRECTION ( 'NONE',  ( -1.000000000000000000, 0.000000000000000000, 0.000000000000000000 ) ) ;
#3107 = LINE ( 'NONE', #1807, #8300 ) ;
#3108 = CARTESIAN_POINT ( 'NONE',  ( -3.250000000000000000, -6.500000000000000000, 1.300000000000000044 ) ) ;
#3109 = CARTESIAN_POINT ( 'NONE',  ( 4.911598099521950367, 0.4494845360824795133, -9.101887738487539181 ) ) ;
#3110 = ORIENTED_EDGE ( 'NONE', *, *, #6589, .T. ) ;
#3111 = DIRECTION ( 'NONE',  ( 0.000000000000000000, 1.000000000000000000, 3.260780805318075053E-31 ) ) ;
#3112 = DIRECTION ( 'NONE',  ( 0.000000000000000000, 0.000000000000000000, 1.000000000000000000 ) ) ;
#3113 = AXIS2_PLACEMENT_3D ( 'NONE', #6000, #6726, #4097 ) ;
#3114 = ADVANCED_FACE ( 'NONE', ( #2397 ), #193, .F. ) ;
#3115 = VECTOR ( 'NONE', #369, 1000.000000000000000 ) ;
#3116 = LINE ( 'NONE', #5933, #8441 ) ;
#3117 = ORIENTED_EDGE ( 'NONE', *, *, #2752, .F. ) ;
#3118 = CARTESIAN_POINT ( 'NONE',  ( 0.0008203932499369629349, 21.69999999999999929, 4.781147327278690334E-17 ) ) ;
#3119 = DIRECTION ( 'NONE',  ( -1.000000000000000000, 0.000000000000000000, 0.000000000000000000 ) ) ;
#3120 = VECTOR ( 'NONE', #662, 1000.000000000000000 ) ;
#3121 = EDGE_LOOP ( 'NONE', ( #2578, #6975 ) ) ;
#3122 = EDGE_CURVE ( 'NONE', #2280, #6862, #4597, .T. ) ;
#3123 = EDGE_CURVE ( 'NONE', #988, #4701, #7250, .T. ) ;
#3124 = AXIS2_PLACEMENT_3D ( 'NONE', #7388, #5996, #5263 ) ;
#3125 = ORIENTED_EDGE ( 'NONE', *, *, #3044, .T. ) ;
#3126 = ORIENTED_EDGE ( 'NONE', *, *, #1713, .F. ) ;
#3127 = CARTESIAN_POINT ( 'NONE',  ( -3.649999999999999911, 4.649999999999999467, 5.599999999999999645 ) ) ;
#3128 = DIRECTION ( 'NONE',  ( 0.000000000000000000, 0.000000000000000000, 1.000000000000000000 ) ) ;
#3129 = CARTESIAN_POINT ( 'NONE',  ( 0.000000000000000000, -0.5505154639175199316, 9.757819552369539906E-17 ) ) ;
#3130 = ORIENTED_EDGE ( 'NONE', *, *, #1066, .T. ) ;
#3131 = ORIENTED_EDGE ( 'NONE', *, *, #1554, .F. ) ;
#3132 = ORIENTED_EDGE ( 'NONE', *, *, #8046, .T. ) ;
#3133 = AXIS2_PLACEMENT_3D ( 'NONE', #2819, #2261, #5628 ) ;
#3134 = CARTESIAN_POINT ( 'NONE',  ( 4.500000000000000000, 2.849484536082479647, -6.799999999999999822 ) ) ;
#3135 = AXIS2_PLACEMENT_3D ( 'NONE', #6207, #9025, #7091 ) ;
#3136 = EDGE_CURVE ( 'NONE', #8486, #9079, #7984, .T. ) ;
#3137 = AXIS2_PLACEMENT_3D ( 'NONE', #2587, #5487, #4792 ) ;
#3138 = ORIENTED_EDGE ( 'NONE', *, *, #111, .F. ) ;
#3139 = VECTOR ( 'NONE', #7357, 1000.000000000000000 ) ;
#3140 = FACE_OUTER_BOUND ( 'NONE', #5812, .T. ) ;
#3141 = FACE_BOUND ( 'NONE', #6300, .T. ) ;
#3142 = EDGE_CURVE ( 'NONE', #5359, #1383, #7341, .T. ) ;
#3143 = ORIENTED_EDGE ( 'NONE', *, *, #5955, .T. ) ;
#3144 = CARTESIAN_POINT ( 'NONE',  ( 0.8032336497292289490, 21.69999999999999929, -1.604700010220585060 ) ) ;
#3145 = ORIENTED_EDGE ( 'NONE', *, *, #1725, .F. ) ;
#3146 = VECTOR ( 'NONE', #1831, 1000.000000000000000 ) ;
#3147 = EDGE_LOOP ( 'NONE', ( #8614, #6133, #2787, #8580 ) ) ;
#3148 = CARTESIAN_POINT ( 'NONE',  ( -3.000000000000000000, 3.649484536082480357, -1.600000000000000089 ) ) ;
#3149 = CARTESIAN_POINT ( 'NONE',  ( -4.400000000000000355, 0.000000000000000000, 0.000000000000000000 ) ) ;
#3150 = CIRCLE ( 'NONE', #2278, 3.850000000000001865 ) ;
#3151 = LINE ( 'NONE', #7448, #949 ) ;
#3152 = EDGE_CURVE ( 'NONE', #8123, #3858, #3676, .T. ) ;
#3153 =( GEOMETRIC_REPRESENTATION_CONTEXT ( 3 ) GLOBAL_UNCERTAINTY_ASSIGNED_CONTEXT ( ( #8289 ) ) GLOBAL_UNIT_ASSIGNED_CONTEXT ( ( #7495, #488, #8877 ) ) REPRESENTATION_CONTEXT ( 'NONE', 'WORKASPACE' ) );
#3154 = CARTESIAN_POINT ( 'NONE',  ( 3.000000000000000000, -4.750515463917520442, 0.000000000000000000 ) ) ;
#3155 = FACE_OUTER_BOUND ( 'NONE', #8545, .T. ) ;
#3156 = CARTESIAN_POINT ( 'NONE',  ( 5.708436666169090401, 0.4494845360824785141, -8.330000000000000071 ) ) ;
#3157 = PLANE ( 'NONE',  #10 ) ;
#3158 = DIRECTION ( 'NONE',  ( 1.000000000000000000, -2.491288438666615119E-16, 0.000000000000000000 ) ) ;
#3159 = DIRECTION ( 'NONE',  ( 0.000000000000000000, 1.000000000000000000, 0.000000000000000000 ) ) ;
#3160 = ORIENTED_EDGE ( 'NONE', *, *, #3408, .T. ) ;
#3161 = CARTESIAN_POINT ( 'NONE',  ( 1.899999999999999911, -4.200000000000000178, 0.1000000000000000056 ) ) ;
#3162 = CARTESIAN_POINT ( 'NONE',  ( -1.734723475976804925E-15, 0.4500000000000000111, 4.299999999999999822 ) ) ;
#3163 = ORIENTED_EDGE ( 'NONE', *, *, #3730, .F. ) ;
#3164 = EDGE_CURVE ( 'NONE', #3623, #1107, #6499, .T. ) ;
#3165 = ORIENTED_EDGE ( 'NONE', *, *, #522, .F. ) ;
#3166 = VERTEX_POINT ( 'NONE', #6590 ) ;
#3167 = ORIENTED_EDGE ( 'NONE', *, *, #851, .F. ) ;
#3168 = CARTESIAN_POINT ( 'NONE',  ( 0.5000000000000000000, -2.050000000000000266, 0.5000000000000000000 ) ) ;
#3169 = VECTOR ( 'NONE', #171, 1000.000000000000000 ) ;
#3170 = ADVANCED_FACE ( 'NONE', ( #5123 ), #1607, .F. ) ;
#3171 = DIRECTION ( 'NONE',  ( 0.000000000000000000, 7.228014483236700500E-16, -1.000000000000000000 ) ) ;
#3172 = PLANE ( 'NONE',  #4918 ) ;
#3173 = ORIENTED_EDGE ( 'NONE', *, *, #2184, .T. ) ;
#3174 = EDGE_LOOP ( 'NONE', ( #939, #6095, #3514, #1826 ) ) ;
#3175 = VERTEX_POINT ( 'NONE', #8120 ) ;
#3176 = LINE ( 'NONE', #5129, #1941 ) ;
#3177 = AXIS2_PLACEMENT_3D ( 'NONE', #8364, #2037, #4851 ) ;
#3178 = DIRECTION ( 'NONE',  ( 0.000000000000000000, 0.000000000000000000, -1.000000000000000000 ) ) ;
#3179 = EDGE_LOOP ( 'NONE', ( #5392, #1648, #3004, #8082, #5580, #2343, #4092 ) ) ;
#3180 = DIRECTION ( 'NONE',  ( 0.000000000000000000, 0.000000000000000000, -1.000000000000000000 ) ) ;
#3181 = DIRECTION ( 'NONE',  ( 0.000000000000000000, 0.000000000000000000, 1.000000000000000000 ) ) ;
#3182 = ORIENTED_EDGE ( 'NONE', *, *, #7897, .T. ) ;
#3183 = ADVANCED_FACE ( 'NONE', ( #8629 ), #5947, .T. ) ;
#3184 = CARTESIAN_POINT ( 'NONE',  ( 4.500000000000000000, -5.150515463917519909, -4.299999999999999822 ) ) ;
#3185 = VERTEX_POINT ( 'NONE', #932 ) ;
#3186 = VECTOR ( 'NONE', #6883, 1000.000000000000000 ) ;
#3187 = ADVANCED_FACE ( 'NONE', ( #4511 ), #8673, .T. ) ;
#3188 = VERTEX_POINT ( 'NONE', #1018 ) ;
#3189 = DIRECTION ( 'NONE',  ( 0.000000000000000000, 0.000000000000000000, 1.000000000000000000 ) ) ;
#3190 = DIRECTION ( 'NONE',  ( 0.000000000000000000, 0.000000000000000000, -1.000000000000000000 ) ) ;
#3191 = VECTOR ( 'NONE', #2876, 1000.000000000000000 ) ;
#3192 = LINE ( 'NONE', #435, #8451 ) ;
#3193 = DIRECTION ( 'NONE',  ( 0.000000000000000000, 0.000000000000000000, 1.000000000000000000 ) ) ;
#3194 = DIRECTION ( 'NONE',  ( -1.000000000000000000, 0.000000000000000000, 0.000000000000000000 ) ) ;
#3195 = EDGE_LOOP ( 'NONE', ( #2968, #743, #7159, #7392, #7445, #3617, #7037, #4550, #5653, #7655 ) ) ;
#3196 = CARTESIAN_POINT ( 'NONE',  ( 0.000000000000000000, -6.000000000000005329, 0.000000000000000000 ) ) ;
#3197 = ADVANCED_FACE ( 'NONE', ( #4467, #5259 ), #2998, .F. ) ;
#3198 = FACE_OUTER_BOUND ( 'NONE', #3821, .T. ) ;
#3199 = AXIS2_PLACEMENT_3D ( 'NONE', #7447, #8092, #8821 ) ;
#3200 = EDGE_CURVE ( 'NONE', #7089, #6136, #280, .T. ) ;
#3201 = DIRECTION ( 'NONE',  ( -0.7547095802227749006, -6.679655236515559302E-17, -0.6560590289905040562 ) ) ;
#3202 = DIRECTION ( 'NONE',  ( -1.000000000000000000, 0.000000000000000000, 0.000000000000000000 ) ) ;
#3203 = CARTESIAN_POINT ( 'NONE',  ( -5.011844097109289464, 0.4494845360824791802, -9.823847585124243054 ) ) ;
#3204 = VERTEX_POINT ( 'NONE', #4733 ) ;
#3205 = LINE ( 'NONE', #5419, #6768 ) ;
#3206 = AXIS2_PLACEMENT_3D ( 'NONE', #5108, #8524, #5154 ) ;
#3207 = FACE_OUTER_BOUND ( 'NONE', #1112, .T. ) ;
#3208 = VERTEX_POINT ( 'NONE', #3400 ) ;
#3209 = ORIENTED_EDGE ( 'NONE', *, *, #4877, .F. ) ;
#3210 = VERTEX_POINT ( 'NONE', #551 ) ;
#3211 = ORIENTED_EDGE ( 'NONE', *, *, #7553, .T. ) ;
#3212 = DIRECTION ( 'NONE',  ( 0.000000000000000000, 0.000000000000000000, 1.000000000000000000 ) ) ;
#3213 = CARTESIAN_POINT ( 'NONE',  ( -3.399999999999999911, -0.5505154639175199316, 0.4000000000000000222 ) ) ;
#3214 = DIRECTION ( 'NONE',  ( 0.000000000000000000, 0.000000000000000000, 1.000000000000000000 ) ) ;
#3215 = VERTEX_POINT ( 'NONE', #3213 ) ;
#3216 = VERTEX_POINT ( 'NONE', #7606 ) ;
#3217 = CARTESIAN_POINT ( 'NONE',  ( -4.899999999999999467, -3.550515463917519821, -4.299999999999999822 ) ) ;
#3218 = EDGE_CURVE ( 'NONE', #6032, #1253, #2665, .T. ) ;
#3219 = SURFACE_SIDE_STYLE ('',( #3489 ) ) ;
#3220 = ORIENTED_EDGE ( 'NONE', *, *, #7197, .F. ) ;
#3221 = CYLINDRICAL_SURFACE ( 'NONE', #320, 1.199999999999963984 ) ;
#3222 = VECTOR ( 'NONE', #5536, 1000.000000000000000 ) ;
#3223 = FACE_OUTER_BOUND ( 'NONE', #6968, .T. ) ;
#3224 = ORIENTED_EDGE ( 'NONE', *, *, #7825, .F. ) ;
#3225 = LINE ( 'NONE', #7482, #7232 ) ;
#3226 = ORIENTED_EDGE ( 'NONE', *, *, #6186, .F. ) ;
#3227 = VECTOR ( 'NONE', #4045, 1000.000000000000000 ) ;
#3228 = EDGE_LOOP ( 'NONE', ( #3641, #7709, #2722, #1912 ) ) ;
#3229 = EDGE_CURVE ( 'NONE', #4473, #1096, #6717, .T. ) ;
#3230 = DIRECTION ( 'NONE',  ( -1.606225440719264641E-16, -1.000000000000000000, -3.102490474962825299E-31 ) ) ;
#3231 = DIRECTION ( 'NONE',  ( -0.000000000000000000, -1.000000000000000000, -0.000000000000000000 ) ) ;
#3232 = CARTESIAN_POINT ( 'NONE',  ( 4.899999999999999467, -1.550515463917520043, -7.400000000000000355 ) ) ;
#3233 = CIRCLE ( 'NONE', #757, 0.4000000000000001887 ) ;
#3234 = FACE_OUTER_BOUND ( 'NONE', #3917, .T. ) ;
#3235 = CARTESIAN_POINT ( 'NONE',  ( 4.899999999999999467, 2.449484536082480179, 0.4000000000000000222 ) ) ;
#3236 = EDGE_LOOP ( 'NONE', ( #6711, #5803, #6123, #7420 ) ) ;
#3237 = DIRECTION ( 'NONE',  ( -1.000000000000000000, 0.000000000000000000, 0.000000000000000000 ) ) ;
#3238 = LINE ( 'NONE', #4760, #4028 ) ;
#3239 = CIRCLE ( 'NONE', #8403, 0.5999999999999999778 ) ;
#3240 = VECTOR ( 'NONE', #5246, 1000.000000000000000 ) ;
#3241 = VECTOR ( 'NONE', #8436, 1000.000000000000000 ) ;
#3242 = VECTOR ( 'NONE', #5872, 1000.000000000000000 ) ;
#3243 = EDGE_CURVE ( 'NONE', #5635, #1605, #5475, .T. ) ;
#3244 = CARTESIAN_POINT ( 'NONE',  ( 4.500000000000000000, 4.349484536082480091, 0.4000000000000090150 ) ) ;
#3245 = CARTESIAN_POINT ( 'NONE',  ( -5.238893727143770107, -1.550515463917520043, -8.400000000000000355 ) ) ;
#3246 = DIRECTION ( 'NONE',  ( -1.000000000000000000, -1.971276677246369793E-16, 0.000000000000000000 ) ) ;
#3247 = AXIS2_PLACEMENT_3D ( 'NONE', #144, #8581, #4510 ) ;
#3248 = VERTEX_POINT ( 'NONE', #4779 ) ;
#3249 = DIRECTION ( 'NONE',  ( 1.000000000000000000, 0.000000000000000000, 0.000000000000000000 ) ) ;
#3250 = ADVANCED_FACE ( 'NONE', ( #4682, #6162, #6212, #6854, #3257, #1918 ), #7559, .T. ) ;
#3251 = PLANE ( 'NONE',  #8896 ) ;
#3252 = ORIENTED_EDGE ( 'NONE', *, *, #1676, .F. ) ;
#3253 = AXIS2_PLACEMENT_3D ( 'NONE', #6992, #3178, #1836 ) ;
#3254 = EDGE_LOOP ( 'NONE', ( #8047, #979, #5303, #3418, #1665, #2358, #2798, #1702 ) ) ;
#3255 = ORIENTED_EDGE ( 'NONE', *, *, #1558, .T. ) ;
#3256 = DIRECTION ( 'NONE',  ( 1.000000000000000000, 1.971276677246369793E-16, 0.000000000000000000 ) ) ;
#3257 = FACE_BOUND ( 'NONE', #4526, .T. ) ;
#3258 = LINE ( 'NONE', #1237, #6678 ) ;
#3259 = EDGE_CURVE ( 'NONE', #6904, #7337, #5425, .T. ) ;
#3260 = LINE ( 'NONE', #6081, #2956 ) ;
#3261 = AXIS2_PLACEMENT_3D ( 'NONE', #2797, #7735, #7826 ) ;
#3262 = ORIENTED_EDGE ( 'NONE', *, *, #5997, .T. ) ;
#3263 = ORIENTED_EDGE ( 'NONE', *, *, #3229, .T. ) ;
#3264 =( LENGTH_UNIT ( ) NAMED_UNIT ( * ) SI_UNIT ( .MILLI., .METRE. ) );
#3265 = CIRCLE ( 'NONE', #3856, 0.2000000000000000944 ) ;
#3266 = VERTEX_POINT ( 'NONE', #3307 ) ;
#3267 = CARTESIAN_POINT ( 'NONE',  ( 0.7500000000000000000, -5.549999999999999822, 1.300000000000000044 ) ) ;
#3268 = VERTEX_POINT ( 'NONE', #9028 ) ;
#3269 = DIRECTION ( 'NONE',  ( 8.850629979473508477E-17, -1.000000000000000000, 0.000000000000000000 ) ) ;
#3270 = CARTESIAN_POINT ( 'NONE',  ( 2.350000000000000089, 4.649999999999999467, 5.599999999999999645 ) ) ;
#3271 = DIRECTION ( 'NONE',  ( 0.000000000000000000, -1.000000000000000000, 0.000000000000000000 ) ) ;
#3272 = VECTOR ( 'NONE', #5908, 1000.000000000000000 ) ;
#3273 = ORIENTED_EDGE ( 'NONE', *, *, #5550, .T. ) ;
#3274 = CARTESIAN_POINT ( 'NONE',  ( 0.000000000000000000, 21.69999999999999929, 0.000000000000000000 ) ) ;
#3275 = ORIENTED_EDGE ( 'NONE', *, *, #1207, .F. ) ;
#3276 = VECTOR ( 'NONE', #8475, 1000.000000000000000 ) ;
#3277 = VECTOR ( 'NONE', #7167, 1000.000000000000000 ) ;
#3278 = EDGE_CURVE ( 'NONE', #5429, #5538, #8341, .T. ) ;
#3279 = ORIENTED_EDGE ( 'NONE', *, *, #901, .T. ) ;
#3280 = DIRECTION ( 'NONE',  ( -1.000000000000000000, 0.000000000000000000, 0.000000000000000000 ) ) ;
#3281 = CARTESIAN_POINT ( 'NONE',  ( 4.899999999999999467, -3.950515463917519732, -4.299999999999999822 ) ) ;
#3282 = LINE ( 'NONE', #4197, #503 ) ;
#3283 = EDGE_CURVE ( 'NONE', #1427, #8904, #8199, .T. ) ;
#3284 = CARTESIAN_POINT ( 'NONE',  ( 0.000000000000000000, 22.99999999999999645, -0.5999999999999999778 ) ) ;
#3285 = FACE_OUTER_BOUND ( 'NONE', #6412, .T. ) ;
#3286 = AXIS2_PLACEMENT_3D ( 'NONE', #89, #7043, #1419 ) ;
#3287 = VERTEX_POINT ( 'NONE', #7509 ) ;
#3288 = PLANE ( 'NONE',  #2654 ) ;
#3289 = VECTOR ( 'NONE', #5144, 1000.000000000000000 ) ;
#3290 = ADVANCED_FACE ( 'NONE', ( #2530 ), #4087, .T. ) ;
#3291 =( GEOMETRIC_REPRESENTATION_CONTEXT ( 3 ) GLOBAL_UNCERTAINTY_ASSIGNED_CONTEXT ( ( #6343 ) ) GLOBAL_UNIT_ASSIGNED_CONTEXT ( ( #8721, #8074, #2306 ) ) REPRESENTATION_CONTEXT ( 'NONE', 'WORKASPACE' ) );
#3292 = DIRECTION ( 'NONE',  ( 1.000000000000000000, 2.551063935260009998E-16, 0.000000000000000000 ) ) ;
#3293 = CIRCLE ( 'NONE', #6391, 0.4000000000000001887 ) ;
#3294 = CARTESIAN_POINT ( 'NONE',  ( -1.734723475976804925E-15, 0.4500000000000000111, 1.800000000000000044 ) ) ;
#3295 = CARTESIAN_POINT ( 'NONE',  ( 4.899999999999999467, 4.349484536082480091, -0.5999999999999899858 ) ) ;
#3296 = DIRECTION ( 'NONE',  ( 0.8778780114862310135, -2.187047340575289876E-16, 0.4788843252278999763 ) ) ;
#3297 = VERTEX_POINT ( 'NONE', #4640 ) ;
#3298 = CARTESIAN_POINT ( 'NONE',  ( 4.500000000000000000, -5.150515463917519909, -4.299999999999999822 ) ) ;
#3299 = DIRECTION ( 'NONE',  ( -1.000000000000000000, 2.491288438666620049E-16, -8.643393079969189529E-32 ) ) ;
#3300 = CIRCLE ( 'NONE', #5231, 3.850000000000000977 ) ;
#3301 = ADVANCED_FACE ( 'NONE', ( #4828 ), #5345, .T. ) ;
#3302 = ORIENTED_EDGE ( 'NONE', *, *, #7307, .T. ) ;
#3303 = ADVANCED_FACE ( 'NONE', ( #6895 ), #1104, .F. ) ;
#3304 = VERTEX_POINT ( 'NONE', #1145 ) ;
#3305 = EDGE_LOOP ( 'NONE', ( #3583, #1458, #6157, #3554 ) ) ;
#3306 = CARTESIAN_POINT ( 'NONE',  ( -2.600000000000000089, 2.849484536082479647, -4.899999999999999467 ) ) ;
#3307 = CARTESIAN_POINT ( 'NONE',  ( -4.500000000000000000, 4.349484536082480091, 0.4000000000000000222 ) ) ;
#3308 = DIRECTION ( 'NONE',  ( -1.000000000000000000, 2.491288438666615119E-16, 0.000000000000000000 ) ) ;
#3309 = CARTESIAN_POINT ( 'NONE',  ( -1.899999999999999911, -4.200000000000000178, 0.1000000000000000056 ) ) ;
#3310 = ORIENTED_EDGE ( 'NONE', *, *, #97, .F. ) ;
#3311 = EDGE_CURVE ( 'NONE', #2945, #2710, #8295, .T. ) ;
#3312 = ORIENTED_EDGE ( 'NONE', *, *, #2580, .F. ) ;
#3313 = SHAPE_REPRESENTATION_RELATIONSHIP ( 'NONE' , 'NONE' ,  #9094, #8207 ) ;
#3314 = EDGE_CURVE ( 'NONE', #1404, #1837, #6474, .T. ) ;
#3315 = ORIENTED_EDGE ( 'NONE', *, *, #1829, .F. ) ;
#3316 = PLANE ( 'NONE',  #3253 ) ;
#3317 = PRODUCT ( 'PT01-D_HOUSING', 'PT01-D_HOUSING', '', ( #5254 ) ) ;
#3318 = ORIENTED_EDGE ( 'NONE', *, *, #4148, .F. ) ;
#3319 = CARTESIAN_POINT ( 'NONE',  ( 4.500000000000000000, 0.4494845360824785141, -5.799999999999999822 ) ) ;
#3320 = DIRECTION ( 'NONE',  ( 0.000000000000000000, 0.000000000000000000, -1.000000000000000000 ) ) ;
#3321 = DIRECTION ( 'NONE',  ( 0.000000000000000000, 0.000000000000000000, -1.000000000000000000 ) ) ;
#3322 = ORIENTED_EDGE ( 'NONE', *, *, #7411, .F. ) ;
#3323 = TOROIDAL_SURFACE ( 'NONE', #4196, 0.1500000000000000500, 0.2000000000000000111 ) ;
#3324 = LINE ( 'NONE', #7443, #8098 ) ;
#3325 = ORIENTED_EDGE ( 'NONE', *, *, #2881, .T. ) ;
#3326 = VERTEX_POINT ( 'NONE', #1871 ) ;
#3327 = CARTESIAN_POINT ( 'NONE',  ( -4.500000000000000000, 4.849484536082480091, -4.336808689942020103E-15 ) ) ;
#3328 = CARTESIAN_POINT ( 'NONE',  ( 0.4500000000000000111, -3.625230054855794748, 2.500000000000000000 ) ) ;
#3329 = DIRECTION ( 'NONE',  ( 0.000000000000000000, -1.000000000000000000, 0.000000000000000000 ) ) ;
#3330 = DIRECTION ( 'NONE',  ( 0.000000000000000000, 0.000000000000000000, -1.000000000000000000 ) ) ;
#3331 = LINE ( 'NONE', #4758, #2744 ) ;
#3332 = ORIENTED_EDGE ( 'NONE', *, *, #790, .T. ) ;
#3333 = LINE ( 'NONE', #4158, #7812 ) ;
#3334 = DIRECTION ( 'NONE',  ( 0.000000000000000000, 0.000000000000000000, -1.000000000000000000 ) ) ;
#3335 = EDGE_CURVE ( 'NONE', #5489, #8077, #1191, .T. ) ;
#3336 = CARTESIAN_POINT ( 'NONE',  ( -1.342230922150142280, 20.19999999999999929, -3.014700010220583426 ) ) ;
#3337 = LINE ( 'NONE', #6148, #7175 ) ;
#3338 = CARTESIAN_POINT ( 'NONE',  ( -1.899999999999999911, 5.100000000000000533, 0.1000000000000000056 ) ) ;
#3339 = DIRECTION ( 'NONE',  ( 0.000000000000000000, -1.000000000000000000, 0.000000000000000000 ) ) ;
#3340 = DIRECTION ( 'NONE',  ( -1.000000000000000000, 0.000000000000000000, 0.000000000000000000 ) ) ;
#3341 = DIRECTION ( 'NONE',  ( 0.000000000000000000, 0.000000000000000000, -1.000000000000000000 ) ) ;
#3342 = CARTESIAN_POINT ( 'NONE',  ( 0.000000000000000000, 0.9499999999999999556, 0.000000000000000000 ) ) ;
#3343 = VECTOR ( 'NONE', #9095, 1000.000000000000000 ) ;
#3344 = ORIENTED_EDGE ( 'NONE', *, *, #1758, .F. ) ;
#3345 = EDGE_CURVE ( 'NONE', #1835, #8938, #7797, .T. ) ;
#3346 = ORIENTED_EDGE ( 'NONE', *, *, #983, .T. ) ;
#3347 = AXIS2_PLACEMENT_3D ( 'NONE', #1114, #4006, #6820 ) ;
#3348 = ORIENTED_EDGE ( 'NONE', *, *, #6492, .T. ) ;
#3349 = FACE_OUTER_BOUND ( 'NONE', #3355, .T. ) ;
#3350 = EDGE_CURVE ( 'NONE', #2156, #5404, #8976, .T. ) ;
#3351 = DIRECTION ( 'NONE',  ( 0.000000000000000000, 0.000000000000000000, -1.000000000000000000 ) ) ;
#3352 = AXIS2_PLACEMENT_3D ( 'NONE', #8792, #3982, #6018 ) ;
#3353 = CARTESIAN_POINT ( 'NONE',  ( -1.565936075841835029, 18.89999999999999858, -3.517150011924015107 ) ) ;
#3354 = CARTESIAN_POINT ( 'NONE',  ( 0.000000000000000000, 18.89999999999999858, 0.000000000000000000 ) ) ;
#3355 = EDGE_LOOP ( 'NONE', ( #4147, #7526, #4048, #1710 ) ) ;
#3356 = EDGE_CURVE ( 'NONE', #8304, #6877, #7929, .T. ) ;
#3357 = ORIENTED_EDGE ( 'NONE', *, *, #8827, .T. ) ;
#3358 = ORIENTED_EDGE ( 'NONE', *, *, #3846, .T. ) ;
#3359 = EDGE_LOOP ( 'NONE', ( #650, #4294, #6714, #4890 ) ) ;
#3360 = DIRECTION ( 'NONE',  ( 0.000000000000000000, 0.000000000000000000, 1.000000000000000000 ) ) ;
#3361 = EDGE_CURVE ( 'NONE', #2634, #4695, #829, .T. ) ;
#3362 = CARTESIAN_POINT ( 'NONE',  ( -5.598656062889739715, -1.550515463917520043, -8.565425263470260120 ) ) ;
#3363 = CARTESIAN_POINT ( 'NONE',  ( -4.500000000000000000, -2.550515463917519821, -5.899999999999999467 ) ) ;
#3364 = VERTEX_POINT ( 'NONE', #968 ) ;
#3365 = ADVANCED_FACE ( 'NONE', ( #316 ), #5205, .T. ) ;
#3366 = CARTESIAN_POINT ( 'NONE',  ( -4.500000000000000000, -2.450515463917519732, -0.5999999999999999778 ) ) ;
#3367 = VERTEX_POINT ( 'NONE', #1646 ) ;
#3368 = CIRCLE ( 'NONE', #5887, 0.6500000000000000222 ) ;
#3369 = EDGE_LOOP ( 'NONE', ( #3724, #7312, #2183, #6945, #387 ) ) ;
#3370 = CYLINDRICAL_SURFACE ( 'NONE', #5191, 3.399999999999999911 ) ;
#3371 = LINE ( 'NONE', #1891, #854 ) ;
#3372 = FACE_OUTER_BOUND ( 'NONE', #5701, .T. ) ;
#3373 = CARTESIAN_POINT ( 'NONE',  ( 4.500000000000000000, 4.049484536082480268, -4.899999999999999467 ) ) ;
#3374 = CARTESIAN_POINT ( 'NONE',  ( 0.000000000000000000, 23.19999999999999929, 0.000000000000000000 ) ) ;
#3375 = ORIENTED_EDGE ( 'NONE', *, *, #6017, .F. ) ;
#3376 = LINE ( 'NONE', #7676, #1630 ) ;
#3377 = ADVANCED_FACE ( 'NONE', ( #7146 ), #872, .F. ) ;
#3378 = FILL_AREA_STYLE_COLOUR ( '', #71 ) ;
#3379 = ORIENTED_EDGE ( 'NONE', *, *, #4438, .F. ) ;
#3380 = VECTOR ( 'NONE', #4554, 1000.000000000000000 ) ;
#3381 = DIRECTION ( 'NONE',  ( 0.000000000000000000, 0.000000000000000000, 1.000000000000000000 ) ) ;
#3382 = AXIS2_PLACEMENT_3D ( 'NONE', #8559, #5748, #4295 ) ;
#3383 = CARTESIAN_POINT ( 'NONE',  ( -3.600000000000000089, -5.150000000000000355, 0.000000000000000000 ) ) ;
#3384 = DIRECTION ( 'NONE',  ( 0.000000000000000000, -1.000000000000000000, 0.000000000000000000 ) ) ;
#3385 = DIRECTION ( 'NONE',  ( 1.000000000000000000, 0.000000000000000000, 0.000000000000000000 ) ) ;
#3386 = VERTEX_POINT ( 'NONE', #2989 ) ;
#3387 = FACE_OUTER_BOUND ( 'NONE', #4368, .T. ) ;
#3388 = CARTESIAN_POINT ( 'NONE',  ( -2.598076211353316456, -6.000000000000005329, 1.499999999999999334 ) ) ;
#3389 = ADVANCED_FACE ( 'NONE', ( #3629 ), #2386, .F. ) ;
#3390 = CIRCLE ( 'NONE', #7530, 3.300000000000000711 ) ;
#3391 = PRODUCT_DEFINITION_SHAPE ( 'NONE', 'NONE',  #9125 ) ;
#3392 = ORIENTED_EDGE ( 'NONE', *, *, #3283, .F. ) ;
#3393 = EDGE_CURVE ( 'NONE', #5911, #3524, #8396, .T. ) ;
#3394 = ORIENTED_EDGE ( 'NONE', *, *, #1834, .F. ) ;
#3395 = VECTOR ( 'NONE', #3381, 1000.000000000000000 ) ;
#3396 = VECTOR ( 'NONE', #6537, 1000.000000000000000 ) ;
#3397 = FACE_BOUND ( 'NONE', #5038, .T. ) ;
#3398 = ORIENTED_EDGE ( 'NONE', *, *, #812, .T. ) ;
#3399 = DIRECTION ( 'NONE',  ( 1.000000000000000000, 1.971276677246369793E-16, 0.000000000000000000 ) ) ;
#3400 = CARTESIAN_POINT ( 'NONE',  ( 4.899999999999999467, 1.449484536082480179, -5.899999999999999467 ) ) ;
#3401 = CARTESIAN_POINT ( 'NONE',  ( 3.000000000000000000, 3.649484536082480357, -1.600000000000000089 ) ) ;
#3402 = CARTESIAN_POINT ( 'NONE',  ( 1.899999999999999911, 3.600000000000000089, 0.1000000000000000056 ) ) ;
#3403 = EDGE_CURVE ( 'NONE', #4085, #5538, #6489, .T. ) ;
#3404 = ORIENTED_EDGE ( 'NONE', *, *, #3017, .F. ) ;
#3405 = ORIENTED_EDGE ( 'NONE', *, *, #4690, .F. ) ;
#3406 = AXIS2_PLACEMENT_3D ( 'NONE', #4982, #2209, #5031 ) ;
#3407 = DIRECTION ( 'NONE',  ( 0.000000000000000000, 0.000000000000000000, 1.000000000000000000 ) ) ;
#3408 = EDGE_CURVE ( 'NONE', #2785, #5015, #8526, .T. ) ;
#3409 = VERTEX_POINT ( 'NONE', #231 ) ;
#3410 = EDGE_LOOP ( 'NONE', ( #5706, #7838, #5728, #4 ) ) ;
#3411 = LINE ( 'NONE', #7844, #7684 ) ;
#3412 = AXIS2_PLACEMENT_3D ( 'NONE', #4731, #7558, #1235 ) ;
#3413 = CARTESIAN_POINT ( 'NONE',  ( -4.500000000000000000, -3.050515463917519821, -5.899999999999999467 ) ) ;
#3414 = ORIENTED_EDGE ( 'NONE', *, *, #583, .F. ) ;
#3415 = FACE_OUTER_BOUND ( 'NONE', #3594, .T. ) ;
#3416 = VERTEX_POINT ( 'NONE', #7834 ) ;
#3417 = EDGE_CURVE ( 'NONE', #6086, #8794, #4502, .T. ) ;
#3418 = ORIENTED_EDGE ( 'NONE', *, *, #6125, .F. ) ;
#3419 = DIRECTION ( 'NONE',  ( 0.000000000000000000, 0.000000000000000000, -1.000000000000000000 ) ) ;
#3420 = EDGE_CURVE ( 'NONE', #4677, #8257, #8024, .T. ) ;
#3421 = DIRECTION ( 'NONE',  ( 0.000000000000000000, 0.000000000000000000, 1.000000000000000000 ) ) ;
#3422 = DIRECTION ( 'NONE',  ( -1.000000000000000000, 2.168404344971007685E-15, 0.000000000000000000 ) ) ;
#3423 = DIRECTION ( 'NONE',  ( -0.9999994735200916640, -0.000000000000000000, 0.001026138167771967983 ) ) ;
#3424 = CARTESIAN_POINT ( 'NONE',  ( 4.500000000000000000, -2.450515463917519732, -0.5999999999999909850 ) ) ;
#3425 = EDGE_LOOP ( 'NONE', ( #1378, #67, #3772, #4211 ) ) ;
#3426 = DIRECTION ( 'NONE',  ( -1.000000000000000000, -0.000000000000000000, -0.000000000000000000 ) ) ;
#3427 = VECTOR ( 'NONE', #7988, 1000.000000000000000 ) ;
#3428 = PLANE ( 'NONE',  #2867 ) ;
#3429 = ORIENTED_EDGE ( 'NONE', *, *, #3603, .T. ) ;
#3430 = DIRECTION ( 'NONE',  ( 0.000000000000000000, 0.000000000000000000, 1.000000000000000000 ) ) ;
#3431 = PLANE ( 'NONE',  #1186 ) ;
#3432 = EDGE_CURVE ( 'NONE', #822, #6044, #8572, .T. ) ;
#3433 = AXIS2_PLACEMENT_3D ( 'NONE', #2340, #5579, #4355 ) ;
#3434 = CARTESIAN_POINT ( 'NONE',  ( 2.350000000000000089, -3.750000000000000000, 5.599999999999999645 ) ) ;
#3435 = VECTOR ( 'NONE', #7076, 1000.000000000000000 ) ;
#3436 = FACE_OUTER_BOUND ( 'NONE', #4736, .T. ) ;
#3437 = DIRECTION ( 'NONE',  ( 2.491288438666615119E-16, 1.000000000000000000, 3.260780805318075053E-31 ) ) ;
#3438 = DIRECTION ( 'NONE',  ( -0.000000000000000000, 1.000000000000000000, 0.000000000000000000 ) ) ;
#3439 = ORIENTED_EDGE ( 'NONE', *, *, #1452, .T. ) ;
#3440 = DIRECTION ( 'NONE',  ( -0.000000000000000000, 1.000000000000000000, 0.000000000000000000 ) ) ;
#3441 = DIRECTION ( 'NONE',  ( -0.5147285590694874458, -0.000000000000000000, -0.8573532005412058954 ) ) ;
#3442 = VERTEX_POINT ( 'NONE', #2254 ) ;
#3443 = AXIS2_PLACEMENT_3D ( 'NONE', #4555, #5426, #8121 ) ;
#3444 = CIRCLE ( 'NONE', #357, 3.000000000000000000 ) ;
#3445 = ORIENTED_EDGE ( 'NONE', *, *, #6647, .F. ) ;
#3446 = CARTESIAN_POINT ( 'NONE',  ( -3.000000000000000000, -3.750000000000000000, 5.599999999999999645 ) ) ;
#3447 = ORIENTED_EDGE ( 'NONE', *, *, #1446, .T. ) ;
#3448 = CARTESIAN_POINT ( 'NONE',  ( -2.500000000000000000, -6.700000000000000178, -5.750000000000000000 ) ) ;
#3449 = CARTESIAN_POINT ( 'NONE',  ( 2.500000000000000000, -6.500000000000000000, 1.300000000000000044 ) ) ;
#3450 = CYLINDRICAL_SURFACE ( 'NONE', #3596, 0.6500000000000000222 ) ;
#3451 = VECTOR ( 'NONE', #7405, 1000.000000000000000 ) ;
#3452 = DIRECTION ( 'NONE',  ( -1.000000000000000000, 0.000000000000000000, 0.000000000000000000 ) ) ;
#3453 = ORIENTED_EDGE ( 'NONE', *, *, #7358, .T. ) ;
#3454 = LINE ( 'NONE', #4694, #493 ) ;
#3455 =( NAMED_UNIT ( * ) PLANE_ANGLE_UNIT ( ) SI_UNIT ( $, .RADIAN. ) );
#3456 = ORIENTED_EDGE ( 'NONE', *, *, #6783, .F. ) ;
#3457 = EDGE_CURVE ( 'NONE', #3210, #4742, #2341, .T. ) ;
#3458 = VERTEX_POINT ( 'NONE', #5070 ) ;
#3459 = DIRECTION ( 'NONE',  ( -1.931541112668180039E-15, 0.000000000000000000, 1.000000000000000000 ) ) ;
#3460 = CYLINDRICAL_SURFACE ( 'NONE', #3433, 0.6500000000000000222 ) ;
#3461 = ORIENTED_EDGE ( 'NONE', *, *, #8575, .F. ) ;
#3462 = DIRECTION ( 'NONE',  ( 0.000000000000000000, 0.000000000000000000, -1.000000000000000000 ) ) ;
#3463 = EDGE_LOOP ( 'NONE', ( #2862, #527, #5719, #7642 ) ) ;
#3464 = ORIENTED_EDGE ( 'NONE', *, *, #7425, .T. ) ;
#3465 = CARTESIAN_POINT ( 'NONE',  ( 0.4000000000000000222, -6.700000000000000178, -1.350000000000000089 ) ) ;
#3466 = DIRECTION ( 'NONE',  ( 1.000000000000000000, 0.000000000000000000, 0.000000000000000000 ) ) ;
#3467 = ADVANCED_FACE ( 'NONE', ( #7881 ), #5806, .F. ) ;
#3468 = VECTOR ( 'NONE', #2902, 1000.000000000000000 ) ;
#3469 = CARTESIAN_POINT ( 'NONE',  ( -0.5000000000000000000, 21.69999999999999929, 1.500000000000000000 ) ) ;
#3471 = CARTESIAN_POINT ( 'NONE',  ( -4.500000000000000000, 1.349484536082480091, 0.000000000000000000 ) ) ;
#3470 = PRODUCT_DEFINITION_SHAPE ( 'NONE', 'NONE',  #1984 ) ;
#3472 = CARTESIAN_POINT ( 'NONE',  ( 0.000000000000000000, 18.50000000000000000, 3.000000000000000000 ) ) ;
#3473 = VERTEX_POINT ( 'NONE', #7973 ) ;
#3474 = CARTESIAN_POINT ( 'NONE',  ( 1.369999999999999440, 18.89999999999999858, 3.349876971653937829 ) ) ;
#3475 = DIRECTION ( 'NONE',  ( -1.000000000000000000, 0.000000000000000000, -0.000000000000000000 ) ) ;
#3476 = ORIENTED_EDGE ( 'NONE', *, *, #2796, .T. ) ;
#3477 = ADVANCED_FACE ( 'NONE', ( #7290 ), #3076, .T. ) ;
#3478 = DIRECTION ( 'NONE',  ( 0.000000000000000000, 0.000000000000000000, -1.000000000000000000 ) ) ;
#3479 = CARTESIAN_POINT ( 'NONE',  ( -1.899999999999999911, 3.600000000000000089, 0.1000000000000000056 ) ) ;
#3480 = EDGE_CURVE ( 'NONE', #2286, #798, #3205, .T. ) ;
#3481 = FACE_OUTER_BOUND ( 'NONE', #6027, .T. ) ;
#3482 = DIRECTION ( 'NONE',  ( 0.000000000000000000, 0.000000000000000000, -1.000000000000000000 ) ) ;
#3483 = DIRECTION ( 'NONE',  ( -2.491288438666620049E-16, -1.000000000000000000, 3.469446951953610245E-16 ) ) ;
#3484 = CARTESIAN_POINT ( 'NONE',  ( -4.899999999999999467, 0.4494845360824795133, -7.400000000000000355 ) ) ;
#3485 = DIRECTION ( 'NONE',  ( -1.000000000000000000, 0.000000000000000000, 0.000000000000000000 ) ) ;
#3486 = EDGE_CURVE ( 'NONE', #803, #9111, #1136, .T. ) ;
#3487 = EDGE_LOOP ( 'NONE', ( #1674, #6914, #640, #8818, #126 ) ) ;
#3488 = VECTOR ( 'NONE', #4489, 1000.000000000000000 ) ;
#3489 = SURFACE_STYLE_FILL_AREA ( #3913 ) ;
#3490 = ORIENTED_EDGE ( 'NONE', *, *, #6294, .T. ) ;
#3491 = DIRECTION ( 'NONE',  ( 0.000000000000000000, 0.000000000000000000, -1.000000000000000000 ) ) ;
#3492 = ORIENTED_EDGE ( 'NONE', *, *, #901, .F. ) ;
#3493 = LINE ( 'NONE', #1418, #5776 ) ;
#3494 = FACE_OUTER_BOUND ( 'NONE', #6252, .T. ) ;
#3495 = CARTESIAN_POINT ( 'NONE',  ( -4.500000000000000000, 6.873989284057759914E-16, -4.299999999999999822 ) ) ;
#3496 = AXIS2_PLACEMENT_3D ( 'NONE', #203, #1071, #1617 ) ;
#3497 = DIRECTION ( 'NONE',  ( 1.000000000000000000, 0.000000000000000000, 0.000000000000000000 ) ) ;
#3498 = ORIENTED_EDGE ( 'NONE', *, *, #6783, .T. ) ;
#3499 = EDGE_CURVE ( 'NONE', #1572, #1417, #7416, .T. ) ;
#3500 = VECTOR ( 'NONE', #3159, 1000.000000000000000 ) ;
#3501 = ORIENTED_EDGE ( 'NONE', *, *, #5938, .T. ) ;
#3502 = ORIENTED_EDGE ( 'NONE', *, *, #354, .F. ) ;
#3503 = DIRECTION ( 'NONE',  ( 2.491288438666615119E-16, 1.000000000000000000, 3.559366888705205049E-31 ) ) ;
#3504 = DIRECTION ( 'NONE',  ( -1.000000000000000000, 0.000000000000000000, 0.000000000000000000 ) ) ;
#3505 = DIRECTION ( 'NONE',  ( 0.000000000000000000, -1.000000000000000000, 0.000000000000000000 ) ) ;
#3506 = VERTEX_POINT ( 'NONE', #544 ) ;
#3507 = DIRECTION ( 'NONE',  ( 1.000000000000000000, 0.000000000000000000, 0.000000000000000000 ) ) ;
#3508 = EDGE_LOOP ( 'NONE', ( #1329, #6504, #6673, #5832, #6336, #465, #1279, #5793, #2548, #8196, #7203, #5482 ) ) ;
#3509 = ORIENTED_EDGE ( 'NONE', *, *, #7112, .T. ) ;
#3510 = CARTESIAN_POINT ( 'NONE',  ( -0.4712900224411577521, 18.50000000000000000, 0.2829480708788750798 ) ) ;
#3511 = LINE ( 'NONE', #6971, #3191 ) ;
#3512 = DIRECTION ( 'NONE',  ( -1.000000000000000000, 0.000000000000000000, 0.000000000000000000 ) ) ;
#3513 = DIRECTION ( 'NONE',  ( 0.000000000000000000, -8.673617379884039416E-16, -1.000000000000000000 ) ) ;
#3514 = ORIENTED_EDGE ( 'NONE', *, *, #5078, .F. ) ;
#3515 = CARTESIAN_POINT ( 'NONE',  ( 0.000000000000000000, 18.89999999999999858, 0.000000000000000000 ) ) ;
#3516 = ORIENTED_EDGE ( 'NONE', *, *, #776, .T. ) ;
#3517 = EDGE_CURVE ( 'NONE', #2455, #8574, #1909, .T. ) ;
#3518 = CARTESIAN_POINT ( 'NONE',  ( 4.899999999999999467, 1.949484536082480179, -5.899999999999999467 ) ) ;
#3519 = CARTESIAN_POINT ( 'NONE',  ( -3.500000000000000000, 0.4500000000000000111, 1.800000000000000044 ) ) ;
#3520 = FACE_OUTER_BOUND ( 'NONE', #4578, .T. ) ;
#3521 = FACE_OUTER_BOUND ( 'NONE', #5262, .T. ) ;
#3522 = CARTESIAN_POINT ( 'NONE',  ( 4.899999999999999467, 0.4494845360824790137, -7.400000000000000355 ) ) ;
#3524 = VERTEX_POINT ( 'NONE', #5980 ) ;
#3523 = AXIS2_PLACEMENT_3D ( 'NONE', #3600, #4418, #5127 ) ;
#3525 = LINE ( 'NONE', #3484, #7667 ) ;
#3526 = DIRECTION ( 'NONE',  ( 1.000000000000000000, 0.000000000000000000, 0.000000000000000000 ) ) ;
#3527 = ORIENTED_EDGE ( 'NONE', *, *, #6307, .T. ) ;
#3528 = EDGE_CURVE ( 'NONE', #8197, #6688, #8239, .T. ) ;
#3529 = AXIS2_PLACEMENT_3D ( 'NONE', #4414, #5990, #3171 ) ;
#3530 = SURFACE_STYLE_FILL_AREA ( #3715 ) ;
#3531 = ORIENTED_EDGE ( 'NONE', *, *, #5479, .F. ) ;
#3532 = DIRECTION ( 'NONE',  ( 0.000000000000000000, 0.000000000000000000, -1.000000000000000000 ) ) ;
#3533 = ORIENTED_EDGE ( 'NONE', *, *, #3588, .F. ) ;
#3534 = CARTESIAN_POINT ( 'NONE',  ( -3.399999999999999911, -2.050000000000000266, 0.5000000000000000000 ) ) ;
#3535 = EDGE_CURVE ( 'NONE', #701, #8452, #8064, .T. ) ;
#3536 = DIRECTION ( 'NONE',  ( 1.000000000000000000, 0.000000000000000000, 1.232047923278981706E-16 ) ) ;
#3537 = DIRECTION ( 'NONE',  ( -0.6560590289905018357, 0.000000000000000000, -0.7547095802227767880 ) ) ;
#3538 = DIRECTION ( 'NONE',  ( -1.000000000000000000, 0.000000000000000000, 0.000000000000000000 ) ) ;
#3539 = CIRCLE ( 'NONE', #6, 3.300000000000000711 ) ;
#3540 = ORIENTED_EDGE ( 'NONE', *, *, #953, .T. ) ;
#3541 = DIRECTION ( 'NONE',  ( 0.6427876096865380307, -0.7660444431189790127, 0.000000000000000000 ) ) ;
#3542 = CIRCLE ( 'NONE', #1627, 0.7999999999999999334 ) ;
#3543 = CIRCLE ( 'NONE', #8995, 0.6750000000000002665 ) ;
#3544 = ORIENTED_EDGE ( 'NONE', *, *, #672, .T. ) ;
#3545 = CIRCLE ( 'NONE', #8711, 0.4000000000000001887 ) ;
#3546 = ORIENTED_EDGE ( 'NONE', *, *, #6180, .T. ) ;
#3547 = EDGE_CURVE ( 'NONE', #8383, #2028, #8795, .T. ) ;
#3548 = LINE ( 'NONE', #4273, #6031 ) ;
#3549 = VECTOR ( 'NONE', #3340, 1000.000000000000000 ) ;
#3550 = VERTEX_POINT ( 'NONE', #2432 ) ;
#3551 = DIRECTION ( 'NONE',  ( 0.000000000000000000, 0.000000000000000000, -1.000000000000000000 ) ) ;
#3552 = EDGE_LOOP ( 'NONE', ( #7287, #8039 ) ) ;
#3553 = VECTOR ( 'NONE', #3212, 1000.000000000000000 ) ;
#3554 = ORIENTED_EDGE ( 'NONE', *, *, #4647, .F. ) ;
#3555 = LINE ( 'NONE', #6368, #5337 ) ;
#3556 = CARTESIAN_POINT ( 'NONE',  ( 5.238893727143790535, -1.550515463917524928, -8.400000000000000355 ) ) ;
#3557 = VECTOR ( 'NONE', #155, 1000.000000000000000 ) ;
#3558 = DIRECTION ( 'NONE',  ( 0.000000000000000000, 1.000000000000000000, 0.000000000000000000 ) ) ;
#3559 = CARTESIAN_POINT ( 'NONE',  ( 0.2999999999999943268, 21.69999999999999929, 0.000000000000000000 ) ) ;
#3560 = VERTEX_POINT ( 'NONE', #1906 ) ;
#3561 = DIRECTION ( 'NONE',  ( 1.000000000000000000, 0.000000000000000000, -0.000000000000000000 ) ) ;
#3562 = CARTESIAN_POINT ( 'NONE',  ( -0.4000000000000000222, -6.400000000000000355, -5.750000000000000000 ) ) ;
#3563 = ORIENTED_EDGE ( 'NONE', *, *, #8964, .F. ) ;
#3564 = EDGE_CURVE ( 'NONE', #653, #3364, #5250, .T. ) ;
#3565 = VECTOR ( 'NONE', #5954, 1000.000000000000000 ) ;
#3566 = DIRECTION ( 'NONE',  ( 0.000000000000000000, 0.000000000000000000, 1.000000000000000000 ) ) ;
#3567 = EDGE_CURVE ( 'NONE', #468, #3654, #1472, .T. ) ;
#3568 = FACE_OUTER_BOUND ( 'NONE', #6034, .T. ) ;
#3569 = DIRECTION ( 'NONE',  ( 0.000000000000000000, -1.000000000000000000, 0.000000000000000000 ) ) ;
#3570 = CARTESIAN_POINT ( 'NONE',  ( -1.000000000000000000, 4.426179070414215211, 4.299999999999999822 ) ) ;
#3571 = VERTEX_POINT ( 'NONE', #1048 ) ;
#3572 = CARTESIAN_POINT ( 'NONE',  ( 0.8032336497292300592, 20.89999999999999858, -2.404700010220584883 ) ) ;
#3573 = EDGE_CURVE ( 'NONE', #5210, #8265, #2474, .T. ) ;
#3574 = DIRECTION ( 'NONE',  ( 2.491288438666615119E-16, 1.000000000000000000, 3.260780805318075053E-31 ) ) ;
#3575 = ORIENTED_EDGE ( 'NONE', *, *, #2813, .F. ) ;
#3576 = UNCERTAINTY_MEASURE_WITH_UNIT (LENGTH_MEASURE( 1.000000000000000082E-05 ), #2488, 'distance_accuracy_value', 'NONE');
#3577 = ORIENTED_EDGE ( 'NONE', *, *, #386, .F. ) ;
#3578 =( REPRESENTATION_RELATIONSHIP ('NONE','NONE', #6881, #4407 ) REPRESENTATION_RELATIONSHIP_WITH_TRANSFORMATION ( #1651 )SHAPE_REPRESENTATION_RELATIONSHIP( ) );
#3579 = AXIS2_PLACEMENT_3D ( 'NONE', #7130, #7865, #3569 ) ;
#3580 = PRESENTATION_STYLE_ASSIGNMENT (( #2849 ) ) ;
#3581 = ORIENTED_EDGE ( 'NONE', *, *, #32, .F. ) ;
#3582 = CARTESIAN_POINT ( 'NONE',  ( 4.500000000000000000, -2.450515463917519732, -1.900675221388305009E-31 ) ) ;
#3583 = ORIENTED_EDGE ( 'NONE', *, *, #773, .T. ) ;
#3584 = CARTESIAN_POINT ( 'NONE',  ( -4.400000000000000355, 5.150000000000000355, 5.000000000000000000 ) ) ;
#3585 = LINE ( 'NONE', #1512, #9096 ) ;
#3586 = FACE_OUTER_BOUND ( 'NONE', #792, .T. ) ;
#3587 = CARTESIAN_POINT ( 'NONE',  ( 0.000000000000000000, 18.89999999999999858, 0.000000000000000000 ) ) ;
#3588 = EDGE_CURVE ( 'NONE', #2740, #1804, #6753, .T. ) ;
#3589 = CARTESIAN_POINT ( 'NONE',  ( -4.500000000000000000, -3.950515463917519732, -4.899999999999999467 ) ) ;
#3590 = EDGE_LOOP ( 'NONE', ( #1330, #4953, #8944, #6581 ) ) ;
#3591 = AXIS2_PLACEMENT_3D ( 'NONE', #4575, #4491, #6739 ) ;
#3592 = VECTOR ( 'NONE', #1229, 1000.000000000000000 ) ;
#3593 = ADVANCED_FACE ( 'NONE', ( #5335 ), #8108, .T. ) ;
#3594 = EDGE_LOOP ( 'NONE', ( #6026, #181, #1656, #8653 ) ) ;
#3595 = ORIENTED_EDGE ( 'NONE', *, *, #5510, .T. ) ;
#3596 = AXIS2_PLACEMENT_3D ( 'NONE', #6896, #7044, #734 ) ;
#3597 = FACE_OUTER_BOUND ( 'NONE', #6852, .T. ) ;
#3598 = EDGE_CURVE ( 'NONE', #8077, #5985, #2565, .T. ) ;
#3599 = ORIENTED_EDGE ( 'NONE', *, *, #8167, .F. ) ;
#3600 = CARTESIAN_POINT ( 'NONE',  ( 0.000000000000000000, 0.000000000000000000, 0.1000000000000000056 ) ) ;
#3601 = ORIENTED_EDGE ( 'NONE', *, *, #7887, .T. ) ;
#3602 = AXIS2_PLACEMENT_3D ( 'NONE', #5006, #7866, #1542 ) ;
#3603 = EDGE_CURVE ( 'NONE', #8532, #2785, #6708, .T. ) ;
#3604 = ORIENTED_EDGE ( 'NONE', *, *, #6459, .F. ) ;
#3605 = DIRECTION ( 'NONE',  ( 0.000000000000000000, -1.000000000000000000, 0.000000000000000000 ) ) ;
#3606 = FACE_OUTER_BOUND ( 'NONE', #5164, .T. ) ;
#3607 = PLANE ( 'NONE',  #5403 ) ;
#3608 = CARTESIAN_POINT ( 'NONE',  ( 4.500000000000000000, 1.949484536082480179, -5.899999999999999467 ) ) ;
#3609 = ORIENTED_EDGE ( 'NONE', *, *, #2166, .F. ) ;
#3610 = CARTESIAN_POINT ( 'NONE',  ( 0.000000000000000000, 5.499999999999998224, 0.000000000000000000 ) ) ;
#3611 = DIRECTION ( 'NONE',  ( -1.000000000000000000, 0.000000000000000000, 0.000000000000000000 ) ) ;
#3612 = ORIENTED_EDGE ( 'NONE', *, *, #8809, .T. ) ;
#3613 = CARTESIAN_POINT ( 'NONE',  ( 4.899999999999999467, 4.349484536082480091, -5.799999999999999822 ) ) ;
#3614 = FACE_OUTER_BOUND ( 'NONE', #350, .T. ) ;
#3615 = CARTESIAN_POINT ( 'NONE',  ( 0.0008203932499369629349, 20.89999999999999858, 4.781147327278690334E-17 ) ) ;
#3616 = DIRECTION ( 'NONE',  ( 0.000000000000000000, -1.000000000000000000, 0.000000000000000000 ) ) ;
#3617 = ORIENTED_EDGE ( 'NONE', *, *, #5488, .F. ) ;
#3618 = CARTESIAN_POINT ( 'NONE',  ( -4.488138397514201294, 0.03527097370938396537, -10.01000000000000689 ) ) ;
#3619 = CARTESIAN_POINT ( 'NONE',  ( 1.479999999999999982, 21.50000000000000000, 1.000000000000000000 ) ) ;
#3620 = AXIS2_PLACEMENT_3D ( 'NONE', #2505, #8095, #1809 ) ;
#3621 = EDGE_CURVE ( 'NONE', #1837, #1846, #1823, .T. ) ;
#3622 = CARTESIAN_POINT ( 'NONE',  ( 7.347880794884117764E-17, 23.19999999999999929, 0.5999999999999999778 ) ) ;
#3623 = VERTEX_POINT ( 'NONE', #1178 ) ;
#3624 = DIRECTION ( 'NONE',  ( -1.000000000000000000, 0.000000000000000000, 0.000000000000000000 ) ) ;
#3625 = ORIENTED_EDGE ( 'NONE', *, *, #3403, .F. ) ;
#3626 = CARTESIAN_POINT ( 'NONE',  ( 3.250000000000000000, -5.549999999999999822, 1.300000000000000044 ) ) ;
#3627 = CARTESIAN_POINT ( 'NONE',  ( -4.500000000000000000, -3.950515463917519732, -5.299999999999999822 ) ) ;
#3628 = PLANE ( 'NONE',  #7282 ) ;
#3629 = FACE_OUTER_BOUND ( 'NONE', #1242, .T. ) ;
#3630 = CARTESIAN_POINT ( 'NONE',  ( -4.400000000000000355, 0.000000000000000000, 0.000000000000000000 ) ) ;
#3631 = ORIENTED_EDGE ( 'NONE', *, *, #7307, .F. ) ;
#3632 =( LENGTH_UNIT ( ) NAMED_UNIT ( * ) SI_UNIT ( .MILLI., .METRE. ) );
#3633 = EDGE_CURVE ( 'NONE', #7612, #8076, #7501, .T. ) ;
#3634 = ORIENTED_EDGE ( 'NONE', *, *, #8888, .F. ) ;
#3635 = VECTOR ( 'NONE', #5639, 1000.000000000000000 ) ;
#3636 = VERTEX_POINT ( 'NONE', #3298 ) ;
#3637 = CARTESIAN_POINT ( 'NONE',  ( -4.899999999999999467, 4.349484536082480091, -5.799999999999999822 ) ) ;
#3638 = DIRECTION ( 'NONE',  ( 1.000000000000000000, 0.000000000000000000, 0.000000000000000000 ) ) ;
#3639 = PRESENTATION_STYLE_ASSIGNMENT (( #2444 ) ) ;
#3640 = EDGE_CURVE ( 'NONE', #6694, #7080, #3539, .T. ) ;
#3641 = ORIENTED_EDGE ( 'NONE', *, *, #4143, .T. ) ;
#3642 = CARTESIAN_POINT ( 'NONE',  ( 7.347880794884117764E-17, 22.99999999999999645, 0.5999999999999999778 ) ) ;
#3643 = ORIENTED_EDGE ( 'NONE', *, *, #4999, .T. ) ;
#3644 = VECTOR ( 'NONE', #4152, 1000.000000000000000 ) ;
#3645 = EDGE_CURVE ( 'NONE', #5196, #178, #8972, .T. ) ;
#3646 = ORIENTED_EDGE ( 'NONE', *, *, #3229, .F. ) ;
#3647 = DIRECTION ( 'NONE',  ( 0.000000000000000000, 0.000000000000000000, -1.000000000000000000 ) ) ;
#3648 = DIRECTION ( 'NONE',  ( 1.000000000000000000, 0.000000000000000000, 0.000000000000000000 ) ) ;
#3649 = AXIS2_PLACEMENT_3D ( 'NONE', #1716, #4480, #7310 ) ;
#3650 = EDGE_CURVE ( 'NONE', #9031, #1500, #4816, .T. ) ;
#3651 = LINE ( 'NONE', #2177, #2909 ) ;
#3652 = CARTESIAN_POINT ( 'NONE',  ( -2.500000000000000000, 0.4000000000000000222, 1.300000000000000044 ) ) ;
#3653 = AXIS2_PLACEMENT_3D ( 'NONE', #6439, #8021, #3763 ) ;
#3654 = VERTEX_POINT ( 'NONE', #2651 ) ;
#3655 = LINE ( 'NONE', #5138, #6187 ) ;
#3656 =( LENGTH_UNIT ( ) NAMED_UNIT ( * ) SI_UNIT ( .MILLI., .METRE. ) );
#3657 = ORIENTED_EDGE ( 'NONE', *, *, #4464, .F. ) ;
#3658 = DIRECTION ( 'NONE',  ( -1.000000000000000000, 0.000000000000000000, 0.000000000000000000 ) ) ;
#3659 = DIRECTION ( 'NONE',  ( 0.000000000000000000, 1.000000000000000000, 0.000000000000000000 ) ) ;
#3660 = LINE ( 'NONE', #8605, #6228 ) ;
#3661 = EDGE_CURVE ( 'NONE', #5305, #7292, #1411, .T. ) ;
#3662 = FACE_OUTER_BOUND ( 'NONE', #8174, .T. ) ;
#3663 = CARTESIAN_POINT ( 'NONE',  ( 0.000000000000000000, -2.050000000000000266, 0.000000000000000000 ) ) ;
#3664 = ORIENTED_EDGE ( 'NONE', *, *, #5396, .T. ) ;
#3665 = LINE ( 'NONE', #2191, #4858 ) ;
#3666 = CARTESIAN_POINT ( 'NONE',  ( 0.7500000000000000000, -5.549999999999999822, 1.000000000000000000 ) ) ;
#3667 = DIRECTION ( 'NONE',  ( 1.000000000000000000, 8.850629979473508477E-17, 0.000000000000000000 ) ) ;
#3668 = ORIENTED_EDGE ( 'NONE', *, *, #5684, .T. ) ;
#3669 = CARTESIAN_POINT ( 'NONE',  ( 4.899999999999999467, -5.150515463917519909, -6.799999999999999822 ) ) ;
#3670 = ORIENTED_EDGE ( 'NONE', *, *, #8186, .F. ) ;
#3671 = CARTESIAN_POINT ( 'NONE',  ( 4.400000000000000355, -4.200000000000000178, 5.000000000000000000 ) ) ;
#3672 = DIRECTION ( 'NONE',  ( 0.000000000000000000, 1.000000000000000000, 0.000000000000000000 ) ) ;
#3673 = CARTESIAN_POINT ( 'NONE',  ( 4.899999999999999467, 2.849484536082479647, -6.799999999999999822 ) ) ;
#3674 = FACE_OUTER_BOUND ( 'NONE', #4726, .T. ) ;
#3675 = ORIENTED_EDGE ( 'NONE', *, *, #5967, .F. ) ;
#3676 = CIRCLE ( 'NONE', #2206, 0.3500000000000001443 ) ;
#3677 = EDGE_CURVE ( 'NONE', #3903, #3049, #3824, .T. ) ;
#3678 = VERTEX_POINT ( 'NONE', #6293 ) ;
#3679 = EDGE_LOOP ( 'NONE', ( #1910, #236, #3476, #1924, #4189, #1474, #7793, #2766 ) ) ;
#3680 = CARTESIAN_POINT ( 'NONE',  ( -0.7967663502707699186, 20.19999999999999929, -2.404700010220584883 ) ) ;
#3681 = EDGE_CURVE ( 'NONE', #1976, #1194, #5751, .T. ) ;
#3682 = AXIS2_PLACEMENT_3D ( 'NONE', #4209, #31, #2841 ) ;
#3683 = CARTESIAN_POINT ( 'NONE',  ( -4.400000000000000355, 3.600000000000000089, 5.000000000000000000 ) ) ;
#3684 = VERTEX_POINT ( 'NONE', #7643 ) ;
#3685 = EDGE_CURVE ( 'NONE', #1500, #5994, #6154, .T. ) ;
#3686 = DIRECTION ( 'NONE',  ( -0.9999994735200916640, -0.000000000000000000, 0.001026138167772433323 ) ) ;
#3687 = ORIENTED_EDGE ( 'NONE', *, *, #836, .T. ) ;
#3688 = AXIS2_PLACEMENT_3D ( 'NONE', #3244, #2043, #4717 ) ;
#3689 = CYLINDRICAL_SURFACE ( 'NONE', #1796, 3.399999999999999911 ) ;
#3690 = AXIS2_PLACEMENT_3D ( 'NONE', #5713, #2256, #7148 ) ;
#3691 = CIRCLE ( 'NONE', #6780, 0.4000000000000001887 ) ;
#3692 = ORIENTED_EDGE ( 'NONE', *, *, #8885, .T. ) ;
#3693 = CARTESIAN_POINT ( 'NONE',  ( 1.899999999999999911, 5.100000000000000533, 0.1000000000000000056 ) ) ;
#3694 = PLANE ( 'NONE',  #3649 ) ;
#3695 = FACE_OUTER_BOUND ( 'NONE', #319, .T. ) ;
#3696 = CARTESIAN_POINT ( 'NONE',  ( -1.370205227633554346, 18.50000000000000000, 3.152688697009875529 ) ) ;
#3697 = VERTEX_POINT ( 'NONE', #2704 ) ;
#3698 = DIRECTION ( 'NONE',  ( 1.000000000000000000, 0.000000000000000000, 0.000000000000000000 ) ) ;
#3699 = EDGE_CURVE ( 'NONE', #7565, #2945, #4864, .T. ) ;
#3700 = CARTESIAN_POINT ( 'NONE',  ( -4.836441345419219218, -0.5505154639175210418, -10.20000000000000107 ) ) ;
#3701 = ORIENTED_EDGE ( 'NONE', *, *, #602, .T. ) ;
#3702 = VECTOR ( 'NONE', #1838, 1000.000000000000000 ) ;
#3703 = EDGE_CURVE ( 'NONE', #7979, #3204, #7032, .T. ) ;
#3704 = LINE ( 'NONE', #2323, #34 ) ;
#3705 = CARTESIAN_POINT ( 'NONE',  ( -2.100000000000000089, -6.400000000000000355, 0.000000000000000000 ) ) ;
#3706 = CARTESIAN_POINT ( 'NONE',  ( -0.6700000000000000400, 21.69999999999999929, -0.5999999999999999778 ) ) ;
#3707 = CARTESIAN_POINT ( 'NONE',  ( 4.400000000000000355, 3.600000000000000089, 0.1000000000000000056 ) ) ;
#3708 = DIRECTION ( 'NONE',  ( 1.000000000000000000, 0.000000000000000000, 0.000000000000000000 ) ) ;
#3709 = VERTEX_POINT ( 'NONE', #7595 ) ;
#3710 = CARTESIAN_POINT ( 'NONE',  ( 4.400000000000000355, -5.950000000000000178, 5.000000000000000000 ) ) ;
#3711 = EDGE_CURVE ( 'NONE', #4138, #3990, #722, .T. ) ;
#3712 = CARTESIAN_POINT ( 'NONE',  ( -2.350000000000000089, -3.750000000000000000, 5.599999999999999645 ) ) ;
#3713 = VECTOR ( 'NONE', #8736, 1000.000000000000000 ) ;
#3714 = ADVANCED_FACE ( 'NONE', ( #677 ), #1364, .F. ) ;
#3715 = FILL_AREA_STYLE ('',( #7038 ) ) ;
#3716 = ORIENTED_EDGE ( 'NONE', *, *, #7620, .F. ) ;
#3717 = LINE ( 'NONE', #5201, #2845 ) ;
#3718 = VERTEX_POINT ( 'NONE', #4078 ) ;
#3719 = AXIS2_PLACEMENT_3D ( 'NONE', #7048, #7001, #691 ) ;
#3720 = LINE ( 'NONE', #6398, #5273 ) ;
#3721 = DIRECTION ( 'NONE',  ( 0.000000000000000000, 0.000000000000000000, 1.000000000000000000 ) ) ;
#3722 = CARTESIAN_POINT ( 'NONE',  ( 4.500000000000000000, -5.150515463917519909, -6.799999999999999822 ) ) ;
#3723 = DIRECTION ( 'NONE',  ( 1.000000000000000000, 0.000000000000000000, 0.000000000000000000 ) ) ;
#3724 = ORIENTED_EDGE ( 'NONE', *, *, #8898, .F. ) ;
#3725 = VECTOR ( 'NONE', #3532, 1000.000000000000000 ) ;
#3726 = EDGE_LOOP ( 'NONE', ( #4381, #7851 ) ) ;
#3727 = ORIENTED_EDGE ( 'NONE', *, *, #8392, .F. ) ;
#3728 = ORIENTED_EDGE ( 'NONE', *, *, #8933, .T. ) ;
#3729 = DIRECTION ( 'NONE',  ( 8.850629979473508477E-17, 1.000000000000000000, 0.000000000000000000 ) ) ;
#3730 = EDGE_CURVE ( 'NONE', #8938, #1069, #2065, .T. ) ;
#3731 = DIRECTION ( 'NONE',  ( 0.000000000000000000, 1.000000000000000000, 0.000000000000000000 ) ) ;
#3732 = FILL_AREA_STYLE_COLOUR ( '', #1384 ) ;
#3733 = VECTOR ( 'NONE', #8511, 1000.000000000000000 ) ;
#3734 = ORIENTED_EDGE ( 'NONE', *, *, #2546, .F. ) ;
#3735 = FACE_OUTER_BOUND ( 'NONE', #6806, .T. ) ;
#3736 = ORIENTED_EDGE ( 'NONE', *, *, #2808, .F. ) ;
#3737 = ORIENTED_EDGE ( 'NONE', *, *, #8472, .F. ) ;
#3738 = DIRECTION ( 'NONE',  ( -0.000000000000000000, 1.000000000000000000, -0.000000000000000000 ) ) ;
#3739 = VERTEX_POINT ( 'NONE', #6202 ) ;
#3740 = EDGE_CURVE ( 'NONE', #7876, #1835, #3525, .T. ) ;
#3741 = CIRCLE ( 'NONE', #1683, 3.500000000000000000 ) ;
#3742 = VERTEX_POINT ( 'NONE', #9109 ) ;
#3743 = CARTESIAN_POINT ( 'NONE',  ( 3.250000000000000000, -6.400000000000000355, -1.350000000000000089 ) ) ;
#3744 = DIRECTION ( 'NONE',  ( 0.000000000000000000, 0.000000000000000000, 1.000000000000000000 ) ) ;
#3745 = DIRECTION ( 'NONE',  ( -0.000000000000000000, 1.000000000000000000, -0.000000000000000000 ) ) ;
#3746 = LINE ( 'NONE', #1576, #5251 ) ;
#3747 = EDGE_LOOP ( 'NONE', ( #3727, #4563, #518, #2054 ) ) ;
#3748 = CARTESIAN_POINT ( 'NONE',  ( -0.9762697651501759388, 20.19999999999999929, 3.152284464583364976 ) ) ;
#3749 = VECTOR ( 'NONE', #665, 1000.000000000000000 ) ;
#3750 = CARTESIAN_POINT ( 'NONE',  ( -3.000000000000000000, -3.750000000000000000, 5.000000000000000000 ) ) ;
#3751 = ORIENTED_EDGE ( 'NONE', *, *, #6322, .F. ) ;
#3752 = ADVANCED_FACE ( 'NONE', ( #3387 ), #6938, .T. ) ;
#3753 = CARTESIAN_POINT ( 'NONE',  ( 4.899999999999999467, 4.349484536082480091, -7.400000000000000355 ) ) ;
#3754 = DIRECTION ( 'NONE',  ( 1.000000000000000000, 0.000000000000000000, 0.000000000000000000 ) ) ;
#3755 = CARTESIAN_POINT ( 'NONE',  ( 2.324999999999999734, -4.750515463917520442, -1.600000000000000089 ) ) ;
#3756 = FACE_OUTER_BOUND ( 'NONE', #7039, .T. ) ;
#3757 = CARTESIAN_POINT ( 'NONE',  ( -0.7967663502707699186, 20.89999999999999858, -0.8947000102205827643 ) ) ;
#3758 = ORIENTED_EDGE ( 'NONE', *, *, #4116, .T. ) ;
#3759 = DIRECTION ( 'NONE',  ( 0.000000000000000000, 0.000000000000000000, 1.000000000000000000 ) ) ;
#3760 = ADVANCED_FACE ( 'NONE', ( #6337 ), #9065, .T. ) ;
#3761 = CARTESIAN_POINT ( 'NONE',  ( -4.899999999999999467, -3.050515463917519821, -5.899999999999999467 ) ) ;
#3762 = ADVANCED_FACE ( 'NONE', ( #8423 ), #2102, .T. ) ;
#3763 = DIRECTION ( 'NONE',  ( 0.000000000000000000, 1.000000000000000000, 0.000000000000000000 ) ) ;
#3764 = DIRECTION ( 'NONE',  ( 0.000000000000000000, 0.000000000000000000, 1.000000000000000000 ) ) ;
#3765 = LINE ( 'NONE', #8398, #5352 ) ;
#3766 = AXIS2_PLACEMENT_3D ( 'NONE', #7641, #3438, #9063 ) ;
#3767 = EDGE_CURVE ( 'NONE', #3266, #6729, #5654, .T. ) ;
#3768 = CARTESIAN_POINT ( 'NONE',  ( 4.500000000000000000, -7.582039682415640099E-16, 0.000000000000000000 ) ) ;
#3769 = ORIENTED_EDGE ( 'NONE', *, *, #4348, .T. ) ;
#3770 = APPLICATION_PROTOCOL_DEFINITION ( 'draft international standard', 'automotive_design', 1998, #4870 ) ;
#3771 = ORIENTED_EDGE ( 'NONE', *, *, #6847, .T. ) ;
#3772 = ORIENTED_EDGE ( 'NONE', *, *, #4920, .T. ) ;
#3773 = ORIENTED_EDGE ( 'NONE', *, *, #9032, .F. ) ;
#3774 = DIRECTION ( 'NONE',  ( -1.606225440719264641E-16, -1.000000000000000000, -3.102490474962825299E-31 ) ) ;
#3775 = CARTESIAN_POINT ( 'NONE',  ( -3.399999999999999911, -0.05202383709185160604, 0.5000000000000000000 ) ) ;
#3776 = DIRECTION ( 'NONE',  ( -1.606225440719264641E-16, -1.000000000000000000, -3.102490474962825299E-31 ) ) ;
#3777 = EDGE_CURVE ( 'NONE', #8416, #4435, #3665, .T. ) ;
#3778 = ORIENTED_EDGE ( 'NONE', *, *, #1144, .F. ) ;
#3779 = EDGE_LOOP ( 'NONE', ( #486, #3736, #6311, #1560 ) ) ;
#3780 = CARTESIAN_POINT ( 'NONE',  ( 3.600000000000000089, 5.950000000000000178, 5.000000000000000000 ) ) ;
#3781 = EDGE_CURVE ( 'NONE', #6427, #2010, #7227, .T. ) ;
#3782 = VECTOR ( 'NONE', #5096, 1000.000000000000000 ) ;
#3783 = ORIENTED_EDGE ( 'NONE', *, *, #416, .F. ) ;
#3784 = CARTESIAN_POINT ( 'NONE',  ( 0.9827370646086339701, 20.89999999999999858, 3.150274251846084450 ) ) ;
#3785 = CARTESIAN_POINT ( 'NONE',  ( -1.479999999999999982, 21.50000000000000000, 0.8499999999999999778 ) ) ;
#3786 = DIRECTION ( 'NONE',  ( 0.000000000000000000, 0.000000000000000000, 1.000000000000000000 ) ) ;
#3787 = ORIENTED_EDGE ( 'NONE', *, *, #2044, .T. ) ;
#3788 = LINE ( 'NONE', #7313, #8998 ) ;
#3789 = VECTOR ( 'NONE', #6872, 1000.000000000000000 ) ;
#3790 = ORIENTED_EDGE ( 'NONE', *, *, #1901, .T. ) ;
#3791 = AXIS2_PLACEMENT_3D ( 'NONE', #4376, #6690, #8045 ) ;
#3792 = CARTESIAN_POINT ( 'NONE',  ( -1.734723475976804925E-15, 0.4500000000000000111, 2.500000000000000000 ) ) ;
#3793 = CIRCLE ( 'NONE', #4980, 3.850000000000000977 ) ;
#3794 = LINE ( 'NONE', #5237, #3488 ) ;
#3795 = CARTESIAN_POINT ( 'NONE',  ( 4.500000000000000000, -3.950515463917519732, -4.299999999999999822 ) ) ;
#3796 = EDGE_CURVE ( 'NONE', #7337, #1234, #3025, .T. ) ;
#3797 = CARTESIAN_POINT ( 'NONE',  ( -2.100000000000000089, -6.700000000000000178, 0.000000000000000000 ) ) ;
#3798 = PLANE ( 'NONE',  #537 ) ;
#3799 = ORIENTED_EDGE ( 'NONE', *, *, #3711, .F. ) ;
#3800 = DIRECTION ( 'NONE',  ( 1.000000000000000000, 0.000000000000000000, 0.000000000000000000 ) ) ;
#3801 = DIRECTION ( 'NONE',  ( 0.4226182617406998299, 0.000000000000000000, 0.9063077870366497146 ) ) ;
#3802 = EDGE_CURVE ( 'NONE', #547, #507, #7918, .T. ) ;
#3803 = DIRECTION ( 'NONE',  ( 1.000000000000000000, 0.000000000000000000, 1.224646799147353207E-16 ) ) ;
#3804 = DIRECTION ( 'NONE',  ( 1.000000000000000000, 0.000000000000000000, 0.000000000000000000 ) ) ;
#3805 = CARTESIAN_POINT ( 'NONE',  ( 3.399999999999999911, -2.050000000000000266, 0.5000000000000000000 ) ) ;
#3806 = ORIENTED_EDGE ( 'NONE', *, *, #8617, .T. ) ;
#3807 = DIRECTION ( 'NONE',  ( 0.000000000000000000, 0.000000000000000000, -1.000000000000000000 ) ) ;
#3808 = CARTESIAN_POINT ( 'NONE',  ( -3.000000000000000000, 4.649999999999999467, 5.000000000000000000 ) ) ;
#3809 = ORIENTED_EDGE ( 'NONE', *, *, #8779, .F. ) ;
#3810 = ADVANCED_FACE ( 'NONE', ( #4393 ), #220, .F. ) ;
#3811 = PRODUCT_CONTEXT ( 'NONE', #8007, 'mechanical' ) ;
#3812 = VECTOR ( 'NONE', #4697, 1000.000000000000000 ) ;
#3813 = EDGE_CURVE ( 'NONE', #3364, #3739, #8014, .T. ) ;
#3814 = ORIENTED_EDGE ( 'NONE', *, *, #275, .T. ) ;
#3815 = ORIENTED_EDGE ( 'NONE', *, *, #2981, .F. ) ;
#3816 = CARTESIAN_POINT ( 'NONE',  ( 4.400000000000000355, -4.200000000000000178, 0.1000000000000000056 ) ) ;
#3817 = CARTESIAN_POINT ( 'NONE',  ( 0.000000000000000000, -6.700000000000000178, -1.350000000000000089 ) ) ;
#3818 = LINE ( 'NONE', #6630, #801 ) ;
#3819 = VECTOR ( 'NONE', #3351, 1000.000000000000000 ) ;
#3820 = ORIENTED_EDGE ( 'NONE', *, *, #2794, .F. ) ;
#3821 = EDGE_LOOP ( 'NONE', ( #479, #7217, #8584, #5430 ) ) ;
#3822 = DIRECTION ( 'NONE',  ( 1.000000000000000000, -2.491288438666615119E-16, 0.000000000000000000 ) ) ;
#3823 = EDGE_CURVE ( 'NONE', #1745, #7932, #912, .T. ) ;
#3824 = CIRCLE ( 'NONE', #5901, 0.8000000000000003775 ) ;
#3825 = ORIENTED_EDGE ( 'NONE', *, *, #1260, .F. ) ;
#3826 = FACE_OUTER_BOUND ( 'NONE', #2424, .T. ) ;
#3827 = PLANE ( 'NONE',  #3791 ) ;
#3828 = VERTEX_POINT ( 'NONE', #5794 ) ;
#3829 = VECTOR ( 'NONE', #9122, 1000.000000000000000 ) ;
#3830 = DIRECTION ( 'NONE',  ( 0.000000000000000000, 0.000000000000000000, -1.000000000000000000 ) ) ;
#3831 = ORIENTED_EDGE ( 'NONE', *, *, #4836, .F. ) ;
#3832 = AXIS2_PLACEMENT_3D ( 'NONE', #2466, #1040, #3237 ) ;
#3833 = VECTOR ( 'NONE', #990, 1000.000000000000000 ) ;
#3834 = CIRCLE ( 'NONE', #6928, 0.4000000000000001887 ) ;
#3835 = AXIS2_PLACEMENT_3D ( 'NONE', #1010, #5113, #7931 ) ;
#3836 = CARTESIAN_POINT ( 'NONE',  ( 4.500000000000000000, 2.849484536082479647, -4.299999999999999822 ) ) ;
#3837 = AXIS2_PLACEMENT_3D ( 'NONE', #292, #989, #8000 ) ;
#3838 = DIRECTION ( 'NONE',  ( 0.000000000000000000, 1.000000000000000000, -1.358334161808126159E-32 ) ) ;
#3839 = DIRECTION ( 'NONE',  ( 0.000000000000000000, 0.000000000000000000, -1.000000000000000000 ) ) ;
#3840 = LINE ( 'NONE', #4533, #2568 ) ;
#3841 = DIRECTION ( 'NONE',  ( 0.000000000000000000, 0.000000000000000000, 1.000000000000000000 ) ) ;
#3842 = ORIENTED_EDGE ( 'NONE', *, *, #942, .T. ) ;
#3843 = ADVANCED_FACE ( 'NONE', ( #7962 ), #6478, .F. ) ;
#3844 = CARTESIAN_POINT ( 'NONE',  ( 4.500000000000000000, -3.540251991789405240E-17, 0.000000000000000000 ) ) ;
#3845 = CARTESIAN_POINT ( 'NONE',  ( -1.899999999999999911, 3.600000000000000089, 0.1000000000000000056 ) ) ;
#3846 = EDGE_CURVE ( 'NONE', #7385, #8857, #8609, .T. ) ;
#3847 = VECTOR ( 'NONE', #8627, 1000.000000000000000 ) ;
#3848 = EDGE_CURVE ( 'NONE', #1299, #3304, #7819, .T. ) ;
#3849 = DIRECTION ( 'NONE',  ( -1.085300408096355972E-16, -1.000000000000000000, 0.000000000000000000 ) ) ;
#3850 = CIRCLE ( 'NONE', #8865, 1.200000000000029710 ) ;
#3851 = EDGE_CURVE ( 'NONE', #742, #7923, #4495, .T. ) ;
#3852 = CARTESIAN_POINT ( 'NONE',  ( 4.500000000000000000, -5.950515463917519732, 6.505213034913029759E-15 ) ) ;
#3853 = ORIENTED_EDGE ( 'NONE', *, *, #8118, .T. ) ;
#3854 = DIRECTION ( 'NONE',  ( 0.000000000000000000, 0.000000000000000000, -1.000000000000000000 ) ) ;
#3855 = DIRECTION ( 'NONE',  ( 0.000000000000000000, -1.000000000000000000, -1.898023724185029914E-16 ) ) ;
#3856 = AXIS2_PLACEMENT_3D ( 'NONE', #6508, #6641, #7209 ) ;
#3857 = EDGE_LOOP ( 'NONE', ( #8203, #7750 ) ) ;
#3858 = VERTEX_POINT ( 'NONE', #4344 ) ;
#3859 = VERTEX_POINT ( 'NONE', #5839 ) ;
#3860 = CARTESIAN_POINT ( 'NONE',  ( -1.479999999999999982, 21.69999999999999929, 0.8499999999999999778 ) ) ;
#3861 = EDGE_CURVE ( 'NONE', #1078, #5995, #6913, .T. ) ;
#3862 = CARTESIAN_POINT ( 'NONE',  ( 0.000000000000000000, 18.50000000000000000, 0.000000000000000000 ) ) ;
#3863 = CARTESIAN_POINT ( 'NONE',  ( -0.5000000000000000000, 0.000000000000000000, 0.000000000000000000 ) ) ;
#3864 = ORIENTED_EDGE ( 'NONE', *, *, #2764, .T. ) ;
#3865 = EDGE_CURVE ( 'NONE', #7798, #6523, #475, .T. ) ;
#3866 = ORIENTED_EDGE ( 'NONE', *, *, #8612, .F. ) ;
#3867 = ORIENTED_EDGE ( 'NONE', *, *, #1066, .F. ) ;
#3868 = LINE ( 'NONE', #3134, #4593 ) ;
#3869 = FACE_OUTER_BOUND ( 'NONE', #8238, .T. ) ;
#3870 = VECTOR ( 'NONE', #3321, 1000.000000000000000 ) ;
#3871 = ORIENTED_EDGE ( 'NONE', *, *, #7057, .F. ) ;
#3872 = VECTOR ( 'NONE', #8555, 1000.000000000000000 ) ;
#3873 = CARTESIAN_POINT ( 'NONE',  ( -1.369999999999999885, 18.89999999999999858, 3.352688591713895327 ) ) ;
#3874 = ADVANCED_FACE ( 'NONE', ( #2330 ), #8515, .F. ) ;
#3875 = DIRECTION ( 'NONE',  ( 0.000000000000000000, -1.000000000000000000, 0.000000000000000000 ) ) ;
#3876 = ORIENTED_EDGE ( 'NONE', *, *, #7624, .F. ) ;
#3877 = EDGE_CURVE ( 'NONE', #7932, #4287, #6571, .T. ) ;
#3878 = DIRECTION ( 'NONE',  ( -1.000000000000000000, 0.000000000000000000, 0.000000000000000000 ) ) ;
#3879 = ORIENTED_EDGE ( 'NONE', *, *, #6955, .T. ) ;
#3880 = VECTOR ( 'NONE', #3537, 1000.000000000000114 ) ;
#3881 = VECTOR ( 'NONE', #6658, 1000.000000000000000 ) ;
#3882 = ORIENTED_EDGE ( 'NONE', *, *, #5948, .F. ) ;
#3883 = LINE ( 'NONE', #2500, #3713 ) ;
#3884 = CARTESIAN_POINT ( 'NONE',  ( 2.598076211353316456, 5.499999999999998224, 1.499999999999999778 ) ) ;
#3885 = AXIS2_PLACEMENT_3D ( 'NONE', #299, #3928, #8141 ) ;
#3886 = LINE ( 'NONE', #6012, #8156 ) ;
#3887 = VECTOR ( 'NONE', #4580, 1000.000000000000000 ) ;
#3888 = DIRECTION ( 'NONE',  ( 1.000000000000000000, 8.850629979473508477E-17, 3.198624083870174931E-32 ) ) ;
#3889 = CARTESIAN_POINT ( 'NONE',  ( 0.000000000000000000, -0.5505154639175199316, 0.4000000000000000222 ) ) ;
#3890 = DIRECTION ( 'NONE',  ( 0.000000000000000000, 0.000000000000000000, -1.000000000000000000 ) ) ;
#3891 = LINE ( 'NONE', #9010, #5659 ) ;
#3892 = EDGE_CURVE ( 'NONE', #2537, #6694, #1637, .T. ) ;
#3893 = DIRECTION ( 'NONE',  ( -1.000000000000000000, 0.000000000000000000, 0.000000000000000000 ) ) ;
#3894 = CARTESIAN_POINT ( 'NONE',  ( -1.899999999999999911, -2.700000000000000178, 0.1000000000000000056 ) ) ;
#3895 = CARTESIAN_POINT ( 'NONE',  ( 4.500000000000000000, 2.449484536082480179, 0.000000000000000000 ) ) ;
#3896 = VERTEX_POINT ( 'NONE', #3070 ) ;
#3897 = DIRECTION ( 'NONE',  ( 0.000000000000000000, 1.000000000000000000, 0.000000000000000000 ) ) ;
#3898 = CARTESIAN_POINT ( 'NONE',  ( 4.400000000000000355, 3.600000000000000089, 0.1000000000000000056 ) ) ;
#3899 = EDGE_CURVE ( 'NONE', #548, #8807, #3233, .T. ) ;
#3900 = VERTEX_POINT ( 'NONE', #6434 ) ;
#3901 = ORIENTED_EDGE ( 'NONE', *, *, #1877, .T. ) ;
#3902 = ORIENTED_EDGE ( 'NONE', *, *, #4715, .T. ) ;
#3903 = VERTEX_POINT ( 'NONE', #6105 ) ;
#3904 = FACE_OUTER_BOUND ( 'NONE', #4602, .T. ) ;
#3905 = VECTOR ( 'NONE', #2703, 1000.000000000000000 ) ;
#3906 = DIRECTION ( 'NONE',  ( 0.000000000000000000, 1.000000000000000000, 0.000000000000000000 ) ) ;
#3907 = DIRECTION ( 'NONE',  ( 1.606225440719264641E-16, 1.000000000000000000, 3.102490474962830116E-31 ) ) ;
#3908 = ORIENTED_EDGE ( 'NONE', *, *, #275, .F. ) ;
#3909 = ORIENTED_EDGE ( 'NONE', *, *, #2928, .F. ) ;
#3910 = ORIENTED_EDGE ( 'NONE', *, *, #324, .T. ) ;
#3911 = ADVANCED_FACE ( 'NONE', ( #8876 ), #7323, .T. ) ;
#3912 = VECTOR ( 'NONE', #5687, 1000.000000000000000 ) ;
#3913 = FILL_AREA_STYLE ('',( #9114 ) ) ;
#3914 = ORIENTED_EDGE ( 'NONE', *, *, #4170, .F. ) ;
#3915 = CARTESIAN_POINT ( 'NONE',  ( 4.899999999999999467, -3.050515463917519821, -5.899999999999999467 ) ) ;
#3916 = FACE_OUTER_BOUND ( 'NONE', #4514, .T. ) ;
#3917 = EDGE_LOOP ( 'NONE', ( #8346, #2820, #4643, #3211 ) ) ;
#3918 = DIRECTION ( 'NONE',  ( 0.000000000000000000, 0.000000000000000000, 1.000000000000000000 ) ) ;
#3919 = ORIENTED_EDGE ( 'NONE', *, *, #888, .F. ) ;
#3920 = VECTOR ( 'NONE', #5045, 1000.000000000000000 ) ;
#3921 = EDGE_CURVE ( 'NONE', #4875, #2070, #6657, .T. ) ;
#3922 = ORIENTED_EDGE ( 'NONE', *, *, #8506, .F. ) ;
#3923 = CARTESIAN_POINT ( 'NONE',  ( 3.399999999999999911, -0.05000000000000100198, 0.5000000000000000000 ) ) ;
#3924 = EDGE_CURVE ( 'NONE', #6729, #2657, #4536, .T. ) ;
#3925 = CARTESIAN_POINT ( 'NONE',  ( -3.600000000000000089, -5.950000000000000178, 5.000000000000000000 ) ) ;
#3926 = VECTOR ( 'NONE', #3010, 1000.000000000000000 ) ;
#3927 = DIRECTION ( 'NONE',  ( 1.000000000000000000, 0.000000000000000000, 0.000000000000000000 ) ) ;
#3928 = DIRECTION ( 'NONE',  ( 0.000000000000000000, 1.000000000000000000, -1.358334161808126159E-32 ) ) ;
#3929 = DIRECTION ( 'NONE',  ( 0.000000000000000000, -1.000000000000000000, 0.000000000000000000 ) ) ;
#3930 = ORIENTED_EDGE ( 'NONE', *, *, #5264, .F. ) ;
#3931 = DIRECTION ( 'NONE',  ( 0.000000000000000000, 1.000000000000000000, 0.000000000000000000 ) ) ;
#3932 = CARTESIAN_POINT ( 'NONE',  ( 0.000000000000000000, -6.400000000000000355, 0.000000000000000000 ) ) ;
#3933 = VECTOR ( 'NONE', #5709, 1000.000000000000000 ) ;
#3934 =( BOUNDED_CURVE ( )  B_SPLINE_CURVE ( 3, ( #3109, #910, #5146, #859 ),
 .UNSPECIFIED., .F., .F. ) 
 B_SPLINE_CURVE_WITH_KNOTS ( ( 4, 4 ),
 ( 1.570796326794899889, 4.712388980384689674 ),
 .UNSPECIFIED. ) 
 CURVE ( )  GEOMETRIC_REPRESENTATION_ITEM ( )  RATIONAL_B_SPLINE_CURVE ( ( 1.000000000000000000, 0.3333333333333340365, 0.3333333333333340365, 1.000000000000000000 ) ) 
 REPRESENTATION_ITEM ( '' )  );
#3935 = DIRECTION ( 'NONE',  ( 1.000000000000000000, 0.000000000000000000, 0.000000000000000000 ) ) ;
#3936 = ADVANCED_FACE ( 'NONE', ( #1130 ), #8745, .T. ) ;
#3937 = CARTESIAN_POINT ( 'NONE',  ( 3.261177379365211682, 20.19999999999999929, -0.5047000102205829730 ) ) ;
#3938 = ORIENTED_EDGE ( 'NONE', *, *, #4204, .T. ) ;
#3939 = DIRECTION ( 'NONE',  ( 0.000000000000000000, -1.000000000000000000, 0.000000000000000000 ) ) ;
#3940 = CARTESIAN_POINT ( 'NONE',  ( 4.500000000000000000, 2.849484536082479647, -4.899999999999999467 ) ) ;
#3941 = ORIENTED_EDGE ( 'NONE', *, *, #7547, .F. ) ;
#3942 = ORIENTED_EDGE ( 'NONE', *, *, #2245, .T. ) ;
#3943 = ORIENTED_EDGE ( 'NONE', *, *, #7439, .F. ) ;
#3944 = DIRECTION ( 'NONE',  ( -1.000000000000000000, 0.000000000000000000, 0.000000000000000000 ) ) ;
#3945 = CARTESIAN_POINT ( 'NONE',  ( -0.5000000000000000000, 1.540871211463574975, 0.5000000000000000000 ) ) ;
#3946 = DIRECTION ( 'NONE',  ( -0.9999994735200916640, -0.000000000000000000, 0.001026138167771967983 ) ) ;
#3947 = DIRECTION ( 'NONE',  ( -0.000000000000000000, 1.000000000000000000, 0.000000000000000000 ) ) ;
#3948 = ORIENTED_EDGE ( 'NONE', *, *, #6850, .F. ) ;
#3949 = EDGE_CURVE ( 'NONE', #8989, #7265, #5242, .T. ) ;
#3950 = EDGE_LOOP ( 'NONE', ( #1011, #7244, #3771, #8337 ) ) ;
#3951 = CARTESIAN_POINT ( 'NONE',  ( 2.600000000000000089, 2.849484536082479647, -6.799999999999999822 ) ) ;
#3952 = ADVANCED_FACE ( 'NONE', ( #8231 ), #3288, .F. ) ;
#3953 = ORIENTED_EDGE ( 'NONE', *, *, #7637, .T. ) ;
#3954 = LINE ( 'NONE', #8213, #3702 ) ;
#3955 = CIRCLE ( 'NONE', #586, 4.100000000000000533 ) ;
#3956 = DIRECTION ( 'NONE',  ( -1.000000000000000000, 0.000000000000000000, 0.000000000000000000 ) ) ;
#3957 = DIRECTION ( 'NONE',  ( 0.000000000000000000, 0.000000000000000000, 1.000000000000000000 ) ) ;
#3958 = ADVANCED_FACE ( 'NONE', ( #6743 ), #8266, .T. ) ;
#3959 = ORIENTED_EDGE ( 'NONE', *, *, #145, .F. ) ;
#3960 = LINE ( 'NONE', #4567, #5169 ) ;
#3961 = ORIENTED_EDGE ( 'NONE', *, *, #2051, .T. ) ;
#3962 = VECTOR ( 'NONE', #2952, 1000.000000000000000 ) ;
#3963 = ORIENTED_EDGE ( 'NONE', *, *, #1228, .F. ) ;
#3964 = PLANE ( 'NONE',  #6359 ) ;
#3965 = CARTESIAN_POINT ( 'NONE',  ( 0.4000000000000000222, -6.700000000000000178, -5.750000000000000000 ) ) ;
#3966 = AXIS2_PLACEMENT_3D ( 'NONE', #205, #6599, #2409 ) ;
#3967 = EDGE_CURVE ( 'NONE', #5342, #4742, #3691, .T. ) ;
#3968 = LINE ( 'NONE', #6786, #6529 ) ;
#3969 = VECTOR ( 'NONE', #3249, 1000.000000000000000 ) ;
#3970 = CARTESIAN_POINT ( 'NONE',  ( -4.500000000000000000, 0.000000000000000000, 0.000000000000000000 ) ) ;
#3971 = CARTESIAN_POINT ( 'NONE',  ( 2.500000000000000000, -6.400000000000000355, -1.350000000000000089 ) ) ;
#3972 = ORIENTED_EDGE ( 'NONE', *, *, #1170, .T. ) ;
#3973 = DIRECTION ( 'NONE',  ( 0.6560590289905040562, 0.000000000000000000, -0.7547095802227749006 ) ) ;
#3974 = DIRECTION ( 'NONE',  ( 7.836629005481910297E-31, -2.832163397568799856E-46, 1.000000000000000000 ) ) ;
#3975 = AXIS2_PLACEMENT_3D ( 'NONE', #4611, #3878, #8909 ) ;
#3976 = EDGE_CURVE ( 'NONE', #8252, #3166, #1084, .T. ) ;
#3977 = CIRCLE ( 'NONE', #7822, 0.5000000000000000000 ) ;
#3978 = VECTOR ( 'NONE', #1050, 1000.000000000000000 ) ;
#3979 = VECTOR ( 'NONE', #946, 1000.000000000000000 ) ;
#3980 = LINE ( 'NONE', #2644, #8406 ) ;
#3981 = DIRECTION ( 'NONE',  ( -0.000000000000000000, 1.000000000000000000, -0.000000000000000000 ) ) ;
#3982 = DIRECTION ( 'NONE',  ( 1.000000000000000000, 0.000000000000000000, 1.232047923278981706E-16 ) ) ;
#3983 = EDGE_CURVE ( 'NONE', #8794, #8734, #1479, .T. ) ;
#3984 = CARTESIAN_POINT ( 'NONE',  ( -3.600000000000000089, -5.150000000000000355, 5.000000000000000000 ) ) ;
#3985 = VECTOR ( 'NONE', #7748, 1000.000000000000000 ) ;
#3986 = EDGE_LOOP ( 'NONE', ( #409, #916 ) ) ;
#3987 = CARTESIAN_POINT ( 'NONE',  ( -0.7967663502707699186, 20.19999999999999929, -0.8947000102205827643 ) ) ;
#3988 = LINE ( 'NONE', #6801, #3592 ) ;
#3989 = EDGE_CURVE ( 'NONE', #6805, #3458, #604, .T. ) ;
#3990 = VERTEX_POINT ( 'NONE', #487 ) ;
#3991 = VECTOR ( 'NONE', #1103, 1000.000000000000000 ) ;
#3992 = ORIENTED_EDGE ( 'NONE', *, *, #8588, .F. ) ;
#3993 = VERTEX_POINT ( 'NONE', #7494 ) ;
#3994 = DIRECTION ( 'NONE',  ( 0.000000000000000000, 0.000000000000000000, 1.000000000000000000 ) ) ;
#3995 = DIRECTION ( 'NONE',  ( 0.000000000000000000, 0.000000000000000000, -1.000000000000000000 ) ) ;
#3996 = CARTESIAN_POINT ( 'NONE',  ( -1.734723475976804925E-15, 0.4500000000000000111, 1.800000000000000044 ) ) ;
#3997 = PLANE ( 'NONE',  #1908 ) ;
#3998 = AXIS2_PLACEMENT_3D ( 'NONE', #7778, #2896, #6346 ) ;
#3999 = ORIENTED_EDGE ( 'NONE', *, *, #5301, .T. ) ;
#4000 = ORIENTED_EDGE ( 'NONE', *, *, #3564, .F. ) ;
#4001 =( NAMED_UNIT ( * ) PLANE_ANGLE_UNIT ( ) SI_UNIT ( $, .RADIAN. ) );
#4002 = AXIS2_PLACEMENT_3D ( 'NONE', #618, #1987, #6871 ) ;
#4003 = VERTEX_POINT ( 'NONE', #8787 ) ;
#4004 = DIRECTION ( 'NONE',  ( -1.000000000000000000, 0.000000000000000000, 0.000000000000000000 ) ) ;
#4005 = ORIENTED_EDGE ( 'NONE', *, *, #8855, .F. ) ;
#4006 = DIRECTION ( 'NONE',  ( 0.000000000000000000, 0.000000000000000000, 1.000000000000000000 ) ) ;
#4007 = DIRECTION ( 'NONE',  ( 0.000000000000000000, 1.000000000000000000, 0.000000000000000000 ) ) ;
#4008 = CIRCLE ( 'NONE', #3124, 3.299999999999999822 ) ;
#4009 = VERTEX_POINT ( 'NONE', #5283 ) ;
#4010 = CARTESIAN_POINT ( 'NONE',  ( -4.500000000000000000, 4.349484536082480091, -4.299999999999999822 ) ) ;
#4011 = EDGE_CURVE ( 'NONE', #4852, #8857, #1812, .T. ) ;
#4012 = ORIENTED_EDGE ( 'NONE', *, *, #1310, .F. ) ;
#4013 = CLOSED_SHELL ( 'NONE', ( #5284, #5232, #1324, #7028, #9015, #1618, #1844, #8059, #1476, #4945, #8291, #3843, #8776, #8921, #3303, #1342, #150, #2009, #199, #1727, #7796, #1693, #8152, #7938, #3365, #7324, #6158, #7106, #445, #3187, #6584, #2001, #1358, #6833, #6540, #5483, #2403, #7524, #4061, #9060, #2655, #94, #1006, #5003, #8579, #8628, #4436, #2360, #4517, #3183, #1368, #2347, #1658, #4904, #6287, #8790, #8939, #3810, #6135, #3911, #905, #7182, #7207, #311, #8216, #3170, #615, #5025, #5717, #5787, #7765, #3952, #7917, #826, #5178, #8760, #2434, #6811, #6273, #8227, #1680, #2077, #3290, #2104, #8263, #2025, #3762, #1887, #2217, #5569, #361, #788, #6716, #7614, #9103, #7151, #7653, #8509, #7222, #705, #8019, #3052, #4627, #5193, #8947, #5740, #1030, #103, #4930, #8690, #6397 ) ) ;
#4014 = CIRCLE ( 'NONE', #8446, 3.100000000000000089 ) ;
#4015 = ORIENTED_EDGE ( 'NONE', *, *, #3699, .F. ) ;
#4016 = DIRECTION ( 'NONE',  ( -8.850629979473508477E-17, 1.000000000000000000, 0.000000000000000000 ) ) ;
#4017 = CARTESIAN_POINT ( 'NONE',  ( 0.000000000000000000, -0.5505154639175199316, 4.599999999999999645 ) ) ;
#4018 = CARTESIAN_POINT ( 'NONE',  ( 2.500000000000000000, -6.700000000000000178, -1.350000000000000089 ) ) ;
#4019 = FACE_OUTER_BOUND ( 'NONE', #6674, .T. ) ;
#4020 = CARTESIAN_POINT ( 'NONE',  ( -3.261177379365210793, 20.19999999999999929, -0.5047000102205848604 ) ) ;
#4021 = ORIENTED_EDGE ( 'NONE', *, *, #1758, .T. ) ;
#4022 = DIRECTION ( 'NONE',  ( -0.8778780114862319017, -7.769773446780637844E-17, 0.4788843252278979223 ) ) ;
#4023 = AXIS2_PLACEMENT_3D ( 'NONE', #5836, #346, #3927 ) ;
#4024 = CARTESIAN_POINT ( 'NONE',  ( 4.500000000000000000, 1.349484536082480091, -0.5999999999999918732 ) ) ;
#4025 = EDGE_CURVE ( 'NONE', #8732, #4940, #1169, .T. ) ;
#4026 = VECTOR ( 'NONE', #1019, 1000.000000000000000 ) ;
#4027 = DIRECTION ( 'NONE',  ( 0.000000000000000000, -0.000000000000000000, 1.000000000000000000 ) ) ;
#4028 = VECTOR ( 'NONE', #3334, 1000.000000000000000 ) ;
#4029 = DIRECTION ( 'NONE',  ( 0.000000000000000000, 0.000000000000000000, 1.000000000000000000 ) ) ;
#4030 = CARTESIAN_POINT ( 'NONE',  ( -5.421010862427520198E-16, 0.4500000000000000111, 0.5000000000000000000 ) ) ;
#4031 = EDGE_CURVE ( 'NONE', #4465, #6468, #8096, .T. ) ;
#4032 = CARTESIAN_POINT ( 'NONE',  ( -2.600000000000000089, 2.849484536082479647, -5.299999999999999822 ) ) ;
#4033 = DIRECTION ( 'NONE',  ( 1.000000000000000000, 0.000000000000000000, 1.931541112668180039E-15 ) ) ;
#4034 = ORIENTED_EDGE ( 'NONE', *, *, #1510, .F. ) ;
#4035 = CARTESIAN_POINT ( 'NONE',  ( 0.000000000000000000, 20.19999999999999929, 0.000000000000000000 ) ) ;
#4036 = CARTESIAN_POINT ( 'NONE',  ( 1.090871211463566137, -0.05000000000000070360, 0.5000000000000000000 ) ) ;
#4037 = CIRCLE ( 'NONE', #8763, 0.6500000000000000222 ) ;
#4038 = ORIENTED_EDGE ( 'NONE', *, *, #1452, .F. ) ;
#4039 = EDGE_CURVE ( 'NONE', #1427, #822, #6341, .T. ) ;
#4040 = VECTOR ( 'NONE', #8235, 1000.000000000000000 ) ;
#4041 = EDGE_LOOP ( 'NONE', ( #5012, #5573, #5131, #8867 ) ) ;
#4042 = EDGE_LOOP ( 'NONE', ( #7378, #4881, #6315, #9023 ) ) ;
#4043 = CYLINDRICAL_SURFACE ( 'NONE', #3412, 0.4999999999999995559 ) ;
#4044 = EDGE_CURVE ( 'NONE', #4099, #8532, #7408, .T. ) ;
#4045 = DIRECTION ( 'NONE',  ( 1.000000000000000000, 0.000000000000000000, 0.000000000000000000 ) ) ;
#4046 = CARTESIAN_POINT ( 'NONE',  ( 3.399999999999999911, 0.9499999999999999556, 0.5000000000000000000 ) ) ;
#4047 = CARTESIAN_POINT ( 'NONE',  ( -4.500000000000000000, 4.049484536082480268, -5.299999999999999822 ) ) ;
#4048 = ORIENTED_EDGE ( 'NONE', *, *, #2407, .T. ) ;
#4049 = ORIENTED_EDGE ( 'NONE', *, *, #5918, .T. ) ;
#4050 = VECTOR ( 'NONE', #2201, 1000.000000000000000 ) ;
#4051 = ORIENTED_EDGE ( 'NONE', *, *, #6651, .F. ) ;
#4052 = ORIENTED_EDGE ( 'NONE', *, *, #5750, .F. ) ;
#4053 = DIRECTION ( 'NONE',  ( -1.000000000000000000, 0.000000000000000000, 0.000000000000000000 ) ) ;
#4054 = EDGE_CURVE ( 'NONE', #1346, #8987, #8825, .T. ) ;
#4055 = CARTESIAN_POINT ( 'NONE',  ( -4.899999999999999467, 4.349484536082480091, -4.299999999999999822 ) ) ;
#4056 = PLANE ( 'NONE',  #7861 ) ;
#4057 = ORIENTED_EDGE ( 'NONE', *, *, #1829, .T. ) ;
#4058 = AXIS2_PLACEMENT_3D ( 'NONE', #3374, #5640, #9007 ) ;
#4059 = CARTESIAN_POINT ( 'NONE',  ( 0.7500000000000000000, -5.549999999999999822, 1.000000000000000000 ) ) ;
#4060 = ORIENTED_EDGE ( 'NONE', *, *, #703, .T. ) ;
#4061 = ADVANCED_FACE ( 'NONE', ( #8323 ), #7631, .T. ) ;
#4062 = VERTEX_POINT ( 'NONE', #8414 ) ;
#4063 = FACE_OUTER_BOUND ( 'NONE', #1029, .T. ) ;
#4064 = EDGE_CURVE ( 'NONE', #4473, #3216, #6837, .T. ) ;
#4065 = LINE ( 'NONE', #2551, #8356 ) ;
#4066 = DIRECTION ( 'NONE',  ( 1.000000000000000000, 0.000000000000000000, 0.000000000000000000 ) ) ;
#4067 = LINE ( 'NONE', #8412, #7459 ) ;
#4068 = ORIENTED_EDGE ( 'NONE', *, *, #386, .T. ) ;
#4069 = DIRECTION ( 'NONE',  ( -0.000000000000000000, 1.000000000000000000, 0.000000000000000000 ) ) ;
#4070 = LINE ( 'NONE', #6016, #3887 ) ;
#4071 = ORIENTED_EDGE ( 'NONE', *, *, #2212, .F. ) ;
#4072 = VECTOR ( 'NONE', #6557, 1000.000000000000000 ) ;
#4073 = CARTESIAN_POINT ( 'NONE',  ( 0.000000000000000000, 0.000000000000000000, 0.000000000000000000 ) ) ;
#4074 = EDGE_CURVE ( 'NONE', #8558, #682, #3376, .T. ) ;
#4075 = DIRECTION ( 'NONE',  ( -0.000000000000000000, -1.000000000000000000, -0.000000000000000000 ) ) ;
#4076 = DIRECTION ( 'NONE',  ( 1.000000000000000000, 0.000000000000000000, 0.000000000000000000 ) ) ;
#4077 = CARTESIAN_POINT ( 'NONE',  ( 2.100000000000000089, -6.700000000000000178, -4.928191693115930030E-17 ) ) ;
#4078 = CARTESIAN_POINT ( 'NONE',  ( 4.899999999999999467, 4.349484536082480091, -4.299999999999999822 ) ) ;
#4079 = EDGE_CURVE ( 'NONE', #5557, #3008, #3390, .T. ) ;
#4080 = CARTESIAN_POINT ( 'NONE',  ( 3.600000000000000089, -5.150000000000000355, 5.000000000000000000 ) ) ;
#4081 = AXIS2_PLACEMENT_3D ( 'NONE', #3785, #2315, #3744 ) ;
#4082 = ORIENTED_EDGE ( 'NONE', *, *, #4079, .F. ) ;
#4083 = VERTEX_POINT ( 'NONE', #5591 ) ;
#4084 = CIRCLE ( 'NONE', #2614, 0.1500000000000000777 ) ;
#4085 = VERTEX_POINT ( 'NONE', #712 ) ;
#4086 = DIRECTION ( 'NONE',  ( 1.000000000000000000, 0.000000000000000000, 0.000000000000000000 ) ) ;
#4087 = PLANE ( 'NONE',  #8538 ) ;
#4088 = DIRECTION ( 'NONE',  ( -7.211624427719189705E-17, -1.000000000000000000, 2.168404344971010101E-16 ) ) ;
#4089 = EDGE_CURVE ( 'NONE', #8113, #1822, #3333, .T. ) ;
#4090 = DIRECTION ( 'NONE',  ( 0.000000000000000000, 0.000000000000000000, 1.000000000000000000 ) ) ;
#4091 = ORIENTED_EDGE ( 'NONE', *, *, #7442, .T. ) ;
#4092 = ORIENTED_EDGE ( 'NONE', *, *, #5852, .T. ) ;
#4093 = ADVANCED_FACE ( 'NONE', ( #4806 ), #4111, .F. ) ;
#4094 = ORIENTED_EDGE ( 'NONE', *, *, #2181, .F. ) ;
#4095 = ORIENTED_EDGE ( 'NONE', *, *, #6744, .F. ) ;
#4097 = DIRECTION ( 'NONE',  ( 1.000000000000000000, 0.000000000000000000, 0.000000000000000000 ) ) ;
#4096 = APPLICATION_CONTEXT ( 'automotive_design' ) ;
#4098 = FACE_OUTER_BOUND ( 'NONE', #8768, .T. ) ;
#4099 = VERTEX_POINT ( 'NONE', #6237 ) ;
#4100 = CARTESIAN_POINT ( 'NONE',  ( -4.500000000000000000, 1.349484536082480091, 0.4000000000000000222 ) ) ;
#4101 = ORIENTED_EDGE ( 'NONE', *, *, #6061, .F. ) ;
#4102 = EDGE_CURVE ( 'NONE', #8532, #9008, #2512, .T. ) ;
#4103 = AXIS2_PLACEMENT_3D ( 'NONE', #5401, #8777, #2631 ) ;
#4104 = ORIENTED_EDGE ( 'NONE', *, *, #2233, .T. ) ;
#4105 = CARTESIAN_POINT ( 'NONE',  ( -4.500000000000000000, 4.349484536082480091, 0.4000000000000000222 ) ) ;
#4106 = LINE ( 'NONE', #531, #3060 ) ;
#4107 = CARTESIAN_POINT ( 'NONE',  ( -4.500000000000000000, 1.349484536082480091, -0.5999999999999999778 ) ) ;
#4108 = LINE ( 'NONE', #622, #55 ) ;
#4109 = LINE ( 'NONE', #5589, #832 ) ;
#4110 = ORIENTED_EDGE ( 'NONE', *, *, #4833, .T. ) ;
#4111 = PLANE ( 'NONE',  #167 ) ;
#4112 = ORIENTED_EDGE ( 'NONE', *, *, #5597, .F. ) ;
#4113 = VECTOR ( 'NONE', #6536, 1000.000000000000000 ) ;
#4114 = CARTESIAN_POINT ( 'NONE',  ( 4.500000000000000000, -2.550515463917519821, -5.799999999999999822 ) ) ;
#4115 = VECTOR ( 'NONE', #5698, 1000.000000000000000 ) ;
#4116 = EDGE_CURVE ( 'NONE', #8723, #3684, #4709, .T. ) ;
#4117 = DIRECTION ( 'NONE',  ( 0.000000000000000000, 1.000000000000000000, 0.000000000000000000 ) ) ;
#4118 = CARTESIAN_POINT ( 'NONE',  ( 3.399999999999999911, 0.9499999999999999556, 0.000000000000000000 ) ) ;
#4119 = PLANE ( 'NONE',  #3766 ) ;
#4120 = ORIENTED_EDGE ( 'NONE', *, *, #8834, .F. ) ;
#4121 = DIRECTION ( 'NONE',  ( 1.000000000000000000, -1.308519863344573798E-16, 0.000000000000000000 ) ) ;
#4122 = FACE_OUTER_BOUND ( 'NONE', #1273, .T. ) ;
#4123 = ADVANCED_FACE ( 'NONE', ( #8366 ), #4424, .T. ) ;
#4124 = AXIS2_PLACEMENT_3D ( 'NONE', #3196, #3931, #6789 ) ;
#4125 = ORIENTED_EDGE ( 'NONE', *, *, #2063, .T. ) ;
#4126 = ORIENTED_EDGE ( 'NONE', *, *, #6747, .F. ) ;
#4127 = VECTOR ( 'NONE', #7219, 1000.000000000000000 ) ;
#4128 = DIRECTION ( 'NONE',  ( -1.000000000000000000, 0.000000000000000000, 0.000000000000000000 ) ) ;
#4129 = ORIENTED_EDGE ( 'NONE', *, *, #942, .F. ) ;
#4130 = DIRECTION ( 'NONE',  ( -4.565061778886339960E-16, -2.123492242164234689E-31, 1.000000000000000000 ) ) ;
#4131 = DIRECTION ( 'NONE',  ( 1.000000000000000000, 0.000000000000000000, 0.000000000000000000 ) ) ;
#4132 = CYLINDRICAL_SURFACE ( 'NONE', #1238, 0.6750000000000002665 ) ;
#4133 = CARTESIAN_POINT ( 'NONE',  ( 0.000000000000000000, -6.000000000000005329, 0.000000000000000000 ) ) ;
#4134 = ORIENTED_EDGE ( 'NONE', *, *, #3200, .T. ) ;
#4135 = VECTOR ( 'NONE', #7704, 1000.000000000000000 ) ;
#4136 = PRODUCT_CONTEXT ( 'NONE', #4388, 'mechanical' ) ;
#4137 = EDGE_CURVE ( 'NONE', #594, #5995, #3545, .T. ) ;
#4138 = VERTEX_POINT ( 'NONE', #1353 ) ;
#4139 = VERTEX_POINT ( 'NONE', #2831 ) ;
#4140 = CARTESIAN_POINT ( 'NONE',  ( -5.636132948075079696, -1.550515463917520043, -8.396377958773980410 ) ) ;
#4141 = VECTOR ( 'NONE', #3256, 1000.000000000000000 ) ;
#4142 = LINE ( 'NONE', #6535, #8016 ) ;
#4143 = EDGE_CURVE ( 'NONE', #2070, #7612, #668, .T. ) ;
#4144 = ORIENTED_EDGE ( 'NONE', *, *, #1778, .F. ) ;
#4145 = CARTESIAN_POINT ( 'NONE',  ( -4.500000000000000000, 2.449484536082480179, -4.299999999999999822 ) ) ;
#4146 = VECTOR ( 'NONE', #4194, 1000.000000000000000 ) ;
#4147 = ORIENTED_EDGE ( 'NONE', *, *, #7407, .F. ) ;
#4148 = EDGE_CURVE ( 'NONE', #5269, #8252, #5642, .T. ) ;
#4149 = EDGE_LOOP ( 'NONE', ( #4606, #4901, #6317, #7807 ) ) ;
#4150 = CARTESIAN_POINT ( 'NONE',  ( 0.5000000000000000000, 20.89999999999999858, 1.500000000000000000 ) ) ;
#4151 = AXIS2_PLACEMENT_3D ( 'NONE', #7699, #1380, #3541 ) ;
#4152 = DIRECTION ( 'NONE',  ( 1.000000000000000000, 0.000000000000000000, 0.000000000000000000 ) ) ;
#4153 = CARTESIAN_POINT ( 'NONE',  ( -4.500000000000000000, 4.349484536082480091, -4.899999999999999467 ) ) ;
#4154 = EDGE_CURVE ( 'NONE', #529, #8718, #6491, .T. ) ;
#4155 = CARTESIAN_POINT ( 'NONE',  ( 2.324999999999999734, 3.649484536082480357, -1.600000000000000089 ) ) ;
#4156 = DIRECTION ( 'NONE',  ( -0.000000000000000000, 1.000000000000000000, -0.000000000000000000 ) ) ;
#4157 = ORIENTED_EDGE ( 'NONE', *, *, #8332, .F. ) ;
#4158 = CARTESIAN_POINT ( 'NONE',  ( -0.6700000000000000400, 21.69999999999999929, -0.5999999999999999778 ) ) ;
#4159 = ORIENTED_EDGE ( 'NONE', *, *, #6527, .F. ) ;
#4160 = AXIS2_PLACEMENT_3D ( 'NONE', #8861, #3957, #608 ) ;
#4161 = DIRECTION ( 'NONE',  ( 0.000000000000000000, -1.000000000000000000, 0.000000000000000000 ) ) ;
#4162 = CARTESIAN_POINT ( 'NONE',  ( -4.899999999999999467, 0.4494845360824790137, -5.799999999999999822 ) ) ;
#4163 = VECTOR ( 'NONE', #2098, 1000.000000000000000 ) ;
#4164 = CARTESIAN_POINT ( 'NONE',  ( 3.261177379365209905, 20.89999999999999858, -0.5047000102205829730 ) ) ;
#4165 = DIRECTION ( 'NONE',  ( 0.000000000000000000, 0.000000000000000000, 1.000000000000000000 ) ) ;
#4166 = CARTESIAN_POINT ( 'NONE',  ( -4.500000000000000000, -3.950515463917519732, -4.299999999999999822 ) ) ;
#4167 = ORIENTED_EDGE ( 'NONE', *, *, #5577, .F. ) ;
#4168 = CARTESIAN_POINT ( 'NONE',  ( 0.5000000000000000000, -0.05000000000000060646, 0.5000000000000000000 ) ) ;
#4169 = PLANE ( 'NONE',  #505 ) ;
#4170 = EDGE_CURVE ( 'NONE', #2632, #1759, #1264, .T. ) ;
#4171 = ORIENTED_EDGE ( 'NONE', *, *, #4074, .T. ) ;
#4172 = AXIS2_PLACEMENT_3D ( 'NONE', #4153, #6278, #8408 ) ;
#4173 = PLANE ( 'NONE',  #2977 ) ;
#4174 = ORIENTED_EDGE ( 'NONE', *, *, #4369, .T. ) ;
#4175 = DIRECTION ( 'NONE',  ( -1.000000000000000000, 1.495451272393800035E-16, 0.000000000000000000 ) ) ;
#4176 = ORIENTED_EDGE ( 'NONE', *, *, #2629, .T. ) ;
#4177 = CARTESIAN_POINT ( 'NONE',  ( -4.500000000000000000, 0.000000000000000000, 0.4000000000000000222 ) ) ;
#4178 = DIRECTION ( 'NONE',  ( 0.000000000000000000, 7.228014483236700500E-16, -1.000000000000000000 ) ) ;
#4179 = DIRECTION ( 'NONE',  ( 0.000000000000000000, -3.469446951953615175E-16, -1.000000000000000000 ) ) ;
#4180 = VECTOR ( 'NONE', #2597, 1000.000000000000000 ) ;
#4181 = LINE ( 'NONE', #3630, #3829 ) ;
#4182 = ORIENTED_EDGE ( 'NONE', *, *, #5807, .F. ) ;
#4183 = EDGE_LOOP ( 'NONE', ( #7936, #5304, #464, #1875, #8975 ) ) ;
#4184 = ORIENTED_EDGE ( 'NONE', *, *, #3086, .T. ) ;
#4185 = ORIENTED_EDGE ( 'NONE', *, *, #6619, .T. ) ;
#4186 = DIRECTION ( 'NONE',  ( -1.000000000000000000, 0.000000000000000000, 0.000000000000000000 ) ) ;
#4187 = DIRECTION ( 'NONE',  ( 0.000000000000000000, 0.000000000000000000, -1.000000000000000000 ) ) ;
#4188 = CARTESIAN_POINT ( 'NONE',  ( -1.734723475976804925E-15, 0.4500000000000000111, 2.500000000000000000 ) ) ;
#4189 = ORIENTED_EDGE ( 'NONE', *, *, #5323, .F. ) ;
#4190 = EDGE_CURVE ( 'NONE', #2955, #7371, #6282, .T. ) ;
#4191 = CARTESIAN_POINT ( 'NONE',  ( -1.734723475976804925E-15, 0.4500000000000000111, 5.000000000000000000 ) ) ;
#4192 = ORIENTED_EDGE ( 'NONE', *, *, #2881, .F. ) ;
#4193 = VERTEX_POINT ( 'NONE', #2091 ) ;
#4194 = DIRECTION ( 'NONE',  ( 1.000000000000000000, -2.491288438666599835E-16, -1.800706891660234764E-31 ) ) ;
#4195 = DIRECTION ( 'NONE',  ( 0.000000000000000000, -1.000000000000000000, 0.000000000000000000 ) ) ;
#4196 = AXIS2_PLACEMENT_3D ( 'NONE', #5325, #6701, #8142 ) ;
#4197 = CARTESIAN_POINT ( 'NONE',  ( -4.500000000000000000, 4.349484536082480091, -8.673617379884040205E-15 ) ) ;
#4198 = DIRECTION ( 'NONE',  ( -1.000000000000000000, 0.000000000000000000, 1.776356839400249281E-15 ) ) ;
#4199 = FACE_OUTER_BOUND ( 'NONE', #877, .T. ) ;
#4200 = ORIENTED_EDGE ( 'NONE', *, *, #4956, .F. ) ;
#4201 = DIRECTION ( 'NONE',  ( 0.000000000000000000, 0.000000000000000000, -1.000000000000000000 ) ) ;
#4202 = ADVANCED_FACE ( 'NONE', ( #4759 ), #7585, .T. ) ;
#4203 = VERTEX_POINT ( 'NONE', #7020 ) ;
#4204 = EDGE_CURVE ( 'NONE', #9071, #2661, #3059, .T. ) ;
#4205 = DIRECTION ( 'NONE',  ( -1.000000000000000000, 0.000000000000000000, 0.000000000000000000 ) ) ;
#4206 = DIRECTION ( 'NONE',  ( -0.000000000000000000, 1.000000000000000000, -0.000000000000000000 ) ) ;
#4207 = DIRECTION ( 'NONE',  ( 0.000000000000000000, 0.000000000000000000, -1.000000000000000000 ) ) ;
#4208 = DIRECTION ( 'NONE',  ( 0.000000000000000000, 1.000000000000000000, 0.000000000000000000 ) ) ;
#4209 = CARTESIAN_POINT ( 'NONE',  ( -4.500000000000000000, 4.349484536082480091, 0.3999999999999915290 ) ) ;
#4210 = CARTESIAN_POINT ( 'NONE',  ( -2.600000000000000089, 9.845506349388359441E-16, 2.350988701644569761E-30 ) ) ;
#4211 = ORIENTED_EDGE ( 'NONE', *, *, #7363, .F. ) ;
#4212 = VECTOR ( 'NONE', #4430, 1000.000000000000000 ) ;
#4213 = EDGE_CURVE ( 'NONE', #8071, #2022, #4285, .T. ) ;
#4214 = CARTESIAN_POINT ( 'NONE',  ( 4.400000000000000355, 5.100000000000000533, 0.1000000000000000056 ) ) ;
#4215 = ORIENTED_EDGE ( 'NONE', *, *, #4877, .T. ) ;
#4216 = LINE ( 'NONE', #9072, #3725 ) ;
#4217 = ORIENTED_EDGE ( 'NONE', *, *, #1864, .T. ) ;
#4218 = CARTESIAN_POINT ( 'NONE',  ( 0.6700000000000000400, 21.69999999999999929, 0.5999999999999999778 ) ) ;
#4219 = LINE ( 'NONE', #8434, #3468 ) ;
#4220 = DIRECTION ( 'NONE',  ( 0.000000000000000000, 1.000000000000000000, 0.000000000000000000 ) ) ;
#4221 = AXIS2_PLACEMENT_3D ( 'NONE', #2735, #8225, #572 ) ;
#4222 = CARTESIAN_POINT ( 'NONE',  ( -1.000000000000000000, 3.804101966249689770, 4.299999999999999822 ) ) ;
#4223 = VERTEX_POINT ( 'NONE', #7805 ) ;
#4224 = DIRECTION ( 'NONE',  ( 0.000000000000000000, 0.000000000000000000, 1.000000000000000000 ) ) ;
#4225 = VECTOR ( 'NONE', #7288, 1000.000000000000000 ) ;
#4226 = ORIENTED_EDGE ( 'NONE', *, *, #6651, .T. ) ;
#4227 = ORIENTED_EDGE ( 'NONE', *, *, #380, .T. ) ;
#4228 = CARTESIAN_POINT ( 'NONE',  ( 3.000000000000000000, 4.649999999999999467, 5.599999999999999645 ) ) ;
#4229 = ADVANCED_FACE ( 'NONE', ( #8596 ), #4433, .F. ) ;
#4230 = ORIENTED_EDGE ( 'NONE', *, *, #1100, .F. ) ;
#4231 = PLANE ( 'NONE',  #7218 ) ;
#4232 = ADVANCED_FACE ( 'NONE', ( #7120 ), #809, .T. ) ;
#4233 = ORIENTED_EDGE ( 'NONE', *, *, #176, .T. ) ;
#4234 = EDGE_CURVE ( 'NONE', #1433, #322, #5607, .T. ) ;
#4235 = DIRECTION ( 'NONE',  ( 0.000000000000000000, 0.000000000000000000, -1.000000000000000000 ) ) ;
#4236 = PLANE ( 'NONE',  #7474 ) ;
#4237 = FACE_OUTER_BOUND ( 'NONE', #2208, .T. ) ;
#4238 = CARTESIAN_POINT ( 'NONE',  ( 0.5000000000000000000, -0.6408712114635679580, 0.5000000000000000000 ) ) ;
#4239 = EDGE_LOOP ( 'NONE', ( #7113, #8115, #9081, #3825 ) ) ;
#4240 = CARTESIAN_POINT ( 'NONE',  ( 1.479999999999999982, 21.69999999999999929, 1.200000000000000178 ) ) ;
#4241 = LINE ( 'NONE', #7066, #2370 ) ;
#4242 = VERTEX_POINT ( 'NONE', #2319 ) ;
#4243 = EDGE_CURVE ( 'NONE', #4783, #7720, #2140, .T. ) ;
#4244 = CARTESIAN_POINT ( 'NONE',  ( 1.899999999999999911, -2.700000000000000178, 0.1000000000000000056 ) ) ;
#4245 = CARTESIAN_POINT ( 'NONE',  ( 1.097644678823669784, 20.19999999999999929, -0.5047000102205829730 ) ) ;
#4246 = DIRECTION ( 'NONE',  ( 0.000000000000000000, 0.000000000000000000, 1.000000000000000000 ) ) ;
#4247 = LINE ( 'NONE', #8466, #661 ) ;
#4248 = ORIENTED_EDGE ( 'NONE', *, *, #4823, .T. ) ;
#4249 = CARTESIAN_POINT ( 'NONE',  ( -4.500000000000000000, -5.450515463917520620, -4.299999999999999822 ) ) ;
#4250 = EDGE_CURVE ( 'NONE', #5453, #1163, #1042, .T. ) ;
#4251 = CARTESIAN_POINT ( 'NONE',  ( 4.899999999999999467, -3.550515463917519821, 0.4000000000000000222 ) ) ;
#4252 = ORIENTED_EDGE ( 'NONE', *, *, #8788, .F. ) ;
#4253 = VECTOR ( 'NONE', #2979, 1000.000000000000000 ) ;
#4254 = EDGE_CURVE ( 'NONE', #3409, #8040, #3655, .T. ) ;
#4255 = ORIENTED_EDGE ( 'NONE', *, *, #7854, .T. ) ;
#4256 = CARTESIAN_POINT ( 'NONE',  ( -3.250000000000000000, -6.400000000000000355, -1.350000000000000089 ) ) ;
#4257 = ORIENTED_EDGE ( 'NONE', *, *, #3573, .F. ) ;
#4258 = CARTESIAN_POINT ( 'NONE',  ( -1.750000000000000000, 0.4000000000000000222, 1.000000000000000000 ) ) ;
#4259 = LINE ( 'NONE', #7235, #3933 ) ;
#4260 = FACE_OUTER_BOUND ( 'NONE', #7003, .T. ) ;
#4261 = PLANE ( 'NONE',  #1971 ) ;
#4262 = EDGE_CURVE ( 'NONE', #7923, #5985, #7858, .T. ) ;
#4263 = CARTESIAN_POINT ( 'NONE',  ( -1.734723475976804925E-15, 0.4500000000000000111, 2.100000000000000089 ) ) ;
#4264 = VECTOR ( 'NONE', #5326, 1000.000000000000000 ) ;
#4265 = ORIENTED_EDGE ( 'NONE', *, *, #3677, .T. ) ;
#4266 = ORIENTED_EDGE ( 'NONE', *, *, #25, .T. ) ;
#4267 =( GEOMETRIC_REPRESENTATION_CONTEXT ( 3 ) GLOBAL_UNCERTAINTY_ASSIGNED_CONTEXT ( ( #1738 ) ) GLOBAL_UNIT_ASSIGNED_CONTEXT ( ( #3656, #7171, #1580 ) ) REPRESENTATION_CONTEXT ( 'NONE', 'WORKASPACE' ) );
#4268 = CARTESIAN_POINT ( 'NONE',  ( 0.000000000000000000, 0.000000000000000000, 0.000000000000000000 ) ) ;
#4269 = VERTEX_POINT ( 'NONE', #1440 ) ;
#4270 = CIRCLE ( 'NONE', #3837, 0.2000000000000000944 ) ;
#4271 = VERTEX_POINT ( 'NONE', #2277 ) ;
#4272 = DIRECTION ( 'NONE',  ( 0.000000000000000000, 0.000000000000000000, -1.000000000000000000 ) ) ;
#4273 = CARTESIAN_POINT ( 'NONE',  ( 4.500000000000000000, -1.550515463917520043, -7.550000000000000711 ) ) ;
#4274 = ORIENTED_EDGE ( 'NONE', *, *, #4553, .F. ) ;
#4275 = CARTESIAN_POINT ( 'NONE',  ( 1.097644678823669784, 20.19999999999999929, -0.5047000102205829730 ) ) ;
#4276 = ORIENTED_EDGE ( 'NONE', *, *, #3142, .T. ) ;
#4277 = EDGE_LOOP ( 'NONE', ( #4057, #8457, #5017, #4101 ) ) ;
#4278 = CARTESIAN_POINT ( 'NONE',  ( -1.734723475976804925E-15, 0.4500000000000000111, 2.500000000000000000 ) ) ;
#4279 = CARTESIAN_POINT ( 'NONE',  ( 0.000000000000000000, 0.000000000000000000, 0.5000000000000000000 ) ) ;
#4280 = VECTOR ( 'NONE', #2594, 1000.000000000000000 ) ;
#4281 = EDGE_CURVE ( 'NONE', #8257, #1309, #5091, .T. ) ;
#4282 = DIRECTION ( 'NONE',  ( -1.000000000000000000, 0.000000000000000000, 0.000000000000000000 ) ) ;
#4283 = CARTESIAN_POINT ( 'NONE',  ( 0.000000000000000000, -5.950000000000000178, 0.000000000000000000 ) ) ;
#4284 = ORIENTED_EDGE ( 'NONE', *, *, #4798, .T. ) ;
#4285 = LINE ( 'NONE', #4240, #3242 ) ;
#4286 = CARTESIAN_POINT ( 'NONE',  ( 1.479999999999999982, 21.50000000000000000, 0.4999999999999998890 ) ) ;
#4287 = VERTEX_POINT ( 'NONE', #2229 ) ;
#4288 = AXIS2_PLACEMENT_3D ( 'NONE', #6168, #4738, #8126 ) ;
#4289 = FACE_OUTER_BOUND ( 'NONE', #1431, .T. ) ;
#4290 = DIRECTION ( 'NONE',  ( 0.000000000000000000, 0.000000000000000000, 1.000000000000000000 ) ) ;
#4291 = EDGE_CURVE ( 'NONE', #5557, #5282, #6424, .T. ) ;
#4292 = LINE ( 'NONE', #3755, #2700 ) ;
#4293 = CARTESIAN_POINT ( 'NONE',  ( -0.6700000000000000400, 21.69999999999999929, 0.5999999999999999778 ) ) ;
#4294 = ORIENTED_EDGE ( 'NONE', *, *, #6573, .T. ) ;
#4295 = DIRECTION ( 'NONE',  ( -7.228014483236700500E-16, 1.000000000000000000, 0.000000000000000000 ) ) ;
#4296 = FACE_OUTER_BOUND ( 'NONE', #3147, .T. ) ;
#4297 = ADVANCED_FACE ( 'NONE', ( #7065 ), #5689, .F. ) ;
#4298 = VECTOR ( 'NONE', #4175, 1000.000000000000000 ) ;
#4299 = CLOSED_SHELL ( 'NONE', ( #8033, #2592, #1075, #4329, #6437, #5328, #4856, #4405, #4490, #6229, #2731, #3007, #3874, #8983, #8866, #2576, #4657, #7644, #2082, #3760, #7015, #3477, #3467, #6660, #7050, #3714, #5400, #1495, #4987, #8277, #2273, #5695, #1436, #840, #22, #7372, #7484, #8769, #8531, #4764, #7792, #3250, #2468, #1781, #7431, #8872, #2962, #8646, #6562, #4423, #7326, #3936, #6605, #6011, #2633, #5412, #7390, #130, #7461, #1603, #7707, #7942, #1890, #3065, #264, #3593, #232, #3019, #5243, #6121, #6827, #2417, #2708, #1290, #6073, #7281, #5161 ) ) ;
#4300 = VECTOR ( 'NONE', #3839, 1000.000000000000000 ) ;
#4301 = EDGE_CURVE ( 'NONE', #4522, #5343, #897, .T. ) ;
#4302 = CARTESIAN_POINT ( 'NONE',  ( 1.479999999999999982, 21.50000000000000000, 1.200000000000000178 ) ) ;
#4303 = ORIENTED_EDGE ( 'NONE', *, *, #5389, .T. ) ;
#4304 = PLANE ( 'NONE',  #52 ) ;
#4305 = ORIENTED_EDGE ( 'NONE', *, *, #6496, .T. ) ;
#4306 = CARTESIAN_POINT ( 'NONE',  ( 0.8032336497292289490, 21.69999999999999929, -1.604700010220585060 ) ) ;
#4307 = CARTESIAN_POINT ( 'NONE',  ( 1.750000000000000000, -5.549999999999999822, 1.000000000000000000 ) ) ;
#4308 = DIRECTION ( 'NONE',  ( 0.000000000000000000, -1.734723475976804876E-16, 1.000000000000000000 ) ) ;
#4309 = CARTESIAN_POINT ( 'NONE',  ( 1.090871211463567914, 0.9499999999999999556, 0.000000000000000000 ) ) ;
#4310 = ORIENTED_EDGE ( 'NONE', *, *, #681, .T. ) ;
#4311 = VECTOR ( 'NONE', #3907, 1000.000000000000000 ) ;
#4312 = EDGE_CURVE ( 'NONE', #5222, #1177, #160, .T. ) ;
#4313 = VECTOR ( 'NONE', #3299, 1000.000000000000000 ) ;
#4314 = EDGE_CURVE ( 'NONE', #1604, #4677, #115, .T. ) ;
#4315 = ORIENTED_EDGE ( 'NONE', *, *, #8898, .T. ) ;
#4316 = ORIENTED_EDGE ( 'NONE', *, *, #5550, .F. ) ;
#4317 = AXIS2_PLACEMENT_3D ( 'NONE', #1808, #5970, #2422 ) ;
#4318 = DIRECTION ( 'NONE',  ( 0.000000000000000000, 0.000000000000000000, -1.000000000000000000 ) ) ;
#4319 = VECTOR ( 'NONE', #1086, 1000.000000000000000 ) ;
#4320 = CARTESIAN_POINT ( 'NONE',  ( -1.734723475976804925E-15, 0.4500000000000000111, 1.800000000000000044 ) ) ;
#4321 = ORIENTED_EDGE ( 'NONE', *, *, #1997, .F. ) ;
#4322 = CARTESIAN_POINT ( 'NONE',  ( -4.500000000000000000, -3.550515463917519821, -8.691935007006809980E-15 ) ) ;
#4323 = ORIENTED_EDGE ( 'NONE', *, *, #1652, .F. ) ;
#4324 = EDGE_CURVE ( 'NONE', #4742, #8636, #2880, .T. ) ;
#4325 = ORIENTED_EDGE ( 'NONE', *, *, #7840, .T. ) ;
#4326 = CARTESIAN_POINT ( 'NONE',  ( 4.899999999999999467, -1.550515463917520043, -7.400446128206080054 ) ) ;
#4327 = PLANE ( 'NONE',  #1432 ) ;
#4328 = PLANE ( 'NONE',  #7277 ) ;
#4329 = ADVANCED_FACE ( 'NONE', ( #2180 ), #4995, .F. ) ;
#4330 = DIRECTION ( 'NONE',  ( 0.000000000000000000, 0.000000000000000000, 1.000000000000000000 ) ) ;
#4331 = VERTEX_POINT ( 'NONE', #5186 ) ;
#4332 = DIRECTION ( 'NONE',  ( 0.000000000000000000, 0.000000000000000000, -1.000000000000000000 ) ) ;
#4333 = CARTESIAN_POINT ( 'NONE',  ( 1.899999999999999911, -4.200000000000000178, 0.1000000000000000056 ) ) ;
#4334 = ORIENTED_EDGE ( 'NONE', *, *, #8986, .F. ) ;
#4335 = EDGE_CURVE ( 'NONE', #3697, #3210, #3788, .T. ) ;
#4336 = VECTOR ( 'NONE', #687, 1000.000000000000000 ) ;
#4337 = LINE ( 'NONE', #2971, #8125 ) ;
#4338 = PLANE ( 'NONE',  #116 ) ;
#4339 = CARTESIAN_POINT ( 'NONE',  ( -2.598076211353316456, 5.499999999999998224, 1.499999999999999334 ) ) ;
#4340 = DIRECTION ( 'NONE',  ( 8.850629979473508477E-17, -1.000000000000000000, 0.000000000000000000 ) ) ;
#4341 = CARTESIAN_POINT ( 'NONE',  ( 4.899999999999999467, 4.336808689942019708E-16, 0.000000000000000000 ) ) ;
#4342 = ORIENTED_EDGE ( 'NONE', *, *, #5983, .F. ) ;
#4343 = EDGE_CURVE ( 'NONE', #8491, #5429, #4270, .T. ) ;
#4344 = CARTESIAN_POINT ( 'NONE',  ( -1.479999999999999982, 21.50000000000000000, 0.4999999999999998890 ) ) ;
#4345 = DIRECTION ( 'NONE',  ( 0.000000000000000000, 0.000000000000000000, 1.000000000000000000 ) ) ;
#4346 = CIRCLE ( 'NONE', #5535, 0.5000000000000000000 ) ;
#4347 = PRODUCT ( 'PT01-D125D-A103(2)', 'PT01-D125D-A103(2)', '', ( #4136 ) ) ;
#4348 = EDGE_CURVE ( 'NONE', #2494, #1604, #6601, .T. ) ;
#4349 = CARTESIAN_POINT ( 'NONE',  ( -4.500000000000000000, 1.449484536082480179, -8.691935007006809980E-15 ) ) ;
#4350 = VERTEX_POINT ( 'NONE', #8687 ) ;
#4351 = CARTESIAN_POINT ( 'NONE',  ( -3.399999999999999911, -2.050000000000000266, 0.000000000000000000 ) ) ;
#4352 = ORIENTED_EDGE ( 'NONE', *, *, #6910, .F. ) ;
#4353 = ADVANCED_FACE ( 'NONE', ( #2364 ), #4720, .F. ) ;
#4354 = CARTESIAN_POINT ( 'NONE',  ( -1.479999999999999982, 20.89999999999999858, 0.8499999999999999778 ) ) ;
#4355 = DIRECTION ( 'NONE',  ( -1.000000000000000000, 0.000000000000000000, 0.000000000000000000 ) ) ;
#4356 = DIRECTION ( 'NONE',  ( 8.850629979473508477E-17, -1.000000000000000000, 0.000000000000000000 ) ) ;
#4357 = CARTESIAN_POINT ( 'NONE',  ( -3.600000000000000089, -5.150000000000000355, 5.000000000000000000 ) ) ;
#4358 = ORIENTED_EDGE ( 'NONE', *, *, #3361, .F. ) ;
#4359 = CIRCLE ( 'NONE', #1426, 0.8000000000000003775 ) ;
#4360 = ITEM_DEFINED_TRANSFORMATION ( 'NONE', 'NONE', #8145,  #7110 ) ;
#4361 = ORIENTED_EDGE ( 'NONE', *, *, #6322, .T. ) ;
#4362 = VECTOR ( 'NONE', #3231, 1000.000000000000000 ) ;
#4363 = ORIENTED_EDGE ( 'NONE', *, *, #672, .F. ) ;
#4364 = FACE_OUTER_BOUND ( 'NONE', #5073, .T. ) ;
#4365 = ADVANCED_FACE ( 'NONE', ( #7592 ), #4911, .T. ) ;
#4366 = FACE_BOUND ( 'NONE', #7415, .T. ) ;
#4367 = FACE_OUTER_BOUND ( 'NONE', #3359, .T. ) ;
#4368 = EDGE_LOOP ( 'NONE', ( #6067, #624 ) ) ;
#4369 = EDGE_CURVE ( 'NONE', #4966, #95, #4813, .T. ) ;
#4370 = FACE_OUTER_BOUND ( 'NONE', #8136, .T. ) ;
#4371 = VERTEX_POINT ( 'NONE', #6843 ) ;
#4372 = LINE ( 'NONE', #7206, #1664 ) ;
#4373 = VECTOR ( 'NONE', #471, 1000.000000000000000 ) ;
#4374 = ORIENTED_EDGE ( 'NONE', *, *, #3603, .F. ) ;
#4375 = CARTESIAN_POINT ( 'NONE',  ( -2.324999999999999734, -4.750515463917520442, 0.4000000000000000222 ) ) ;
#4376 = CARTESIAN_POINT ( 'NONE',  ( 0.5000000000000000000, -2.050000000000000266, 0.5000000000000000000 ) ) ;
#4377 = AXIS2_PLACEMENT_3D ( 'NONE', #3413, #6864, #4791 ) ;
#4378 = CARTESIAN_POINT ( 'NONE',  ( -4.500000000000000000, 4.349484536082480091, 0.000000000000000000 ) ) ;
#4379 = DIRECTION ( 'NONE',  ( 0.000000000000000000, 0.000000000000000000, -1.000000000000000000 ) ) ;
#4380 = VECTOR ( 'NONE', #1091, 1000.000000000000000 ) ;
#4381 = ORIENTED_EDGE ( 'NONE', *, *, #5428, .T. ) ;
#4382 = DIRECTION ( 'NONE',  ( 0.000000000000000000, 1.000000000000000000, 0.000000000000000000 ) ) ;
#4383 = EDGE_CURVE ( 'NONE', #4003, #5644, #6199, .T. ) ;
#4384 = DIRECTION ( 'NONE',  ( 8.850629979473508477E-17, -1.000000000000000000, 0.000000000000000000 ) ) ;
#4385 = ORIENTED_EDGE ( 'NONE', *, *, #2329, .T. ) ;
#4386 = LINE ( 'NONE', #3753, #42 ) ;
#4387 = DIRECTION ( 'NONE',  ( -1.000000000000000000, 0.000000000000000000, 0.000000000000000000 ) ) ;
#4388 = APPLICATION_CONTEXT ( 'automotive_design' ) ;
#4389 = DIRECTION ( 'NONE',  ( 0.000000000000000000, 3.469446951953610245E-16, 1.000000000000000000 ) ) ;
#4390 = CARTESIAN_POINT ( 'NONE',  ( 0.000000000000000000, -6.700000000000000178, -1.350000000000000089 ) ) ;
#4391 = CARTESIAN_POINT ( 'NONE',  ( 1.479999999999999982, 21.69999999999999929, 0.8499999999999999778 ) ) ;
#4392 = ORIENTED_EDGE ( 'NONE', *, *, #6564, .F. ) ;
#4393 = FACE_OUTER_BOUND ( 'NONE', #7539, .T. ) ;
#4394 = CARTESIAN_POINT ( 'NONE',  ( -1.479999999999999982, 20.89999999999999858, 0.4999999999999998890 ) ) ;
#4395 = LINE ( 'NONE', #7230, #4420 ) ;
#4396 = ORIENTED_EDGE ( 'NONE', *, *, #8391, .F. ) ;
#4397 = VECTOR ( 'NONE', #1475, 1000.000000000000000 ) ;
#4398 = DIRECTION ( 'NONE',  ( 0.000000000000000000, 0.000000000000000000, 1.000000000000000000 ) ) ;
#4399 = ORIENTED_EDGE ( 'NONE', *, *, #3967, .T. ) ;
#4400 = DIRECTION ( 'NONE',  ( 1.000000000000000000, -8.850629979473508477E-17, 7.676697801288408886E-32 ) ) ;
#4401 = DIRECTION ( 'NONE',  ( 0.000000000000000000, 0.000000000000000000, -1.000000000000000000 ) ) ;
#4402 = DIRECTION ( 'NONE',  ( 1.606225440719269818E-16, 1.000000000000000000, -1.018148511238953935E-16 ) ) ;
#4403 = CARTESIAN_POINT ( 'NONE',  ( -4.400000000000000355, -4.200000000000000178, 0.1000000000000000056 ) ) ;
#4404 = CARTESIAN_POINT ( 'NONE',  ( 1.750000000000000000, -5.549999999999999822, 1.000000000000000000 ) ) ;
#4405 = ADVANCED_FACE ( 'NONE', ( #3481 ), #6290, .F. ) ;
#4406 = EDGE_LOOP ( 'NONE', ( #8075, #5853, #4636, #6263 ) ) ;
#4407 = SHAPE_REPRESENTATION ( 'PT01-D125D-A103(2)', ( #6659, #6074, #4151 ), #2542 ) ;
#4408 = VECTOR ( 'NONE', #4308, 1000.000000000000000 ) ;
#4409 = VERTEX_POINT ( 'NONE', #7029 ) ;
#4410 = ORIENTED_EDGE ( 'NONE', *, *, #3983, .F. ) ;
#4411 = ORIENTED_EDGE ( 'NONE', *, *, #2928, .T. ) ;
#4412 = CYLINDRICAL_SURFACE ( 'NONE', #3247, 0.2000000000000000944 ) ;
#4413 = AXIS2_PLACEMENT_3D ( 'NONE', #8620, #5111, #5156 ) ;
#4414 = CARTESIAN_POINT ( 'NONE',  ( 4.500000000000000000, -2.550515463917519821, -5.799999999999999822 ) ) ;
#4415 = PLANE ( 'NONE',  #5224 ) ;
#4416 = VECTOR ( 'NONE', #2495, 1000.000000000000000 ) ;
#4417 = EDGE_LOOP ( 'NONE', ( #1797, #2499, #4443, #8116 ) ) ;
#4418 = DIRECTION ( 'NONE',  ( 0.000000000000000000, 0.000000000000000000, 1.000000000000000000 ) ) ;
#4419 = VERTEX_POINT ( 'NONE', #6933 ) ;
#4420 = VECTOR ( 'NONE', #777, 1000.000000000000000 ) ;
#4421 = DIRECTION ( 'NONE',  ( -2.551063935260009998E-16, 1.000000000000000000, 0.000000000000000000 ) ) ;
#4422 = CIRCLE ( 'NONE', #5458, 3.500000000000000000 ) ;
#4423 = ADVANCED_FACE ( 'NONE', ( #3520 ), #718, .T. ) ;
#4424 = CONICAL_SURFACE ( 'NONE', #2957, 0.5999999999999999778, 0.7853981633974485010 ) ;
#4425 = ORIENTED_EDGE ( 'NONE', *, *, #6267, .F. ) ;
#4426 = DIRECTION ( 'NONE',  ( 1.000000000000000000, 0.000000000000000000, 0.000000000000000000 ) ) ;
#4427 = EDGE_CURVE ( 'NONE', #5661, #366, #6196, .T. ) ;
#4428 = VECTOR ( 'NONE', #1410, 1000.000000000000000 ) ;
#4429 = DIRECTION ( 'NONE',  ( 0.000000000000000000, 0.000000000000000000, -1.000000000000000000 ) ) ;
#4430 = DIRECTION ( 'NONE',  ( -1.000000000000000000, 0.000000000000000000, 0.000000000000000000 ) ) ;
#4431 = CARTESIAN_POINT ( 'NONE',  ( -3.000000000000000000, 3.649484536082480357, -1.600000000000000089 ) ) ;
#4432 = ORIENTED_EDGE ( 'NONE', *, *, #1054, .T. ) ;
#4433 = PLANE ( 'NONE',  #460 ) ;
#4434 = DIRECTION ( 'NONE',  ( 0.000000000000000000, 0.000000000000000000, 1.000000000000000000 ) ) ;
#4435 = VERTEX_POINT ( 'NONE', #27 ) ;
#4436 = ADVANCED_FACE ( 'NONE', ( #1956 ), #542, .T. ) ;
#4437 = DIRECTION ( 'NONE',  ( 0.000000000000000000, 1.000000000000000000, 0.000000000000000000 ) ) ;
#4438 = EDGE_CURVE ( 'NONE', #8071, #1975, #2264, .T. ) ;
#4439 = FACE_OUTER_BOUND ( 'NONE', #7242, .T. ) ;
#4440 = CARTESIAN_POINT ( 'NONE',  ( 0.000000000000000000, -0.5505154639175210418, 0.4000000000000000222 ) ) ;
#4441 = DIRECTION ( 'NONE',  ( 1.931541112668180039E-15, 0.000000000000000000, -1.000000000000000000 ) ) ;
#4442 = DIRECTION ( 'NONE',  ( 0.000000000000000000, 0.000000000000000000, -1.000000000000000000 ) ) ;
#4443 = ORIENTED_EDGE ( 'NONE', *, *, #8849, .F. ) ;
#4444 = DIRECTION ( 'NONE',  ( -0.000000000000000000, 1.000000000000000000, -0.000000000000000000 ) ) ;
#4445 = FACE_OUTER_BOUND ( 'NONE', #8368, .T. ) ;
#4446 = AXIS2_PLACEMENT_3D ( 'NONE', #7755, #2222, #7013 ) ;
#4447 = LINE ( 'NONE', #2470, #4866 ) ;
#4448 = ADVANCED_FACE ( 'NONE', ( #3436 ), #4860, .T. ) ;
#4449 = DIRECTION ( 'NONE',  ( 1.000000000000000000, 0.000000000000000000, 0.000000000000000000 ) ) ;
#4450 = ORIENTED_EDGE ( 'NONE', *, *, #3661, .T. ) ;
#4451 = AXIS2_PLACEMENT_3D ( 'NONE', #4644, #4224, #2020 ) ;
#4452 = CARTESIAN_POINT ( 'NONE',  ( 3.600000000000000089, 5.950000000000000178, 5.000000000000000000 ) ) ;
#4453 = DIRECTION ( 'NONE',  ( 1.000000000000000000, 0.000000000000000000, 0.000000000000000000 ) ) ;
#4454 = CARTESIAN_POINT ( 'NONE',  ( 4.400000000000000355, -5.549999999999999822, 1.300000000000000044 ) ) ;
#4455 = LINE ( 'NONE', #4545, #3978 ) ;
#4456 = EDGE_CURVE ( 'NONE', #7368, #507, #9017, .T. ) ;
#4457 = VERTEX_POINT ( 'NONE', #4164 ) ;
#4458 = AXIS2_PLACEMENT_3D ( 'NONE', #779, #5152, #2291 ) ;
#4459 = VECTOR ( 'NONE', #7017, 1000.000000000000000 ) ;
#4460 = EDGE_LOOP ( 'NONE', ( #6466, #5388 ) ) ;
#4461 = PRODUCT_DEFINITION_FORMATION_WITH_SPECIFIED_SOURCE ( 'ANY', '', #14, .NOT_KNOWN. ) ;
#4462 = ADVANCED_BREP_SHAPE_REPRESENTATION ( '', ( #1895, #7110 ), #1511 ) ;
#4463 = ORIENTED_EDGE ( 'NONE', *, *, #4079, .T. ) ;
#4464 = EDGE_CURVE ( 'NONE', #6171, #660, #5600, .T. ) ;
#4465 = VERTEX_POINT ( 'NONE', #8420 ) ;
#4466 = CARTESIAN_POINT ( 'NONE',  ( 3.399999999999999911, 0.9499999999999999556, 0.5000000000000000000 ) ) ;
#4467 = FACE_BOUND ( 'NONE', #1389, .T. ) ;
#4468 = AXIS2_PLACEMENT_3D ( 'NONE', #1325, #8570, #4178 ) ;
#4469 = CIRCLE ( 'NONE', #4910, 0.6750000000000002665 ) ;
#4470 = VECTOR ( 'NONE', #5010, 1000.000000000000000 ) ;
#4471 = ORIENTED_EDGE ( 'NONE', *, *, #2221, .T. ) ;
#4472 = PLANE ( 'NONE',  #3523 ) ;
#4473 = VERTEX_POINT ( 'NONE', #1409 ) ;
#4474 = FACE_OUTER_BOUND ( 'NONE', #2571, .T. ) ;
#4475 = ORIENTED_EDGE ( 'NONE', *, *, #4732, .T. ) ;
#4476 = AXIS2_PLACEMENT_3D ( 'NONE', #6233, #4849, #6972 ) ;
#4477 = MECHANICAL_DESIGN_GEOMETRIC_PRESENTATION_REPRESENTATION (  '', ( #4766 ), #3153 ) ;
#4478 = ORIENTED_EDGE ( 'NONE', *, *, #2918, .F. ) ;
#4479 = CARTESIAN_POINT ( 'NONE',  ( 4.466912950640279530E-14, 0.4500000000000499711, 0.5000000000000000000 ) ) ;
#4480 = DIRECTION ( 'NONE',  ( 0.000000000000000000, 0.000000000000000000, 1.000000000000000000 ) ) ;
#4481 = EDGE_CURVE ( 'NONE', #3718, #4099, #2648, .T. ) ;
#4482 = DIRECTION ( 'NONE',  ( 0.000000000000000000, 0.000000000000000000, -1.000000000000000000 ) ) ;
#4483 = ORIENTED_EDGE ( 'NONE', *, *, #6800, .T. ) ;
#4484 = DIRECTION ( 'NONE',  ( 0.000000000000000000, 1.000000000000000000, 0.000000000000000000 ) ) ;
#4485 = VECTOR ( 'NONE', #5056, 1000.000000000000000 ) ;
#4486 = CARTESIAN_POINT ( 'NONE',  ( 2.500000000000000000, -6.700000000000000178, -1.350000000000000089 ) ) ;
#4487 = ORIENTED_EDGE ( 'NONE', *, *, #6623, .T. ) ;
#4488 = FACE_OUTER_BOUND ( 'NONE', #1966, .T. ) ;
#4489 = DIRECTION ( 'NONE',  ( 0.000000000000000000, -1.000000000000000000, 0.000000000000000000 ) ) ;
#4490 = ADVANCED_FACE ( 'NONE', ( #5464 ), #1271, .F. ) ;
#4491 = DIRECTION ( 'NONE',  ( -0.000000000000000000, 1.000000000000000000, 0.000000000000000000 ) ) ;
#4492 = DIRECTION ( 'NONE',  ( 8.850629979473508477E-17, 1.000000000000000000, 0.000000000000000000 ) ) ;
#4493 = DIRECTION ( 'NONE',  ( -1.000000000000000000, 0.000000000000000000, 0.000000000000000000 ) ) ;
#4494 = ORIENTED_EDGE ( 'NONE', *, *, #5095, .F. ) ;
#4495 = LINE ( 'NONE', #7869, #1036 ) ;
#4496 = DIRECTION ( 'NONE',  ( 0.000000000000000000, -2.168404344971010101E-16, -1.000000000000000000 ) ) ;
#4497 = EDGE_CURVE ( 'NONE', #6303, #1253, #5648, .T. ) ;
#4498 = CARTESIAN_POINT ( 'NONE',  ( 0.000000000000000000, -0.5505154639175199316, 1.399999999999999911 ) ) ;
#4499 = LINE ( 'NONE', #8567, #4530 ) ;
#4500 = LINE ( 'NONE', #1730, #3500 ) ;
#4501 = ORIENTED_EDGE ( 'NONE', *, *, #3136, .T. ) ;
#4502 = LINE ( 'NONE', #5759, #443 ) ;
#4503 = AXIS2_PLACEMENT_3D ( 'NONE', #7321, #998, #3708 ) ;
#4504 = CARTESIAN_POINT ( 'NONE',  ( 4.500000000000000000, -3.050515463917519821, -5.899999999999999467 ) ) ;
#4505 = VERTEX_POINT ( 'NONE', #4958 ) ;
#4506 = EDGE_CURVE ( 'NONE', #6438, #5081, #5790, .T. ) ;
#4507 = ORIENTED_EDGE ( 'NONE', *, *, #8700, .T. ) ;
#4508 = EDGE_LOOP ( 'NONE', ( #5230, #1939, #1915, #6666 ) ) ;
#4509 = ORIENTED_EDGE ( 'NONE', *, *, #3517, .T. ) ;
#4510 = DIRECTION ( 'NONE',  ( 0.000000000000000000, 0.000000000000000000, 1.000000000000000000 ) ) ;
#4511 = FACE_OUTER_BOUND ( 'NONE', #1057, .T. ) ;
#4512 = PLANE ( 'NONE',  #2864 ) ;
#4513 = ORIENTED_EDGE ( 'NONE', *, *, #1098, .T. ) ;
#4514 = EDGE_LOOP ( 'NONE', ( #7646, #8671, #8330, #6360, #1833 ) ) ;
#4515 = CARTESIAN_POINT ( 'NONE',  ( 4.500000000000000000, -1.550515463917520043, -5.799999999999999822 ) ) ;
#4516 = AXIS2_PLACEMENT_3D ( 'NONE', #5732, #8543, #2963 ) ;
#4517 = ADVANCED_FACE ( 'NONE', ( #7176 ), #2325, .T. ) ;
#4518 = ORIENTED_EDGE ( 'NONE', *, *, #5736, .T. ) ;
#4519 = CARTESIAN_POINT ( 'NONE',  ( 1.899999999999999911, -2.700000000000000178, 0.000000000000000000 ) ) ;
#4520 = EDGE_CURVE ( 'NONE', #8253, #1974, #3660, .T. ) ;
#4521 = CARTESIAN_POINT ( 'NONE',  ( 3.649999999999999911, 4.649999999999999467, 5.599999999999999645 ) ) ;
#4522 = VERTEX_POINT ( 'NONE', #5055 ) ;
#4523 = AXIS2_PLACEMENT_3D ( 'NONE', #1753, #8638, #381 ) ;
#4524 = CARTESIAN_POINT ( 'NONE',  ( -5.011844097109289464, -1.550515463917521153, -9.823847585124243054 ) ) ;
#4525 = EDGE_CURVE ( 'NONE', #6981, #2519, #4292, .T. ) ;
#4526 = EDGE_LOOP ( 'NONE', ( #5734, #5593 ) ) ;
#4527 = EDGE_CURVE ( 'NONE', #8636, #3859, #2558, .T. ) ;
#4528 = CIRCLE ( 'NONE', #6449, 1.200000000000011724 ) ;
#4529 = CARTESIAN_POINT ( 'NONE',  ( 0.4500000000000000111, -3.625230054855794748, 2.100000000000000089 ) ) ;
#4530 = VECTOR ( 'NONE', #1005, 1000.000000000000000 ) ;
#4531 = CARTESIAN_POINT ( 'NONE',  ( 0.000000000000000000, 22.99999999999999645, 0.000000000000000000 ) ) ;
#4532 = CARTESIAN_POINT ( 'NONE',  ( 1.000000000000000000, 3.804101966249689770, 1.800000000000000044 ) ) ;
#4533 = CARTESIAN_POINT ( 'NONE',  ( -4.500000000000000000, 4.849484536082480091, -8.673617379884040205E-15 ) ) ;
#4534 = FACE_OUTER_BOUND ( 'NONE', #5085, .T. ) ;
#4535 = ORIENTED_EDGE ( 'NONE', *, *, #1539, .F. ) ;
#4536 = LINE ( 'NONE', #303, #6919 ) ;
#4537 = DIRECTION ( 'NONE',  ( -2.551063935260009998E-16, 1.000000000000000000, 0.000000000000000000 ) ) ;
#4538 = EDGE_CURVE ( 'NONE', #3993, #6086, #954, .T. ) ;
#4539 = DIRECTION ( 'NONE',  ( 0.000000000000000000, 0.000000000000000000, 1.000000000000000000 ) ) ;
#4540 = DIRECTION ( 'NONE',  ( 0.000000000000000000, -1.000000000000000000, 0.000000000000000000 ) ) ;
#4541 = EDGE_CURVE ( 'NONE', #3304, #4371, #2974, .T. ) ;
#4542 = DIRECTION ( 'NONE',  ( 8.850629979473508477E-17, 1.000000000000000000, 0.000000000000000000 ) ) ;
#4543 = ORIENTED_EDGE ( 'NONE', *, *, #1803, .T. ) ;
#4544 = DIRECTION ( 'NONE',  ( -1.000000000000000000, 2.491288438666615119E-16, -1.931541112668180039E-15 ) ) ;
#4545 = CARTESIAN_POINT ( 'NONE',  ( -4.500000000000000000, -5.150515463917519909, -6.799999999999999822 ) ) ;
#4546 = EDGE_LOOP ( 'NONE', ( #1740, #3963, #2869, #5491 ) ) ;
#4547 = CONTEXT_DEPENDENT_SHAPE_REPRESENTATION ( #6748, #6342 ) ;
#4548 = EDGE_LOOP ( 'NONE', ( #8670, #5008 ) ) ;
#4549 = EDGE_CURVE ( 'NONE', #8040, #2161, #1085, .T. ) ;
#4550 = ORIENTED_EDGE ( 'NONE', *, *, #7762, .T. ) ;
#4551 = ORIENTED_EDGE ( 'NONE', *, *, #6242, .T. ) ;
#4552 = DIRECTION ( 'NONE',  ( 0.000000000000000000, 0.000000000000000000, -1.000000000000000000 ) ) ;
#4553 = EDGE_CURVE ( 'NONE', #7659, #2519, #5943, .T. ) ;
#4554 = DIRECTION ( 'NONE',  ( 0.000000000000000000, 0.000000000000000000, -1.000000000000000000 ) ) ;
#4555 = CARTESIAN_POINT ( 'NONE',  ( 4.500000000000000000, 1.449484536082480179, -6.400000000000000355 ) ) ;
#4556 = VECTOR ( 'NONE', #7239, 1000.000000000000000 ) ;
#4557 = EDGE_LOOP ( 'NONE', ( #7516, #2259, #5418, #8761 ) ) ;
#4558 = ORIENTED_EDGE ( 'NONE', *, *, #5150, .T. ) ;
#4559 = ORIENTED_EDGE ( 'NONE', *, *, #4064, .T. ) ;
#4560 = DIRECTION ( 'NONE',  ( 1.931541112668180039E-15, 0.000000000000000000, -1.000000000000000000 ) ) ;
#4561 = VECTOR ( 'NONE', #3897, 1000.000000000000000 ) ;
#4562 = DIRECTION ( 'NONE',  ( -0.7547095802227767880, 1.880199251759938178E-16, 0.6560590289905018357 ) ) ;
#4563 = ORIENTED_EDGE ( 'NONE', *, *, #6965, .T. ) ;
#4564 = CARTESIAN_POINT ( 'NONE',  ( -0.4500000000000000111, 0.4500000000000589639, 2.100000000000000089 ) ) ;
#4565 = CARTESIAN_POINT ( 'NONE',  ( -4.500000000000000000, 1.449484536082480179, -5.899999999999999467 ) ) ;
#4566 = EDGE_LOOP ( 'NONE', ( #4551, #2672, #8529, #3778 ) ) ;
#4567 = CARTESIAN_POINT ( 'NONE',  ( 0.8032336497292300592, 20.89999999999999858, -0.8947000102205828753 ) ) ;
#4568 = ORIENTED_EDGE ( 'NONE', *, *, #8193, .T. ) ;
#4569 = AXIS2_PLACEMENT_3D ( 'NONE', #5094, #2836, #813 ) ;
#4570 = CIRCLE ( 'NONE', #2371, 0.6500000000000000222 ) ;
#4571 = ORIENTED_EDGE ( 'NONE', *, *, #8669, .F. ) ;
#4572 = DIRECTION ( 'NONE',  ( 0.000000000000000000, 1.000000000000000000, 0.000000000000000000 ) ) ;
#4573 = EDGE_CURVE ( 'NONE', #8608, #6319, #3022, .T. ) ;
#4574 = LINE ( 'NONE', #7403, #119 ) ;
#4575 = CARTESIAN_POINT ( 'NONE',  ( 1.899999999999999911, -2.700000000000000178, 0.1000000000000000056 ) ) ;
#4576 = CARTESIAN_POINT ( 'NONE',  ( 4.500000000000000000, 1.449484536082480179, -5.899999999999999467 ) ) ;
#4577 = CARTESIAN_POINT ( 'NONE',  ( -3.000000000000000000, -4.750515463917520442, -1.600000000000000089 ) ) ;
#4578 = EDGE_LOOP ( 'NONE', ( #1649, #59, #4994, #6115, #7122 ) ) ;
#4579 = DIRECTION ( 'NONE',  ( 1.000000000000000000, 0.000000000000000000, 0.000000000000000000 ) ) ;
#4580 = DIRECTION ( 'NONE',  ( 0.000000000000000000, 0.000000000000000000, -1.000000000000000000 ) ) ;
#4581 = AXIS2_PLACEMENT_3D ( 'NONE', #9107, #543, #4721 ) ;
#4582 = DIRECTION ( 'NONE',  ( -0.6560590289905040562, 0.000000000000000000, 0.7547095802227749006 ) ) ;
#4583 = PRESENTATION_LAYER_ASSIGNMENT (  '', '', ( #7399 ) ) ;
#4584 = CARTESIAN_POINT ( 'NONE',  ( 4.500000000000000000, -5.150515463917519909, -4.899999999999999467 ) ) ;
#4585 = ORIENTED_EDGE ( 'NONE', *, *, #2529, .F. ) ;
#4586 = CARTESIAN_POINT ( 'NONE',  ( -3.399999999999999911, 0.000000000000000000, 0.000000000000000000 ) ) ;
#4587 = EDGE_CURVE ( 'NONE', #4009, #1756, #2283, .T. ) ;
#4588 = DIRECTION ( 'NONE',  ( 1.000000000000000000, 8.850629979473508477E-17, 0.000000000000000000 ) ) ;
#4589 = AXIS2_PLACEMENT_3D ( 'NONE', #3148, #5922, #1583 ) ;
#4590 = ORIENTED_EDGE ( 'NONE', *, *, #5629, .T. ) ;
#4591 = ORIENTED_EDGE ( 'NONE', *, *, #1121, .T. ) ;
#4592 = EDGE_CURVE ( 'NONE', #5147, #7987, #6383, .T. ) ;
#4593 = VECTOR ( 'NONE', #7896, 1000.000000000000000 ) ;
#4594 = ORIENTED_EDGE ( 'NONE', *, *, #497, .T. ) ;
#4595 = ORIENTED_EDGE ( 'NONE', *, *, #3598, .F. ) ;
#4596 = FACE_OUTER_BOUND ( 'NONE', #2117, .T. ) ;
#4597 = LINE ( 'NONE', #1743, #6614 ) ;
#4598 = LINE ( 'NONE', #6120, #4613 ) ;
#4599 = EDGE_CURVE ( 'NONE', #7080, #2437, #2887, .T. ) ;
#4600 = ORIENTED_EDGE ( 'NONE', *, *, #7211, .T. ) ;
#4601 = ORIENTED_EDGE ( 'NONE', *, *, #3861, .T. ) ;
#4602 = EDGE_LOOP ( 'NONE', ( #4185, #291, #1074, #3737 ) ) ;
#4603 = EDGE_CURVE ( 'NONE', #4371, #6592, #857, .T. ) ;
#4604 = DIRECTION ( 'NONE',  ( 0.000000000000000000, 0.000000000000000000, 1.000000000000000000 ) ) ;
#4605 = CIRCLE ( 'NONE', #6528, 0.3500000000000001443 ) ;
#4606 = ORIENTED_EDGE ( 'NONE', *, *, #5983, .T. ) ;
#4607 = AXIS2_PLACEMENT_3D ( 'NONE', #7729, #9106, #7682 ) ;
#4608 = DIRECTION ( 'NONE',  ( -1.000000000000000000, 0.000000000000000000, 0.000000000000000000 ) ) ;
#4609 = CARTESIAN_POINT ( 'NONE',  ( 1.479999999999999982, 21.69999999999999929, 0.8499999999999999778 ) ) ;
#4610 = ORIENTED_EDGE ( 'NONE', *, *, #681, .F. ) ;
#4611 = CARTESIAN_POINT ( 'NONE',  ( -4.500000000000000000, -3.540251991789405240E-17, 0.000000000000000000 ) ) ;
#4612 = ORIENTED_EDGE ( 'NONE', *, *, #7514, .F. ) ;
#4613 = VECTOR ( 'NONE', #8935, 1000.000000000000000 ) ;
#4614 = ADVANCED_FACE ( 'NONE', ( #1585 ), #1632, .F. ) ;
#4615 = ORIENTED_EDGE ( 'NONE', *, *, #7762, .F. ) ;
#4616 = CARTESIAN_POINT ( 'NONE',  ( -0.7967663502707699186, 21.69999999999999929, -1.604700010220585060 ) ) ;
#4617 = ADVANCED_FACE ( 'NONE', ( #7221 ), #7814, .F. ) ;
#4618 = CARTESIAN_POINT ( 'NONE',  ( 1.479999999999999982, 21.50000000000000000, 0.8499999999999999778 ) ) ;
#4619 = CIRCLE ( 'NONE', #3885, 0.4000000000000001887 ) ;
#4620 = CARTESIAN_POINT ( 'NONE',  ( -0.2999999999999943268, 21.69999999999999929, 1.500000000000000000 ) ) ;
#4621 = CARTESIAN_POINT ( 'NONE',  ( 4.500000000000000000, 2.449484536082480179, -5.899999999999999467 ) ) ;
#4622 = CARTESIAN_POINT ( 'NONE',  ( 1.899999999999999911, 3.600000000000000089, 0.000000000000000000 ) ) ;
#4623 = DIRECTION ( 'NONE',  ( 0.000000000000000000, -2.168404344971010101E-16, -1.000000000000000000 ) ) ;
#4624 = DIRECTION ( 'NONE',  ( -1.794207403895424777E-16, 1.000000000000000000, 0.000000000000000000 ) ) ;
#4625 = CARTESIAN_POINT ( 'NONE',  ( 4.500000000000000000, -1.550515463917520043, -7.550000000000000711 ) ) ;
#4626 = EDGE_CURVE ( 'NONE', #1822, #2156, #908, .T. ) ;
#4627 = ADVANCED_FACE ( 'NONE', ( #2236 ), #5354, .T. ) ;
#4628 = CARTESIAN_POINT ( 'NONE',  ( 2.899999999999999911, -6.400000000000000355, 0.000000000000000000 ) ) ;
#4629 = CYLINDRICAL_SURFACE ( 'NONE', #6595, 0.8000000000000003775 ) ;
#4630 = ORIENTED_EDGE ( 'NONE', *, *, #3983, .T. ) ;
#4631 = CARTESIAN_POINT ( 'NONE',  ( 0.000000000000000000, -6.500000000000002665, 0.000000000000000000 ) ) ;
#4632 = CARTESIAN_POINT ( 'NONE',  ( 0.000000000000000000, 21.69999999999999929, 0.000000000000000000 ) ) ;
#4633 = EDGE_CURVE ( 'NONE', #6044, #8904, #9033, .T. ) ;
#4634 = ORIENTED_EDGE ( 'NONE', *, *, #2242, .F. ) ;
#4635 = EDGE_CURVE ( 'NONE', #3326, #6303, #1762, .T. ) ;
#4636 = ORIENTED_EDGE ( 'NONE', *, *, #6744, .T. ) ;
#4637 = ORIENTED_EDGE ( 'NONE', *, *, #5959, .T. ) ;
#4638 = CARTESIAN_POINT ( 'NONE',  ( -0.7500000000000000000, -5.549999999999999822, 1.000000000000000000 ) ) ;
#4639 = AXIS2_PLACEMENT_3D ( 'NONE', #4391, #6432, #1687 ) ;
#4640 = CARTESIAN_POINT ( 'NONE',  ( -4.500000000000000000, 0.4494845360824790137, -5.799999999999999822 ) ) ;
#4641 = CARTESIAN_POINT ( 'NONE',  ( 4.500000000000000000, -5.450515463917520620, 0.000000000000000000 ) ) ;
#4642 = FACE_OUTER_BOUND ( 'NONE', #7747, .T. ) ;
#4643 = ORIENTED_EDGE ( 'NONE', *, *, #5383, .T. ) ;
#4644 = CARTESIAN_POINT ( 'NONE',  ( 0.000000000000000000, 0.000000000000000000, 0.000000000000000000 ) ) ;
#4645 = EDGE_LOOP ( 'NONE', ( #1493, #8205, #342, #6363 ) ) ;
#4646 = VECTOR ( 'NONE', #666, 1000.000000000000000 ) ;
#4647 = EDGE_CURVE ( 'NONE', #3013, #3739, #2375, .T. ) ;
#4648 =( NAMED_UNIT ( * ) PLANE_ANGLE_UNIT ( ) SI_UNIT ( $, .RADIAN. ) );
#4649 = EDGE_LOOP ( 'NONE', ( #6980, #7009, #3344, #1160 ) ) ;
#4650 = CARTESIAN_POINT ( 'NONE',  ( -1.249999999999996669, 18.50000000000000000, 3.152565349772895154 ) ) ;
#4651 = CARTESIAN_POINT ( 'NONE',  ( 0.7500000000000000000, -5.549999999999999822, -1.350000000000000089 ) ) ;
#4652 = EDGE_CURVE ( 'NONE', #7337, #4822, #3968, .T. ) ;
#4653 = ORIENTED_EDGE ( 'NONE', *, *, #1446, .F. ) ;
#4654 = FACE_OUTER_BOUND ( 'NONE', #1718, .T. ) ;
#4655 = ORIENTED_EDGE ( 'NONE', *, *, #224, .T. ) ;
#4656 = CIRCLE ( 'NONE', #4964, 0.6750000000000002665 ) ;
#4657 = ADVANCED_FACE ( 'NONE', ( #5322 ), #3067, .F. ) ;
#4658 = ORIENTED_EDGE ( 'NONE', *, *, #8730, .F. ) ;
#4659 = DIRECTION ( 'NONE',  ( -1.000000000000000000, 0.000000000000000000, -0.000000000000000000 ) ) ;
#4660 = DIRECTION ( 'NONE',  ( 0.000000000000000000, -3.469446951953615175E-16, -1.000000000000000000 ) ) ;
#4661 = VECTOR ( 'NONE', #6598, 1000.000000000000000 ) ;
#4662 = FACE_OUTER_BOUND ( 'NONE', #7941, .T. ) ;
#4663 = EDGE_CURVE ( 'NONE', #1615, #5985, #3192, .T. ) ;
#4664 = CARTESIAN_POINT ( 'NONE',  ( 4.899999999999999467, -3.950515463917519732, -4.899999999999999467 ) ) ;
#4665 = PLANE ( 'NONE',  #2300 ) ;
#4666 = ORIENTED_EDGE ( 'NONE', *, *, #4143, .F. ) ;
#4667 = CARTESIAN_POINT ( 'NONE',  ( 0.000000000000000000, -6.700000000000000178, -1.350000000000000089 ) ) ;
#4668 = LINE ( 'NONE', #4854, #1685 ) ;
#4669 = VECTOR ( 'NONE', #5311, 1000.000000000000000 ) ;
#4670 = VECTOR ( 'NONE', #6064, 1000.000000000000000 ) ;
#4671 = CARTESIAN_POINT ( 'NONE',  ( 3.600000000000000089, 5.150000000000000355, 0.000000000000000000 ) ) ;
#4672 = DIRECTION ( 'NONE',  ( 0.9999994735200916640, 0.000000000000000000, -0.001026138167772849656 ) ) ;
#4673 = CARTESIAN_POINT ( 'NONE',  ( 2.100000000000000089, -6.700000000000000178, -1.350000000000000089 ) ) ;
#4674 = ORIENTED_EDGE ( 'NONE', *, *, #398, .T. ) ;
#4675 = DIRECTION ( 'NONE',  ( 0.000000000000000000, 0.000000000000000000, -1.000000000000000000 ) ) ;
#4676 = LINE ( 'NONE', #3342, #6979 ) ;
#4677 = VERTEX_POINT ( 'NONE', #4620 ) ;
#4678 = EDGE_LOOP ( 'NONE', ( #2912, #3429, #2750, #2897 ) ) ;
#4679 = VERTEX_POINT ( 'NONE', #6606 ) ;
#4680 = CARTESIAN_POINT ( 'NONE',  ( 1.750000000000000000, -6.700000000000000178, 1.100000000000000089 ) ) ;
#4681 = EDGE_CURVE ( 'NONE', #1536, #4223, #1166, .T. ) ;
#4682 = FACE_BOUND ( 'NONE', #9083, .T. ) ;
#4683 = FACE_OUTER_BOUND ( 'NONE', #2073, .T. ) ;
#4684 = PLANE ( 'NONE',  #8551 ) ;
#4685 = ORIENTED_EDGE ( 'NONE', *, *, #141, .F. ) ;
#4686 = ORIENTED_EDGE ( 'NONE', *, *, #4520, .T. ) ;
#4687 = DIRECTION ( 'NONE',  ( 1.000000000000000000, 0.000000000000000000, 0.000000000000000000 ) ) ;
#4688 = EDGE_LOOP ( 'NONE', ( #1506, #9101, #4051, #8241 ) ) ;
#4689 = DIRECTION ( 'NONE',  ( 0.000000000000000000, 1.000000000000000000, 0.000000000000000000 ) ) ;
#4690 = EDGE_CURVE ( 'NONE', #992, #999, #3886, .T. ) ;
#4691 = ORIENTED_EDGE ( 'NONE', *, *, #7573, .T. ) ;
#4692 = CARTESIAN_POINT ( 'NONE',  ( 4.899999999999999467, 4.349484536082480091, -5.799999999999999822 ) ) ;
#4693 = CARTESIAN_POINT ( 'NONE',  ( 5.598656062889760143, 0.4494845360824785141, -8.565425263470260120 ) ) ;
#4694 = CARTESIAN_POINT ( 'NONE',  ( 0.5000000000000000000, 21.69999999999999929, 1.500000000000000000 ) ) ;
#4695 = VERTEX_POINT ( 'NONE', #1126 ) ;
#4696 = EDGE_CURVE ( 'NONE', #547, #8449, #2502, .T. ) ;
#4697 = DIRECTION ( 'NONE',  ( 1.000000000000000000, 0.000000000000000000, 0.000000000000000000 ) ) ;
#4698 = VERTEX_POINT ( 'NONE', #3232 ) ;
#4699 = AXIS2_PLACEMENT_3D ( 'NONE', #4228, #4187, #7107 ) ;
#4700 = EDGE_CURVE ( 'NONE', #7339, #6803, #1721, .T. ) ;
#4701 = VERTEX_POINT ( 'NONE', #2463 ) ;
#4702 = DIRECTION ( 'NONE',  ( 0.000000000000000000, 0.000000000000000000, -1.000000000000000000 ) ) ;
#4703 = LINE ( 'NONE', #2687, #7192 ) ;
#4704 = AXIS2_PLACEMENT_3D ( 'NONE', #7654, #6812, #8202 ) ;
#4705 = CARTESIAN_POINT ( 'NONE',  ( 0.000000000000000000, 22.99999999999999645, -0.5999999999999999778 ) ) ;
#4706 = VECTOR ( 'NONE', #6021, 1000.000000000000000 ) ;
#4707 = CARTESIAN_POINT ( 'NONE',  ( 0.6700000000000000400, 21.69999999999999929, -0.5999999999999999778 ) ) ;
#4708 = CYLINDRICAL_SURFACE ( 'NONE', #8050, 0.6750000000000002665 ) ;
#4709 = LINE ( 'NONE', #2741, #8553 ) ;
#4710 = EDGE_CURVE ( 'NONE', #3742, #4203, #8694, .T. ) ;
#4711 = PLANE ( 'NONE',  #514 ) ;
#4712 = AXIS2_PLACEMENT_3D ( 'NONE', #6926, #670, #2182 ) ;
#4713 = AXIS2_PLACEMENT_3D ( 'NONE', #8602, #5001, #3566 ) ;
#4714 = VECTOR ( 'NONE', #8927, 1000.000000000000000 ) ;
#4715 = EDGE_CURVE ( 'NONE', #1253, #6303, #8887, .T. ) ;
#4716 = VECTOR ( 'NONE', #6375, 1000.000000000000000 ) ;
#4717 = DIRECTION ( 'NONE',  ( -1.931541112668180039E-15, 0.000000000000000000, 1.000000000000000000 ) ) ;
#4718 = CARTESIAN_POINT ( 'NONE',  ( 4.400000000000000355, 5.100000000000000533, 0.000000000000000000 ) ) ;
#4719 = CARTESIAN_POINT ( 'NONE',  ( -1.565936075841835029, 18.89999999999999858, -3.517150011924015107 ) ) ;
#4720 = PLANE ( 'NONE',  #6639 ) ;
#4721 = DIRECTION ( 'NONE',  ( -1.000000000000000000, 0.000000000000000000, -0.000000000000000000 ) ) ;
#4722 = VECTOR ( 'NONE', #2865, 1000.000000000000000 ) ;
#4723 = EDGE_LOOP ( 'NONE', ( #2106, #6159, #5114, #7753, #6143, #7303, #4968, #5823 ) ) ;
#4724 = CARTESIAN_POINT ( 'NONE',  ( 4.400000000000000355, -5.950000000000000178, 5.000000000000000000 ) ) ;
#4725 = DIRECTION ( 'NONE',  ( -0.9063077870366452737, 2.257874111717925659E-16, -0.4226182617407095998 ) ) ;
#4726 = EDGE_LOOP ( 'NONE', ( #6664, #3544, #1046, #5894, #7330, #2400, #4159 ) ) ;
#4727 = EDGE_CURVE ( 'NONE', #8252, #4003, #5366, .T. ) ;
#4728 = AXIS2_PLACEMENT_3D ( 'NONE', #6946, #4130, #2713 ) ;
#4729 = ORIENTED_EDGE ( 'NONE', *, *, #1950, .T. ) ;
#4730 = VERTEX_POINT ( 'NONE', #7404 ) ;
#4731 = CARTESIAN_POINT ( 'NONE',  ( -4.500000000000000000, 1.949484536082480179, -5.899999999999999467 ) ) ;
#4732 = EDGE_CURVE ( 'NONE', #8449, #3506, #3107, .T. ) ;
#4733 = CARTESIAN_POINT ( 'NONE',  ( 1.369999999999999440, 18.50000000000000000, 3.349876971653937829 ) ) ;
#4734 = CARTESIAN_POINT ( 'NONE',  ( -3.000000000000000000, 4.649999999999999467, 5.599999999999999645 ) ) ;
#4735 = DIRECTION ( 'NONE',  ( 1.000000000000000000, 8.850629979473508477E-17, 0.000000000000000000 ) ) ;
#4736 = EDGE_LOOP ( 'NONE', ( #2142, #7297, #5574, #6957 ) ) ;
#4737 = VERTEX_POINT ( 'NONE', #8871 ) ;
#4738 = DIRECTION ( 'NONE',  ( 0.000000000000000000, 0.000000000000000000, 1.000000000000000000 ) ) ;
#4739 = AXIS2_PLACEMENT_3D ( 'NONE', #331, #8808, #4421 ) ;
#4740 = EDGE_CURVE ( 'NONE', #7019, #611, #4469, .T. ) ;
#4741 = EDGE_LOOP ( 'NONE', ( #7933, #1394, #4184, #4789, #3864, #5472, #5534 ) ) ;
#4742 = VERTEX_POINT ( 'NONE', #5238 ) ;
#4743 = DIRECTION ( 'NONE',  ( 8.850629979473508477E-17, -1.000000000000000000, 0.000000000000000000 ) ) ;
#4744 = CARTESIAN_POINT ( 'NONE',  ( -4.500000000000000000, -5.950515463917519732, -2.168404344971010051E-15 ) ) ;
#4745 = CARTESIAN_POINT ( 'NONE',  ( -4.500000000000000000, -5.150515463917519909, -4.299999999999999822 ) ) ;
#4746 = ORIENTED_EDGE ( 'NONE', *, *, #2866, .T. ) ;
#4747 = LINE ( 'NONE', #4059, #2048 ) ;
#4748 = ORIENTED_EDGE ( 'NONE', *, *, #9113, .F. ) ;
#4749 = EDGE_CURVE ( 'NONE', #7187, #8315, #8179, .T. ) ;
#4750 = CIRCLE ( 'NONE', #796, 1.199999999999963984 ) ;
#4751 = VECTOR ( 'NONE', #1447, 1000.000000000000000 ) ;
#4752 = EDGE_LOOP ( 'NONE', ( #3325, #560, #2833, #738 ) ) ;
#4753 = EDGE_CURVE ( 'NONE', #2916, #2691, #3151, .T. ) ;
#4754 = DIRECTION ( 'NONE',  ( 0.000000000000000000, -1.000000000000000000, 0.000000000000000000 ) ) ;
#4755 = CARTESIAN_POINT ( 'NONE',  ( -4.500000000000000000, 4.849484536082480091, 0.4000000000000000222 ) ) ;
#4756 = LINE ( 'NONE', #7581, #7283 ) ;
#4757 = CARTESIAN_POINT ( 'NONE',  ( -4.500000000000000000, -1.550515463917520043, -7.400446128206090712 ) ) ;
#4758 = CARTESIAN_POINT ( 'NONE',  ( 4.500000000000000000, -3.540251991789405240E-17, -4.299999999999999822 ) ) ;
#4759 = FACE_OUTER_BOUND ( 'NONE', #516, .T. ) ;
#4760 = CARTESIAN_POINT ( 'NONE',  ( -0.4000000000000000222, -6.400000000000000355, 0.000000000000000000 ) ) ;
#4761 = AXIS2_PLACEMENT_3D ( 'NONE', #772, #7821, #2052 ) ;
#4762 = ORIENTED_EDGE ( 'NONE', *, *, #1425, .F. ) ;
#4763 = VECTOR ( 'NONE', #1304, 1000.000000000000000 ) ;
#4764 = ADVANCED_FACE ( 'NONE', ( #4662 ), #7490, .F. ) ;
#4765 = PLANE ( 'NONE',  #8706 ) ;
#4766 = STYLED_ITEM ( 'NONE', ( #1265 ), #1895 ) ;
#4767 = CARTESIAN_POINT ( 'NONE',  ( 4.500000000000000000, -2.450515463917519732, -0.5999999999999899858 ) ) ;
#4768 = DIRECTION ( 'NONE',  ( 0.000000000000000000, 0.000000000000000000, 1.000000000000000000 ) ) ;
#4769 = CARTESIAN_POINT ( 'NONE',  ( -3.500000000000000000, 0.4500000000000000111, 1.800000000000000044 ) ) ;
#4770 = ORIENTED_EDGE ( 'NONE', *, *, #1510, .T. ) ;
#4771 = DIRECTION ( 'NONE',  ( -1.000000000000000000, 2.168404344971007685E-15, 0.000000000000000000 ) ) ;
#4772 = EDGE_CURVE ( 'NONE', #2276, #5661, #483, .T. ) ;
#4773 = FACE_OUTER_BOUND ( 'NONE', #2193, .T. ) ;
#4774 = PRODUCT_DEFINITION_CONTEXT ( 'detailed design', #4096, 'design' ) ;
#4775 = ORIENTED_EDGE ( 'NONE', *, *, #176, .F. ) ;
#4776 = ORIENTED_EDGE ( 'NONE', *, *, #8004, .F. ) ;
#4777 = EDGE_LOOP ( 'NONE', ( #6682, #3490, #5897, #4770 ) ) ;
#4778 = LINE ( 'NONE', #4177, #6791 ) ;
#4779 = CARTESIAN_POINT ( 'NONE',  ( -1.089941313553885793, -0.05202383709185180033, 0.000000000000000000 ) ) ;
#4780 = DIRECTION ( 'NONE',  ( 0.000000000000000000, -1.000000000000000000, 0.000000000000000000 ) ) ;
#4781 = EDGE_CURVE ( 'NONE', #8987, #8471, #1944, .T. ) ;
#4782 = DIRECTION ( 'NONE',  ( 0.000000000000000000, 0.000000000000000000, -1.000000000000000000 ) ) ;
#4783 = VERTEX_POINT ( 'NONE', #9005 ) ;
#4784 = ORIENTED_EDGE ( 'NONE', *, *, #2745, .T. ) ;
#4785 =( NAMED_UNIT ( * ) PLANE_ANGLE_UNIT ( ) SI_UNIT ( $, .RADIAN. ) );
#4786 = CIRCLE ( 'NONE', #8485, 3.399999999999999911 ) ;
#4787 = ORIENTED_EDGE ( 'NONE', *, *, #5884, .F. ) ;
#4788 = PRODUCT_DEFINITION_SHAPE ( 'NONE', 'NONE',  #5537 ) ;
#4789 = ORIENTED_EDGE ( 'NONE', *, *, #2389, .F. ) ;
#4790 = CARTESIAN_POINT ( 'NONE',  ( 4.911598099521950367, -1.550515463917524928, -9.101887738487539181 ) ) ;
#4791 = DIRECTION ( 'NONE',  ( -1.734723475976808672E-15, 0.000000000000000000, 1.000000000000000000 ) ) ;
#4792 = DIRECTION ( 'NONE',  ( -1.000000000000000000, 0.000000000000000000, 0.000000000000000000 ) ) ;
#4793 = VERTEX_POINT ( 'NONE', #7716 ) ;
#4794 = AXIS2_PLACEMENT_3D ( 'NONE', #759, #6189, #6280 ) ;
#4795 = DIRECTION ( 'NONE',  ( 1.419004388030904062E-16, 1.000000000000000000, -1.233521695418293905E-16 ) ) ;
#4796 = ORIENTED_EDGE ( 'NONE', *, *, #5670, .T. ) ;
#4797 = ORIENTED_EDGE ( 'NONE', *, *, #2745, .F. ) ;
#4798 = EDGE_CURVE ( 'NONE', #6349, #7883, #2118, .T. ) ;
#4799 = EDGE_LOOP ( 'NONE', ( #5434, #405 ) ) ;
#4800 = CARTESIAN_POINT ( 'NONE',  ( 0.000000000000000000, -0.5505154639175199316, 4.599999999999999645 ) ) ;
#4801 = CARTESIAN_POINT ( 'NONE',  ( -1.899999999999999911, -2.700000000000000178, 0.1000000000000000056 ) ) ;
#4802 = CARTESIAN_POINT ( 'NONE',  ( 3.399999999999999911, 2.949999999999999734, 0.5000000000000000000 ) ) ;
#4803 = EDGE_CURVE ( 'NONE', #8230, #6878, #6832, .T. ) ;
#4804 = LINE ( 'NONE', #7537, #2873 ) ;
#4805 = FACE_OUTER_BOUND ( 'NONE', #1736, .T. ) ;
#4806 = FACE_OUTER_BOUND ( 'NONE', #6082, .T. ) ;
#4807 = PLANE ( 'NONE',  #3103 ) ;
#4808 = ORIENTED_EDGE ( 'NONE', *, *, #3865, .T. ) ;
#4809 = AXIS2_PLACEMENT_3D ( 'NONE', #214, #3838, #3106 ) ;
#4810 = DIRECTION ( 'NONE',  ( -1.000000000000000000, 0.000000000000000000, 0.000000000000000000 ) ) ;
#4811 = CARTESIAN_POINT ( 'NONE',  ( -4.899999999999999467, 4.349484536082480091, -4.899999999999999467 ) ) ;
#4812 = EDGE_CURVE ( 'NONE', #653, #5081, #532, .T. ) ;
#4813 = LINE ( 'NONE', #6246, #5029 ) ;
#4814 = LINE ( 'NONE', #2749, #616 ) ;
#4815 = LINE ( 'NONE', #5556, #5683 ) ;
#4816 = LINE ( 'NONE', #5467, #5166 ) ;
#4817 = CARTESIAN_POINT ( 'NONE',  ( 0.5000000000000000000, 0.9499999999999999556, 0.5000000000000000000 ) ) ;
#4818 = VECTOR ( 'NONE', #4660, 1000.000000000000000 ) ;
#4819 = ADVANCED_FACE ( 'NONE', ( #5450 ), #8272, .T. ) ;
#4820 = ORIENTED_EDGE ( 'NONE', *, *, #6930, .F. ) ;
#4821 = EDGE_CURVE ( 'NONE', #7556, #701, #4756, .T. ) ;
#4822 = VERTEX_POINT ( 'NONE', #1259 ) ;
#4823 = EDGE_CURVE ( 'NONE', #8689, #8355, #3282, .T. ) ;
#4824 = FACE_OUTER_BOUND ( 'NONE', #8404, .T. ) ;
#4825 = VECTOR ( 'NONE', #8814, 1000.000000000000000 ) ;
#4826 = ORIENTED_EDGE ( 'NONE', *, *, #8878, .T. ) ;
#4827 = LINE ( 'NONE', #7650, #470 ) ;
#4828 = FACE_OUTER_BOUND ( 'NONE', #5867, .T. ) ;
#4829 = AXIS2_PLACEMENT_3D ( 'NONE', #4030, #2562, #3202 ) ;
#4830 = DIRECTION ( 'NONE',  ( -1.000000000000000000, 0.000000000000000000, 0.000000000000000000 ) ) ;
#4831 = LINE ( 'NONE', #6261, #6917 ) ;
#4832 = VERTEX_POINT ( 'NONE', #2035 ) ;
#4833 = EDGE_CURVE ( 'NONE', #1517, #4981, #9052, .T. ) ;
#4834 = ORIENTED_EDGE ( 'NONE', *, *, #3393, .T. ) ;
#4835 = APPLICATION_PROTOCOL_DEFINITION ( 'draft international standard', 'automotive_design', 1998, #4388 ) ;
#4836 = EDGE_CURVE ( 'NONE', #1309, #1517, #6874, .T. ) ;
#4837 = EDGE_LOOP ( 'NONE', ( #3464, #5035, #251, #3787 ) ) ;
#4838 = ORIENTED_EDGE ( 'NONE', *, *, #3077, .F. ) ;
#4839 = CARTESIAN_POINT ( 'NONE',  ( -4.500000000000000000, -1.550515463917520043, -8.691935007006809980E-15 ) ) ;
#4840 = CARTESIAN_POINT ( 'NONE',  ( -3.674999999999999822, 3.649484536082480357, 0.4000000000000000222 ) ) ;
#4841 = FACE_OUTER_BOUND ( 'NONE', #5296, .T. ) ;
#4842 = VERTEX_POINT ( 'NONE', #5542 ) ;
#4843 = CARTESIAN_POINT ( 'NONE',  ( 3.000000000000000000, -3.750000000000000000, 5.599999999999999645 ) ) ;
#4844 = ORIENTED_EDGE ( 'NONE', *, *, #7270, .T. ) ;
#4845 = VECTOR ( 'NONE', #7397, 1000.000000000000000 ) ;
#4846 = ORIENTED_EDGE ( 'NONE', *, *, #3711, .T. ) ;
#4847 = DIRECTION ( 'NONE',  ( 0.000000000000000000, 0.000000000000000000, -1.000000000000000000 ) ) ;
#4848 = LINE ( 'NONE', #754, #265 ) ;
#4849 = DIRECTION ( 'NONE',  ( 0.000000000000000000, -1.000000000000000000, 0.000000000000000000 ) ) ;
#4850 = DIRECTION ( 'NONE',  ( -1.000000000000000000, 0.000000000000000000, 0.000000000000000000 ) ) ;
#4851 = DIRECTION ( 'NONE',  ( -1.000000000000000000, 0.000000000000000000, 0.000000000000000000 ) ) ;
#4852 = VERTEX_POINT ( 'NONE', #1212 ) ;
#4853 = DIRECTION ( 'NONE',  ( -0.9999994735200917750, -0.000000000000000000, 0.001026138167771527797 ) ) ;
#4854 = CARTESIAN_POINT ( 'NONE',  ( -0.5000000000000000000, 20.89999999999999858, 1.500000000000000000 ) ) ;
#4855 = ORIENTED_EDGE ( 'NONE', *, *, #4054, .F. ) ;
#4856 = ADVANCED_FACE ( 'NONE', ( #3372 ), #6185, .F. ) ;
#4857 = DIRECTION ( 'NONE',  ( 1.495451272393800035E-16, 1.000000000000000000, 0.000000000000000000 ) ) ;
#4858 = VECTOR ( 'NONE', #1589, 1000.000000000000000 ) ;
#4859 = DIRECTION ( 'NONE',  ( 0.000000000000000000, 0.000000000000000000, 1.000000000000000000 ) ) ;
#4860 = CYLINDRICAL_SURFACE ( 'NONE', #4607, 0.9000000000000000222 ) ;
#4861 = LINE ( 'NONE', #6200, #3549 ) ;
#4862 = VECTOR ( 'NONE', #7677, 1000.000000000000000 ) ;
#4863 = LINE ( 'NONE', #9019, #3905 ) ;
#4864 = LINE ( 'NONE', #1274, #8701 ) ;
#4865 = CARTESIAN_POINT ( 'NONE',  ( 4.400000000000000355, 5.150000000000000355, 0.000000000000000000 ) ) ;
#4866 = VECTOR ( 'NONE', #5843, 1000.000000000000000 ) ;
#4867 = VECTOR ( 'NONE', #4623, 1000.000000000000000 ) ;
#4868 = PRODUCT_DEFINITION_SHAPE ( 'NONE', 'NONE',  #9126 ) ;
#4869 = ORIENTED_EDGE ( 'NONE', *, *, #5510, .F. ) ;
#4870 = APPLICATION_CONTEXT ( 'automotive_design' ) ;
#4871 = CARTESIAN_POINT ( 'NONE',  ( -0.7500000000000000000, -6.500000000000000000, 1.300000000000000044 ) ) ;
#4872 = ORIENTED_EDGE ( 'NONE', *, *, #5959, .F. ) ;
#4873 = VECTOR ( 'NONE', #3269, 1000.000000000000000 ) ;
#4874 = CARTESIAN_POINT ( 'NONE',  ( -3.649999999999999911, -3.750000000000000000, 5.000000000000000000 ) ) ;
#4875 = VERTEX_POINT ( 'NONE', #1990 ) ;
#4876 = CYLINDRICAL_SURFACE ( 'NONE', #7252, 0.4000000000000001887 ) ;
#4877 = EDGE_CURVE ( 'NONE', #8, #1417, #2737, .T. ) ;
#4878 = LINE ( 'NONE', #3449, #5527 ) ;
#4879 = CARTESIAN_POINT ( 'NONE',  ( 0.000000000000000000, -0.5505154639175199316, 1.399999999999999911 ) ) ;
#4880 = CARTESIAN_POINT ( 'NONE',  ( 0.4000000000000000222, -6.400000000000000355, -5.750000000000000000 ) ) ;
#4881 = ORIENTED_EDGE ( 'NONE', *, *, #9058, .T. ) ;
#4882 = AXIS2_PLACEMENT_3D ( 'NONE', #1957, #1225, #7593 ) ;
#4883 =( LENGTH_UNIT ( ) NAMED_UNIT ( * ) SI_UNIT ( .MILLI., .METRE. ) );
#4884 = ORIENTED_EDGE ( 'NONE', *, *, #5215, .T. ) ;
#4885 = EDGE_LOOP ( 'NONE', ( #3358, #8430, #415, #3226, #6866, #4176, #1779, #6114 ) ) ;
#4886 = LINE ( 'NONE', #6959, #4135 ) ;
#4887 = EDGE_CURVE ( 'NONE', #5064, #8732, #7672, .T. ) ;
#4888 = CARTESIAN_POINT ( 'NONE',  ( 0.5000000000000000000, 20.89999999999999858, 2.299999999999999822 ) ) ;
#4889 = CARTESIAN_POINT ( 'NONE',  ( -0.4000000000000000222, -6.700000000000000178, -5.750000000000000000 ) ) ;
#4890 = ORIENTED_EDGE ( 'NONE', *, *, #3361, .T. ) ;
#4891 = EDGE_CURVE ( 'NONE', #6468, #6544, #8226, .T. ) ;
#4892 = CARTESIAN_POINT ( 'NONE',  ( 4.500000000000000000, -5.150515463917519909, -4.899999999999999467 ) ) ;
#4893 = VECTOR ( 'NONE', #7899, 1000.000000000000000 ) ;
#4894 = ORIENTED_EDGE ( 'NONE', *, *, #8204, .F. ) ;
#4895 = ORIENTED_EDGE ( 'NONE', *, *, #1116, .T. ) ;
#4896 = CARTESIAN_POINT ( 'NONE',  ( 0.000000000000000000, 0.000000000000000000, 0.1000000000000000056 ) ) ;
#4897 = LINE ( 'NONE', #8541, #2469 ) ;
#4898 = CARTESIAN_POINT ( 'NONE',  ( -3.600000000000000089, 5.150000000000000355, 5.000000000000000000 ) ) ;
#4899 = LINE ( 'NONE', #1487, #3277 ) ;
#4900 = CARTESIAN_POINT ( 'NONE',  ( -3.261177379365210793, 20.89999999999999858, -0.5047000102205848604 ) ) ;
#4901 = ORIENTED_EDGE ( 'NONE', *, *, #3122, .T. ) ;
#4902 = CARTESIAN_POINT ( 'NONE',  ( 0.000000000000000000, 21.69999999999999929, 0.000000000000000000 ) ) ;
#4903 = AXIS2_PLACEMENT_3D ( 'NONE', #9116, #6348, #4128 ) ;
#4904 = ADVANCED_FACE ( 'NONE', ( #620 ), #1349, .T. ) ;
#4905 = CARTESIAN_POINT ( 'NONE',  ( 0.8032336497292289490, 20.89999999999999858, -1.604700010220585060 ) ) ;
#4906 = ORIENTED_EDGE ( 'NONE', *, *, #1396, .F. ) ;
#4907 = VECTOR ( 'NONE', #688, 1000.000000000000000 ) ;
#4908 = FACE_OUTER_BOUND ( 'NONE', #780, .T. ) ;
#4909 = CARTESIAN_POINT ( 'NONE',  ( -3.000000000000000000, 4.649999999999999467, 5.599999999999999645 ) ) ;
#4910 = AXIS2_PLACEMENT_3D ( 'NONE', #6054, #5969, #8784 ) ;
#4911 = PLANE ( 'NONE',  #1486 ) ;
#4912 = AXIS2_PLACEMENT_3D ( 'NONE', #4817, #403, #7645 ) ;
#4913 = PLANE ( 'NONE',  #1925 ) ;
#4914 = DIRECTION ( 'NONE',  ( -1.000000000000000000, 0.000000000000000000, 0.000000000000000000 ) ) ;
#4915 = DIRECTION ( 'NONE',  ( -1.084202172485503818E-16, -1.000000000000000000, 0.000000000000000000 ) ) ;
#4916 = CARTESIAN_POINT ( 'NONE',  ( -4.899999999999999467, -5.150515463917519909, -6.799999999999999822 ) ) ;
#4917 = ORIENTED_EDGE ( 'NONE', *, *, #5443, .F. ) ;
#4918 = AXIS2_PLACEMENT_3D ( 'NONE', #8249, #1919, #8161 ) ;
#4919 = AXIS2_PLACEMENT_3D ( 'NONE', #7033, #3574, #4962 ) ;
#4920 = EDGE_CURVE ( 'NONE', #611, #7019, #6825, .T. ) ;
#4921 = LINE ( 'NONE', #2983, #7258 ) ;
#4922 = ORIENTED_EDGE ( 'NONE', *, *, #8195, .T. ) ;
#4923 = CARTESIAN_POINT ( 'NONE',  ( 0.000000000000000000, -6.700000000000000178, -1.350000000000000089 ) ) ;
#4924 = VERTEX_POINT ( 'NONE', #147 ) ;
#4925 = DIRECTION ( 'NONE',  ( 0.000000000000000000, 8.673617379884039416E-16, 1.000000000000000000 ) ) ;
#4926 = CARTESIAN_POINT ( 'NONE',  ( 0.000000000000000000, -0.05000000000000070360, 0.000000000000000000 ) ) ;
#4927 = CARTESIAN_POINT ( 'NONE',  ( 0.5000000000000000000, 0.000000000000000000, 0.5000000000000000000 ) ) ;
#4928 = CIRCLE ( 'NONE', #9045, 0.9000000000000000222 ) ;
#4929 = CARTESIAN_POINT ( 'NONE',  ( 2.399251774994272779, -6.335082376610527533, 1.164917623389471135 ) ) ;
#4930 = ADVANCED_FACE ( 'NONE', ( #4367 ), #7016, .T. ) ;
#4931 = ORIENTED_EDGE ( 'NONE', *, *, #2777, .F. ) ;
#4932 =( NAMED_UNIT ( * ) PLANE_ANGLE_UNIT ( ) SI_UNIT ( $, .RADIAN. ) );
#4933 = EDGE_CURVE ( 'NONE', #3993, #4842, #5168, .T. ) ;
#4934 = VERTEX_POINT ( 'NONE', #933 ) ;
#4935 = ORIENTED_EDGE ( 'NONE', *, *, #6731, .F. ) ;
#4936 = CARTESIAN_POINT ( 'NONE',  ( 0.000000000000000000, 0.000000000000000000, 0.1000000000000000056 ) ) ;
#4937 = CARTESIAN_POINT ( 'NONE',  ( -1.734723475976804925E-15, 0.4500000000000000111, 1.800000000000000044 ) ) ;
#4938 = ORIENTED_EDGE ( 'NONE', *, *, #7497, .F. ) ;
#4939 = CARTESIAN_POINT ( 'NONE',  ( -4.500000000000000000, -5.450515463917520620, -8.691935007006809980E-15 ) ) ;
#4940 = VERTEX_POINT ( 'NONE', #2263 ) ;
#4941 = EDGE_CURVE ( 'NONE', #1299, #2949, #8767, .T. ) ;
#4942 = MANIFOLD_SOLID_BREP ( 'NONE', #1802 ) ;
#4943 = ORIENTED_EDGE ( 'NONE', *, *, #5348, .F. ) ;
#4944 = CARTESIAN_POINT ( 'NONE',  ( 2.600000000000000089, 2.849484536082479647, -5.299999999999999822 ) ) ;
#4945 = ADVANCED_FACE ( 'NONE', ( #8674 ), #4415, .T. ) ;
#4946 = FACE_OUTER_BOUND ( 'NONE', #8955, .T. ) ;
#4947 = VECTOR ( 'NONE', #1587, 1000.000000000000000 ) ;
#4948 = DIRECTION ( 'NONE',  ( -2.792766390953479590E-46, -1.000000000000000000, -1.572187709703864984E-31 ) ) ;
#4949 = DIRECTION ( 'NONE',  ( -1.000000000000000000, 0.000000000000000000, 0.000000000000000000 ) ) ;
#4950 = ORIENTED_EDGE ( 'NONE', *, *, #9036, .T. ) ;
#4951 = CARTESIAN_POINT ( 'NONE',  ( 2.600000000000000089, 3.338162607258090002E-15, -5.299999999999999822 ) ) ;
#4952 = FILL_AREA_STYLE_COLOUR ( '', #902 ) ;
#4953 = ORIENTED_EDGE ( 'NONE', *, *, #4456, .F. ) ;
#4954 = EDGE_CURVE ( 'NONE', #999, #7480, #5217, .T. ) ;
#4955 = CARTESIAN_POINT ( 'NONE',  ( -4.500000000000000000, -5.150515463917519909, -4.899999999999999467 ) ) ;
#4956 = EDGE_CURVE ( 'NONE', #322, #5590, #978, .T. ) ;
#4957 = DIRECTION ( 'NONE',  ( 0.000000000000000000, 0.000000000000000000, -1.000000000000000000 ) ) ;
#4958 = CARTESIAN_POINT ( 'NONE',  ( 4.899999999999999467, 1.449484536082480179, -5.799999999999999822 ) ) ;
#4959 = LINE ( 'NONE', #7770, #8901 ) ;
#4960 = EDGE_LOOP ( 'NONE', ( #5423, #3871, #282, #245 ) ) ;
#4961 = DIRECTION ( 'NONE',  ( -0.6560590289905060546, 1.672292908175180154E-16, -0.7547095802227730132 ) ) ;
#4962 = DIRECTION ( 'NONE',  ( 1.000000000000000000, -2.491288438666615119E-16, 0.000000000000000000 ) ) ;
#4963 = ORIENTED_EDGE ( 'NONE', *, *, #3218, .F. ) ;
#4964 = AXIS2_PLACEMENT_3D ( 'NONE', #1360, #8327, #7590 ) ;
#4965 = DIRECTION ( 'NONE',  ( 1.000000000000000000, 0.000000000000000000, 0.000000000000000000 ) ) ;
#4966 = VERTEX_POINT ( 'NONE', #5080 ) ;
#4967 = CYLINDRICAL_SURFACE ( 'NONE', #4458, 3.850000000000001865 ) ;
#4968 = ORIENTED_EDGE ( 'NONE', *, *, #6078, .T. ) ;
#4969 = DIRECTION ( 'NONE',  ( 0.000000000000000000, 0.000000000000000000, 1.000000000000000000 ) ) ;
#4970 = DIRECTION ( 'NONE',  ( 0.000000000000000000, -1.000000000000000000, 0.000000000000000000 ) ) ;
#4971 = LINE ( 'NONE', #7784, #3006 ) ;
#4972 = AXIS2_PLACEMENT_3D ( 'NONE', #4618, #8052, #3066 ) ;
#4973 = CARTESIAN_POINT ( 'NONE',  ( 4.500000000000000000, 1.449484536082480179, -5.799999999999999822 ) ) ;
#4974 = EDGE_LOOP ( 'NONE', ( #6193, #6104, #5663, #7444, #7457, #6124, #4392 ) ) ;
#4975 = VERTEX_POINT ( 'NONE', #6591 ) ;
#4976 = PRODUCT_CONTEXT ( 'NONE', #4996, 'mechanical' ) ;
#4977 = AXIS2_PLACEMENT_3D ( 'NONE', #3032, #8569, #2251 ) ;
#4978 = ORIENTED_EDGE ( 'NONE', *, *, #6955, .F. ) ;
#4979 = EDGE_CURVE ( 'NONE', #7049, #6849, #7892, .T. ) ;
#4980 = AXIS2_PLACEMENT_3D ( 'NONE', #7877, #4540, #1549 ) ;
#4981 = VERTEX_POINT ( 'NONE', #6500 ) ;
#4982 = CARTESIAN_POINT ( 'NONE',  ( -3.399999999999999911, -0.05202383709185160604, 0.5000000000000000000 ) ) ;
#4983 = CYLINDRICAL_SURFACE ( 'NONE', #6764, 0.7999999999999999334 ) ;
#4984 = ORIENTED_EDGE ( 'NONE', *, *, #6847, .F. ) ;
#4985 = CARTESIAN_POINT ( 'NONE',  ( 0.8032336497292300592, 20.89999999999999858, -2.404700010220584883 ) ) ;
#4986 = ORIENTED_EDGE ( 'NONE', *, *, #5795, .F. ) ;
#4987 = ADVANCED_FACE ( 'NONE', ( #8038 ), #4512, .F. ) ;
#4988 = ORIENTED_EDGE ( 'NONE', *, *, #8827, .F. ) ;
#4989 = FACE_OUTER_BOUND ( 'NONE', #8775, .T. ) ;
#4990 = CARTESIAN_POINT ( 'NONE',  ( 0.000000000000000000, -0.5505154639175199316, 1.399999999999999911 ) ) ;
#4991 = EDGE_CURVE ( 'NONE', #2196, #1790, #3818, .T. ) ;
#4992 = DIRECTION ( 'NONE',  ( -1.278426997811955785E-48, 0.000000000000000000, 1.000000000000000000 ) ) ;
#4993 = DIRECTION ( 'NONE',  ( -1.931541112668180039E-15, 1.551245237481414839E-31, 1.000000000000000000 ) ) ;
#4994 = ORIENTED_EDGE ( 'NONE', *, *, #2905, .F. ) ;
#4995 = PLANE ( 'NONE',  #5459 ) ;
#4996 = APPLICATION_CONTEXT ( 'automotive_design' ) ;
#4997 = CARTESIAN_POINT ( 'NONE',  ( -4.500000000000000000, 4.849484536082480091, 0.4000000000000000222 ) ) ;
#4998 = EDGE_LOOP ( 'NONE', ( #2641, #4922 ) ) ;
#4999 = EDGE_CURVE ( 'NONE', #5995, #1078, #3741, .T. ) ;
#5000 = VECTOR ( 'NONE', #2729, 1000.000000000000000 ) ;
#5001 = DIRECTION ( 'NONE',  ( -0.000000000000000000, 1.000000000000000000, -0.000000000000000000 ) ) ;
#5002 = CARTESIAN_POINT ( 'NONE',  ( -0.4500000000000000111, -3.625230054855794748, 2.500000000000000000 ) ) ;
#5003 = ADVANCED_FACE ( 'NONE', ( #5124 ), #7940, .T. ) ;
#5004 = DIRECTION ( 'NONE',  ( 1.000000000000000000, 0.000000000000000000, 0.000000000000000000 ) ) ;
#5005 = VECTOR ( 'NONE', #1387, 1000.000000000000000 ) ;
#5006 = CARTESIAN_POINT ( 'NONE',  ( -4.500000000000000000, -2.450515463917519732, 0.000000000000000000 ) ) ;
#5007 = FACE_OUTER_BOUND ( 'NONE', #6084, .T. ) ;
#5008 = ORIENTED_EDGE ( 'NONE', *, *, #7358, .F. ) ;
#5009 = CARTESIAN_POINT ( 'NONE',  ( -4.663541149204270653, 0.4494845360824785141, -9.633847585124245327 ) ) ;
#5010 = DIRECTION ( 'NONE',  ( -8.123545521314930333E-47, -3.260780805318075053E-31, 1.000000000000000000 ) ) ;
#5011 = EDGE_CURVE ( 'NONE', #3210, #3216, #7575, .T. ) ;
#5012 = ORIENTED_EDGE ( 'NONE', *, *, #5367, .F. ) ;
#5013 = VECTOR ( 'NONE', #8698, 1000.000000000000000 ) ;
#5014 = CARTESIAN_POINT ( 'NONE',  ( 5.238893727143790535, -1.550515463917520043, -8.400000000000000355 ) ) ;
#5015 = VERTEX_POINT ( 'NONE', #1105 ) ;
#5016 = DIRECTION ( 'NONE',  ( 0.000000000000000000, 0.000000000000000000, -1.000000000000000000 ) ) ;
#5017 = ORIENTED_EDGE ( 'NONE', *, *, #82, .F. ) ;
#5018 = DIRECTION ( 'NONE',  ( -1.000000000000000000, 1.606225440719264641E-16, -1.931541112668180039E-15 ) ) ;
#5019 = CARTESIAN_POINT ( 'NONE',  ( 4.500000000000000000, 0.4494845360824785141, 0.000000000000000000 ) ) ;
#5020 = FACE_OUTER_BOUND ( 'NONE', #2090, .T. ) ;
#5021 = DIRECTION ( 'NONE',  ( 1.000000000000000000, 0.000000000000000000, 1.232047923278981706E-16 ) ) ;
#5022 = CARTESIAN_POINT ( 'NONE',  ( 1.479999999999999982, 21.69999999999999929, 0.6999999999999998446 ) ) ;
#5023 = VECTOR ( 'NONE', #6515, 1000.000000000000000 ) ;
#5024 = ORIENTED_EDGE ( 'NONE', *, *, #7687, .F. ) ;
#5025 = ADVANCED_FACE ( 'NONE', ( #4683 ), #6030, .F. ) ;
#5026 =( GEOMETRIC_REPRESENTATION_CONTEXT ( 3 ) GLOBAL_UNCERTAINTY_ASSIGNED_CONTEXT ( ( #725 ) ) GLOBAL_UNIT_ASSIGNED_CONTEXT ( ( #5502, #19, #1403 ) ) REPRESENTATION_CONTEXT ( 'NONE', 'WORKASPACE' ) );
#5027 = VECTOR ( 'NONE', #3667, 1000.000000000000000 ) ;
#5028 = ORIENTED_EDGE ( 'NONE', *, *, #1713, .T. ) ;
#5029 = VECTOR ( 'NONE', #5511, 1000.000000000000000 ) ;
#5030 = ORIENTED_EDGE ( 'NONE', *, *, #4204, .F. ) ;
#5031 = DIRECTION ( 'NONE',  ( 1.000000000000000000, -1.215054158819961789E-16, 0.000000000000000000 ) ) ;
#5032 = CIRCLE ( 'NONE', #2584, 3.399999999999999911 ) ;
#5033 = FACE_OUTER_BOUND ( 'NONE', #5850, .T. ) ;
#5034 = VECTOR ( 'NONE', #3180, 1000.000000000000000 ) ;
#5035 = ORIENTED_EDGE ( 'NONE', *, *, #1098, .F. ) ;
#5036 = CARTESIAN_POINT ( 'NONE',  ( 4.400000000000000355, -5.150000000000000355, 5.000000000000000000 ) ) ;
#5037 = PRODUCT_DEFINITION ( 'UNKNOWN', '', #6961, #2569 ) ;
#5038 = EDGE_LOOP ( 'NONE', ( #2173, #159, #7789, #817, #1594 ) ) ;
#5039 = AXIS2_PLACEMENT_3D ( 'NONE', #2056, #6724, #8382 ) ;
#5040 = EDGE_CURVE ( 'NONE', #6765, #2822, #4598, .T. ) ;
#5041 = EDGE_LOOP ( 'NONE', ( #1122, #3546, #7149, #7140, #8514 ) ) ;
#5042 = LINE ( 'NONE', #3510, #7102 ) ;
#5043 = DIRECTION ( 'NONE',  ( 0.000000000000000000, -1.000000000000000000, 0.000000000000000000 ) ) ;
#5044 = AXIS2_PLACEMENT_3D ( 'NONE', #1070, #6597, #2359 ) ;
#5045 = DIRECTION ( 'NONE',  ( 0.000000000000000000, 1.000000000000000000, 0.000000000000000000 ) ) ;
#5046 = DIRECTION ( 'NONE',  ( 0.000000000000000000, -1.000000000000000000, 0.000000000000000000 ) ) ;
#5047 = ORIENTED_EDGE ( 'NONE', *, *, #2044, .F. ) ;
#5048 = DIRECTION ( 'NONE',  ( -1.000000000000000000, 1.355252715606879803E-16, 0.000000000000000000 ) ) ;
#5049 = DIRECTION ( 'NONE',  ( 0.000000000000000000, -1.000000000000000000, 0.000000000000000000 ) ) ;
#5050 = EDGE_CURVE ( 'NONE', #6621, #7977, #2619, .T. ) ;
#5051 = ORIENTED_EDGE ( 'NONE', *, *, #5348, .T. ) ;
#5052 = EDGE_CURVE ( 'NONE', #7214, #7554, #6718, .T. ) ;
#5053 = DIRECTION ( 'NONE',  ( 8.850629979473508477E-17, -1.000000000000000000, 0.000000000000000000 ) ) ;
#5054 = LINE ( 'NONE', #5002, #3782 ) ;
#5055 = CARTESIAN_POINT ( 'NONE',  ( -0.4500000000000000111, -3.625230054855794748, 2.500000000000000000 ) ) ;
#5056 = DIRECTION ( 'NONE',  ( 1.000000000000000000, 0.000000000000000000, 0.000000000000000000 ) ) ;
#5057 = CARTESIAN_POINT ( 'NONE',  ( -4.899999999999999467, -3.550515463917519821, 0.4000000000000000222 ) ) ;
#5058 = ORIENTED_EDGE ( 'NONE', *, *, #6880, .T. ) ;
#5059 = DIRECTION ( 'NONE',  ( 0.000000000000000000, 0.000000000000000000, -1.000000000000000000 ) ) ;
#5060 = CARTESIAN_POINT ( 'NONE',  ( -1.369999999999999885, 18.50000000000000000, 3.352688591713895327 ) ) ;
#5061 = EDGE_CURVE ( 'NONE', #7619, #8862, #355, .T. ) ;
#5062 = VECTOR ( 'NONE', #996, 1000.000000000000000 ) ;
#5063 = DIRECTION ( 'NONE',  ( 0.000000000000000000, 0.000000000000000000, 1.000000000000000000 ) ) ;
#5064 = VERTEX_POINT ( 'NONE', #8296 ) ;
#5065 = CARTESIAN_POINT ( 'NONE',  ( -5.236132948075079341, -1.550515463917520043, -8.396377958773980410 ) ) ;
#5066 = ORIENTED_EDGE ( 'NONE', *, *, #7543, .F. ) ;
#5067 = ADVANCED_FACE ( 'NONE', ( #7467 ), #3172, .F. ) ;
#5068 = CARTESIAN_POINT ( 'NONE',  ( -4.400000000000000355, -4.200000000000000178, 0.000000000000000000 ) ) ;
#5069 = FACE_OUTER_BOUND ( 'NONE', #8390, .T. ) ;
#5070 = CARTESIAN_POINT ( 'NONE',  ( -5.636132948075079696, -1.550515463917520043, -8.396377958773980410 ) ) ;
#5071 = DIRECTION ( 'NONE',  ( 9.693873272465599701E-47, -1.000000000000000000, -2.123492242164234689E-31 ) ) ;
#5072 = ORIENTED_EDGE ( 'NONE', *, *, #8494, .F. ) ;
#5073 = EDGE_LOOP ( 'NONE', ( #8599, #5520, #417, #2874, #8501 ) ) ;
#5074 = ORIENTED_EDGE ( 'NONE', *, *, #4772, .F. ) ;
#5075 = ORIENTED_EDGE ( 'NONE', *, *, #5341, .F. ) ;
#5076 = VECTOR ( 'NONE', #2689, 1000.000000000000000 ) ;
#5077 = DIRECTION ( 'NONE',  ( 0.000000000000000000, 1.000000000000000000, 0.000000000000000000 ) ) ;
#5078 = EDGE_CURVE ( 'NONE', #726, #4193, #1146, .T. ) ;
#5079 = CARTESIAN_POINT ( 'NONE',  ( -4.899999999999999467, 4.349484536082480091, -4.899999999999999467 ) ) ;
#5080 = CARTESIAN_POINT ( 'NONE',  ( 4.400000000000000355, -2.700000000000000178, 0.000000000000000000 ) ) ;
#5081 = VERTEX_POINT ( 'NONE', #552 ) ;
#5082 = CARTESIAN_POINT ( 'NONE',  ( -4.400000000000000355, -5.950000000000000178, 0.000000000000000000 ) ) ;
#5083 = ORIENTED_EDGE ( 'NONE', *, *, #7514, .T. ) ;
#5084 = DIRECTION ( 'NONE',  ( -0.9999994735200916640, 0.000000000000000000, 0.001026138167771527580 ) ) ;
#5085 = EDGE_LOOP ( 'NONE', ( #6093, #2267, #4227, #7470 ) ) ;
#5086 = PLANE ( 'NONE',  #1218 ) ;
#5087 = LINE ( 'NONE', #7062, #6873 ) ;
#5088 = FACE_OUTER_BOUND ( 'NONE', #7566, .T. ) ;
#5089 = CARTESIAN_POINT ( 'NONE',  ( 1.750000000000000000, -6.500000000000000000, 1.300000000000000044 ) ) ;
#5090 = ORIENTED_EDGE ( 'NONE', *, *, #8819, .F. ) ;
#5091 = LINE ( 'NONE', #7266, #3979 ) ;
#5092 = EDGE_LOOP ( 'NONE', ( #5855, #3041, #3634, #3625 ) ) ;
#5093 = CIRCLE ( 'NONE', #1555, 1.199999999999999956 ) ;
#5094 = CARTESIAN_POINT ( 'NONE',  ( -2.100000000000000089, -6.700000000000000178, 4.928191693115930030E-17 ) ) ;
#5095 = EDGE_CURVE ( 'NONE', #3990, #8348, #5991, .T. ) ;
#5096 = DIRECTION ( 'NONE',  ( 0.000000000000000000, 0.000000000000000000, -1.000000000000000000 ) ) ;
#5097 = CARTESIAN_POINT ( 'NONE',  ( -4.500000000000000000, -1.550515463917520043, -7.550000000000000711 ) ) ;
#5098 = PLANE ( 'NONE',  #2717 ) ;
#5099 = CYLINDRICAL_SURFACE ( 'NONE', #4639, 0.3500000000000000333 ) ;
#5100 = ORIENTED_EDGE ( 'NONE', *, *, #8195, .F. ) ;
#5101 = CARTESIAN_POINT ( 'NONE',  ( -2.600000000000000089, -3.950515463917519732, -5.299999999999999822 ) ) ;
#5102 = CARTESIAN_POINT ( 'NONE',  ( -0.6700000000000000400, 21.69999999999999929, -0.5999999999999999778 ) ) ;
#5103 = VECTOR ( 'NONE', #2317, 1000.000000000000114 ) ;
#5104 = CARTESIAN_POINT ( 'NONE',  ( 4.412981643411520771, -1.550515463917525816, -11.10811226151245812 ) ) ;
#5105 = ORIENTED_EDGE ( 'NONE', *, *, #2333, .T. ) ;
#5106 = DIRECTION ( 'NONE',  ( 0.000000000000000000, 0.000000000000000000, -1.000000000000000000 ) ) ;
#5107 = ORIENTED_EDGE ( 'NONE', *, *, #5479, .T. ) ;
#5108 = CARTESIAN_POINT ( 'NONE',  ( 0.000000000000000000, -6.500000000000002665, 0.000000000000000000 ) ) ;
#5109 = CARTESIAN_POINT ( 'NONE',  ( 3.000000000000000000, 4.649999999999999467, 5.599999999999999645 ) ) ;
#5110 = LINE ( 'NONE', #1552, #210 ) ;
#5111 = DIRECTION ( 'NONE',  ( -1.000000000000000000, 0.000000000000000000, 0.000000000000000000 ) ) ;
#5112 = EDGE_CURVE ( 'NONE', #580, #992, #5386, .T. ) ;
#5113 = DIRECTION ( 'NONE',  ( -5.901649112458785345E-17, -0.7071067811865549002, 0.7071067811865402453 ) ) ;
#5114 = ORIENTED_EDGE ( 'NONE', *, *, #2478, .T. ) ;
#5115 = AXIS2_PLACEMENT_3D ( 'NONE', #7498, #3981, #6795 ) ;
#5116 = CONTEXT_DEPENDENT_SHAPE_REPRESENTATION ( #3578, #3391 ) ;
#5117 = ORIENTED_EDGE ( 'NONE', *, *, #3989, .F. ) ;
#5118 = EDGE_CURVE ( 'NONE', #4203, #7622, #1786, .T. ) ;
#5119 = ORIENTED_EDGE ( 'NONE', *, *, #7547, .T. ) ;
#5120 = CIRCLE ( 'NONE', #7766, 0.6500000000000000222 ) ;
#5121 = ORIENTED_EDGE ( 'NONE', *, *, #4254, .F. ) ;
#5122 = CARTESIAN_POINT ( 'NONE',  ( 4.500000000000000000, -2.450515463917519732, 8.691935007006809980E-15 ) ) ;
#5123 = FACE_OUTER_BOUND ( 'NONE', #1120, .T. ) ;
#5124 = FACE_OUTER_BOUND ( 'NONE', #378, .T. ) ;
#5125 = EDGE_CURVE ( 'NONE', #7346, #6729, #654, .T. ) ;
#5126 = ORIENTED_EDGE ( 'NONE', *, *, #2678, .T. ) ;
#5127 = DIRECTION ( 'NONE',  ( 1.000000000000000000, 0.000000000000000000, 0.000000000000000000 ) ) ;
#5128 = ORIENTED_EDGE ( 'NONE', *, *, #1254, .F. ) ;
#5129 = CARTESIAN_POINT ( 'NONE',  ( 1.249999999999999334, 20.19999999999999929, 3.150000003002862314 ) ) ;
#5130 = EDGE_CURVE ( 'NONE', #7049, #2163, #8848, .T. ) ;
#5131 = ORIENTED_EDGE ( 'NONE', *, *, #6685, .T. ) ;
#5132 = CARTESIAN_POINT ( 'NONE',  ( -4.899999999999999467, 4.349484536082480091, -4.299999999999999822 ) ) ;
#5133 = FACE_OUTER_BOUND ( 'NONE', #887, .T. ) ;
#5134 = VECTOR ( 'NONE', #4033, 1000.000000000000000 ) ;
#5135 = DIRECTION ( 'NONE',  ( -0.000000000000000000, 1.000000000000000000, -0.000000000000000000 ) ) ;
#5136 = FACE_OUTER_BOUND ( 'NONE', #9090, .T. ) ;
#5137 = ORIENTED_EDGE ( 'NONE', *, *, #6239, .F. ) ;
#5138 = CARTESIAN_POINT ( 'NONE',  ( -0.6700000000000000400, 20.89999999999999858, -0.5999999999999999778 ) ) ;
#5139 = CARTESIAN_POINT ( 'NONE',  ( 0.8032336497292300592, 20.19999999999999929, -2.404700010220584883 ) ) ;
#5140 = VERTEX_POINT ( 'NONE', #414 ) ;
#5141 = EDGE_CURVE ( 'NONE', #8293, #8608, #7293, .T. ) ;
#5142 = CARTESIAN_POINT ( 'NONE',  ( 1.899999999999999911, 3.600000000000000089, 0.1000000000000000056 ) ) ;
#5143 = DIRECTION ( 'NONE',  ( 0.000000000000000000, 1.000000000000000000, 3.260780805318075053E-31 ) ) ;
#5144 = DIRECTION ( 'NONE',  ( -1.000000000000000000, -8.850629979473508477E-17, 0.000000000000000000 ) ) ;
#5145 = DIRECTION ( 'NONE',  ( 0.000000000000000000, 1.000000000000000000, 0.000000000000000000 ) ) ;
#5146 = CARTESIAN_POINT ( 'NONE',  ( 4.064678695506501960, -1.550515463917523595, -10.91811226151246217 ) ) ;
#5147 = VERTEX_POINT ( 'NONE', #1192 ) ;
#5148 = CARTESIAN_POINT ( 'NONE',  ( 0.7500000000000000000, 0.4000000000000000222, 1.300000000000000044 ) ) ;
#5149 = CARTESIAN_POINT ( 'NONE',  ( 3.399999999999999911, -0.05000000000000080075, 0.000000000000000000 ) ) ;
#5150 = EDGE_CURVE ( 'NONE', #5334, #3248, #3258, .T. ) ;
#5151 = DIRECTION ( 'NONE',  ( 1.000000000000000000, 0.000000000000000000, 0.000000000000000000 ) ) ;
#5152 = DIRECTION ( 'NONE',  ( -0.000000000000000000, 1.000000000000000000, -0.000000000000000000 ) ) ;
#5153 = ORIENTED_EDGE ( 'NONE', *, *, #3432, .T. ) ;
#5154 = DIRECTION ( 'NONE',  ( 0.000000000000000000, 0.000000000000000000, 1.000000000000000000 ) ) ;
#5155 = CARTESIAN_POINT ( 'NONE',  ( 0.000000000000000000, -0.5505154639175199316, 1.399999999999999911 ) ) ;
#5156 = DIRECTION ( 'NONE',  ( 0.000000000000000000, 0.000000000000000000, 1.000000000000000000 ) ) ;
#5157 = CARTESIAN_POINT ( 'NONE',  ( 3.250000000000000000, -6.500000000000000000, 1.300000000000000044 ) ) ;
#5158 = ORIENTED_EDGE ( 'NONE', *, *, #4089, .F. ) ;
#5159 = AXIS2_PLACEMENT_3D ( 'NONE', #3862, #6676, #8803 ) ;
#5160 = APPLICATION_PROTOCOL_DEFINITION ( 'draft international standard', 'automotive_design', 1998, #8349 ) ;
#5161 = ADVANCED_FACE ( 'NONE', ( #8893 ), #6855, .F. ) ;
#5162 = EDGE_LOOP ( 'NONE', ( #1518, #6542, #4104, #2844, #4082, #8212 ) ) ;
#5163 = VECTOR ( 'NONE', #6856, 1000.000000000000000 ) ;
#5164 = EDGE_LOOP ( 'NONE', ( #131, #2671, #5988, #4655 ) ) ;
#5165 = DIRECTION ( 'NONE',  ( 0.000000000000000000, 0.000000000000000000, 1.000000000000000000 ) ) ;
#5166 = VECTOR ( 'NONE', #2050, 1000.000000000000000 ) ;
#5167 = DIRECTION ( 'NONE',  ( 0.000000000000000000, 0.000000000000000000, 1.000000000000000000 ) ) ;
#5168 = LINE ( 'NONE', #7302, #7428 ) ;
#5169 = VECTOR ( 'NONE', #6778, 1000.000000000000000 ) ;
#5170 = ORIENTED_EDGE ( 'NONE', *, *, #1276, .T. ) ;
#5171 = LINE ( 'NONE', #5082, #149 ) ;
#5172 = ORIENTED_EDGE ( 'NONE', *, *, #329, .F. ) ;
#5173 = VERTEX_POINT ( 'NONE', #3353 ) ;
#5174 = AXIS2_PLACEMENT_3D ( 'NONE', #7727, #7862, #1538 ) ;
#5175 = CARTESIAN_POINT ( 'NONE',  ( -4.500000000000000000, 1.349484536082480091, -0.5999999999999999778 ) ) ;
#5176 = VECTOR ( 'NONE', #8192, 1000.000000000000000 ) ;
#5177 = VECTOR ( 'NONE', #1000, 1000.000000000000000 ) ;
#5178 = ADVANCED_FACE ( 'NONE', ( #6163 ), #7607, .T. ) ;
#5179 = ORIENTED_EDGE ( 'NONE', *, *, #4025, .F. ) ;
#5180 = DIRECTION ( 'NONE',  ( 0.000000000000000000, -1.000000000000000000, 0.000000000000000000 ) ) ;
#5181 = AXIS2_PLACEMENT_3D ( 'NONE', #3915, #4053, #6863 ) ;
#5182 = CARTESIAN_POINT ( 'NONE',  ( 3.000000000000000000, 3.649484536082480357, 0.000000000000000000 ) ) ;
#5183 = EDGE_CURVE ( 'NONE', #1334, #7041, #5523, .T. ) ;
#5184 = CARTESIAN_POINT ( 'NONE',  ( 2.100000000000000089, -6.700000000000000178, -5.750000000000000000 ) ) ;
#5185 = ORIENTED_EDGE ( 'NONE', *, *, #3640, .T. ) ;
#5186 = CARTESIAN_POINT ( 'NONE',  ( -3.100000000000000089, -0.5505154639175199316, 1.399999999999999911 ) ) ;
#5187 = DIRECTION ( 'NONE',  ( 0.000000000000000000, 0.000000000000000000, 1.000000000000000000 ) ) ;
#5188 = ORIENTED_EDGE ( 'NONE', *, *, #7094, .T. ) ;
#5189 = AXIS2_PLACEMENT_3D ( 'NONE', #9118, #643, #8431 ) ;
#5190 = LINE ( 'NONE', #6696, #7679 ) ;
#5191 = AXIS2_PLACEMENT_3D ( 'NONE', #4800, #8868, #3280 ) ;
#5192 = DIRECTION ( 'NONE',  ( 8.793431559996859352E-81, -1.000000000000000000, -3.439160614977204926E-33 ) ) ;
#5193 = ADVANCED_FACE ( 'NONE', ( #5666 ), #4132, .F. ) ;
#5194 = DIRECTION ( 'NONE',  ( 1.000000000000000000, 8.850629979473508477E-17, 0.000000000000000000 ) ) ;
#5195 = DIRECTION ( 'NONE',  ( 1.000000000000000000, 0.000000000000000000, 4.565061778886339960E-16 ) ) ;
#5196 = VERTEX_POINT ( 'NONE', #1374 ) ;
#5197 = DIRECTION ( 'NONE',  ( 0.000000000000000000, 1.000000000000000000, 0.000000000000000000 ) ) ;
#5198 = FACE_OUTER_BOUND ( 'NONE', #5753, .T. ) ;
#5199 = VECTOR ( 'NONE', #6231, 1000.000000000000000 ) ;
#5200 = CARTESIAN_POINT ( 'NONE',  ( 4.400000000000000355, -5.150000000000000355, 5.000000000000000000 ) ) ;
#5201 = CARTESIAN_POINT ( 'NONE',  ( 0.000000000000000000, -6.400000000000000355, -1.350000000000000089 ) ) ;
#5202 = AXIS2_PLACEMENT_3D ( 'NONE', #8942, #3407, #1926 ) ;
#5203 = LINE ( 'NONE', #8752, #8517 ) ;
#5204 = ORIENTED_EDGE ( 'NONE', *, *, #8554, .F. ) ;
#5205 = PLANE ( 'NONE',  #1757 ) ;
#5206 = PLANE ( 'NONE',  #3835 ) ;
#5207 = EDGE_LOOP ( 'NONE', ( #1230, #6025 ) ) ;
#5208 = AXIS2_PLACEMENT_3D ( 'NONE', #1321, #5016, #8521 ) ;
#5209 = EDGE_CURVE ( 'NONE', #7187, #6319, #6352, .T. ) ;
#5210 = VERTEX_POINT ( 'NONE', #1326 ) ;
#5211 = PRODUCT_DEFINITION_FORMATION_WITH_SPECIFIED_SOURCE ( 'ANY', '', #3317, .NOT_KNOWN. ) ;
#5212 = EDGE_LOOP ( 'NONE', ( #642, #1039, #2933, #4310 ) ) ;
#5213 = ORIENTED_EDGE ( 'NONE', *, *, #1734, .F. ) ;
#5214 = CYLINDRICAL_SURFACE ( 'NONE', #6506, 3.100000000000000089 ) ;
#5215 = EDGE_CURVE ( 'NONE', #140, #1572, #1420, .T. ) ;
#5216 = DIRECTION ( 'NONE',  ( 0.000000000000000000, 0.000000000000000000, -1.000000000000000000 ) ) ;
#5217 = LINE ( 'NONE', #1660, #5658 ) ;
#5218 = VECTOR ( 'NONE', #1892, 1000.000000000000114 ) ;
#5219 = CIRCLE ( 'NONE', #1232, 0.2000000000000000944 ) ;
#5220 = EDGE_LOOP ( 'NONE', ( #143, #7788, #6617, #7433 ) ) ;
#5221 = EDGE_CURVE ( 'NONE', #1433, #8128, #90, .T. ) ;
#5222 = VERTEX_POINT ( 'NONE', #6949 ) ;
#5223 = PLANE ( 'NONE',  #7848 ) ;
#5224 = AXIS2_PLACEMENT_3D ( 'NONE', #7985, #3085, #5770 ) ;
#5225 = VECTOR ( 'NONE', #4345, 1000.000000000000000 ) ;
#5226 = ORIENTED_EDGE ( 'NONE', *, *, #4635, .T. ) ;
#5227 = CARTESIAN_POINT ( 'NONE',  ( 2.350000000000000089, -3.750000000000000000, 5.599999999999999645 ) ) ;
#5228 = CARTESIAN_POINT ( 'NONE',  ( 4.400000000000000355, 5.150000000000000355, 5.000000000000000000 ) ) ;
#5229 = DIRECTION ( 'NONE',  ( 0.000000000000000000, -1.355252715606879803E-16, -1.000000000000000000 ) ) ;
#5230 = ORIENTED_EDGE ( 'NONE', *, *, #5913, .T. ) ;
#5231 = AXIS2_PLACEMENT_3D ( 'NONE', #2839, #6431, #124 ) ;
#5232 = ADVANCED_FACE ( 'NONE', ( #2903 ), #7097, .T. ) ;
#5233 = CARTESIAN_POINT ( 'NONE',  ( -0.6700000000000000400, 20.89999999999999858, 0.5999999999999999778 ) ) ;
#5234 = ORIENTED_EDGE ( 'NONE', *, *, #3823, .T. ) ;
#5235 = EDGE_CURVE ( 'NONE', #1263, #2955, #4971, .T. ) ;
#5236 = DIRECTION ( 'NONE',  ( 0.000000000000000000, 1.000000000000000000, 0.000000000000000000 ) ) ;
#5237 = CARTESIAN_POINT ( 'NONE',  ( 0.000000000000000000, 23.19999999999999929, -0.5999999999999999778 ) ) ;
#5238 = CARTESIAN_POINT ( 'NONE',  ( 4.500000000000000000, -2.450515463917519732, 0.4000000000000000222 ) ) ;
#5239 = CARTESIAN_POINT ( 'NONE',  ( 4.500000000000000000, -1.550515463917520043, -7.400446128206080054 ) ) ;
#5240 = LINE ( 'NONE', #8697, #3169 ) ;
#5241 = EDGE_LOOP ( 'NONE', ( #1985, #7981, #6669, #7557, #2570 ) ) ;
#5242 = LINE ( 'NONE', #6058, #8119 ) ;
#5243 = ADVANCED_FACE ( 'NONE', ( #2016 ), #3450, .T. ) ;
#5244 = DIRECTION ( 'NONE',  ( 1.000000000000000000, 0.000000000000000000, -0.000000000000000000 ) ) ;
#5245 = EDGE_CURVE ( 'NONE', #3524, #5911, #8757, .T. ) ;
#5246 = DIRECTION ( 'NONE',  ( -1.000000000000000000, -1.121588454295350027E-16, 0.000000000000000000 ) ) ;
#5247 = CARTESIAN_POINT ( 'NONE',  ( -3.000000000000000000, -3.750000000000000000, 5.000000000000000000 ) ) ;
#5248 = CARTESIAN_POINT ( 'NONE',  ( 4.500000000000000000, 4.049484536082480268, -4.899999999999999467 ) ) ;
#5249 = ORIENTED_EDGE ( 'NONE', *, *, #6239, .T. ) ;
#5250 = LINE ( 'NONE', #7458, #3969 ) ;
#5251 = VECTOR ( 'NONE', #7856, 1000.000000000000000 ) ;
#5252 = FACE_OUTER_BOUND ( 'NONE', #506, .T. ) ;
#5253 = ORIENTED_EDGE ( 'NONE', *, *, #7135, .F. ) ;
#5254 = PRODUCT_CONTEXT ( 'NONE', #8349, 'mechanical' ) ;
#5255 = ORIENTED_EDGE ( 'NONE', *, *, #2714, .F. ) ;
#5256 = EDGE_LOOP ( 'NONE', ( #8798, #8474, #2732, #5357 ) ) ;
#5257 = VERTEX_POINT ( 'NONE', #2856 ) ;
#5258 = CARTESIAN_POINT ( 'NONE',  ( 1.342230922150144501, 18.89999999999999858, -3.014700010220584758 ) ) ;
#5259 = FACE_OUTER_BOUND ( 'NONE', #8717, .T. ) ;
#5260 = DIRECTION ( 'NONE',  ( 1.000000000000000000, 0.000000000000000000, 0.000000000000000000 ) ) ;
#5261 = ORIENTED_EDGE ( 'NONE', *, *, #5634, .F. ) ;
#5262 = EDGE_LOOP ( 'NONE', ( #195, #4895, #3182, #4126 ) ) ;
#5263 = DIRECTION ( 'NONE',  ( 0.000000000000000000, 0.000000000000000000, 1.000000000000000000 ) ) ;
#5264 = EDGE_CURVE ( 'NONE', #2537, #8447, #8462, .T. ) ;
#5265 = AXIS2_PLACEMENT_3D ( 'NONE', #7813, #121, #4387 ) ;
#5266 = VERTEX_POINT ( 'NONE', #6998 ) ;
#5267 = LINE ( 'NONE', #5912, #782 ) ;
#5268 = LINE ( 'NONE', #5825, #4825 ) ;
#5269 = VERTEX_POINT ( 'NONE', #8388 ) ;
#5270 = AXIS2_PLACEMENT_3D ( 'NONE', #4801, #8359, #2034 ) ;
#5271 = CARTESIAN_POINT ( 'NONE',  ( 3.399999999999999911, -2.050000000000000266, 0.5000000000000000000 ) ) ;
#5272 = ORIENTED_EDGE ( 'NONE', *, *, #4652, .T. ) ;
#5273 = VECTOR ( 'NONE', #88, 1000.000000000000000 ) ;
#5274 = ORIENTED_EDGE ( 'NONE', *, *, #2638, .F. ) ;
#5275 = EDGE_CURVE ( 'NONE', #7923, #5489, #2762, .T. ) ;
#5276 = CARTESIAN_POINT ( 'NONE',  ( 2.350000000000000089, 4.649999999999999467, 5.599999999999999645 ) ) ;
#5277 = VECTOR ( 'NONE', #3158, 1000.000000000000000 ) ;
#5278 = CARTESIAN_POINT ( 'NONE',  ( -4.899999999999999467, 4.349484536082480091, 0.4000000000000000222 ) ) ;
#5279 = DIRECTION ( 'NONE',  ( 0.000000000000000000, 0.000000000000000000, -1.000000000000000000 ) ) ;
#5280 = DIRECTION ( 'NONE',  ( 0.000000000000000000, -1.000000000000000000, 0.000000000000000000 ) ) ;
#5281 = PLANE ( 'NONE',  #3620 ) ;
#5282 = VERTEX_POINT ( 'NONE', #1970 ) ;
#5283 = CARTESIAN_POINT ( 'NONE',  ( -5.238893727143770107, -1.550515463917520043, -8.400000000000000355 ) ) ;
#5284 = ADVANCED_FACE ( 'NONE', ( #2716, #2062 ), #8479, .T. ) ;
#5285 = LINE ( 'NONE', #1546, #5225 ) ;
#5286 = EDGE_CURVE ( 'NONE', #8994, #7987, #2159, .T. ) ;
#5287 = LINE ( 'NONE', #7284, #313 ) ;
#5288 = CARTESIAN_POINT ( 'NONE',  ( 4.899999999999999467, 1.449484536082480179, 0.4000000000000000222 ) ) ;
#5289 = DIRECTION ( 'NONE',  ( -2.168404344971010101E-16, 1.000000000000000000, 0.000000000000000000 ) ) ;
#5290 = ORIENTED_EDGE ( 'NONE', *, *, #1254, .T. ) ;
#5291 = CARTESIAN_POINT ( 'NONE',  ( 4.500000000000000000, 4.349484536082480091, 0.4000000000000000222 ) ) ;
#5292 = ADVANCED_FACE ( 'NONE', ( #9121 ), #4261, .F. ) ;
#5293 = LINE ( 'NONE', #8109, #5176 ) ;
#5294 = ORIENTED_EDGE ( 'NONE', *, *, #991, .F. ) ;
#5295 = ORIENTED_EDGE ( 'NONE', *, *, #4681, .T. ) ;
#5296 = EDGE_LOOP ( 'NONE', ( #927, #8085, #5624, #4071 ) ) ;
#5297 = EDGE_LOOP ( 'NONE', ( #4361, #8817, #3348, #3375 ) ) ;
#5298 = DIRECTION ( 'NONE',  ( -1.794207403895424777E-16, 1.000000000000000000, 0.000000000000000000 ) ) ;
#5299 = DIRECTION ( 'NONE',  ( 0.000000000000000000, 0.000000000000000000, 1.000000000000000000 ) ) ;
#5300 = DIRECTION ( 'NONE',  ( 0.000000000000000000, 1.000000000000000000, 0.000000000000000000 ) ) ;
#5301 = EDGE_CURVE ( 'NONE', #3506, #6862, #5696, .T. ) ;
#5302 = VECTOR ( 'NONE', #7301, 1000.000000000000000 ) ;
#5303 = ORIENTED_EDGE ( 'NONE', *, *, #6492, .F. ) ;
#5304 = ORIENTED_EDGE ( 'NONE', *, *, #1504, .F. ) ;
#5305 = VERTEX_POINT ( 'NONE', #3570 ) ;
#5306 =( NAMED_UNIT ( * ) SI_UNIT ( $, .STERADIAN. ) SOLID_ANGLE_UNIT ( ) );
#5307 = VECTOR ( 'NONE', #5514, 1000.000000000000000 ) ;
#5308 = SURFACE_STYLE_USAGE ( .BOTH. , #3219 ) ;
#5309 = ORIENTED_EDGE ( 'NONE', *, *, #3243, .T. ) ;
#5310 = DIRECTION ( 'NONE',  ( 0.000000000000000000, 0.000000000000000000, 1.000000000000000000 ) ) ;
#5311 = DIRECTION ( 'NONE',  ( 1.606225440719264641E-16, 1.000000000000000000, 3.102490474962830116E-31 ) ) ;
#5312 = ORIENTED_EDGE ( 'NONE', *, *, #8740, .F. ) ;
#5313 = CIRCLE ( 'NONE', #3690, 0.4999999999999995559 ) ;
#5314 = DIRECTION ( 'NONE',  ( 0.000000000000000000, 0.000000000000000000, 1.000000000000000000 ) ) ;
#5315 = ORIENTED_EDGE ( 'NONE', *, *, #5826, .T. ) ;
#5316 = AXIS2_PLACEMENT_3D ( 'NONE', #3014, #8643, #5048 ) ;
#5317 = ADVANCED_FACE ( 'NONE', ( #3521 ), #2284, .T. ) ;
#5318 = AXIS2_PLACEMENT_3D ( 'NONE', #1818, #3893, #8102 ) ;
#5319 = ORIENTED_EDGE ( 'NONE', *, *, #7124, .F. ) ;
#5320 = DIRECTION ( 'NONE',  ( 0.000000000000000000, 0.000000000000000000, 1.000000000000000000 ) ) ;
#5321 = FACE_OUTER_BOUND ( 'NONE', #4149, .T. ) ;
#5322 = FACE_OUTER_BOUND ( 'NONE', #3030, .T. ) ;
#5323 = EDGE_CURVE ( 'NONE', #4193, #7979, #3300, .T. ) ;
#5324 = LINE ( 'NONE', #1082, #6401 ) ;
#5325 = CARTESIAN_POINT ( 'NONE',  ( -1.479999999999999982, 21.50000000000000000, 0.8499999999999999778 ) ) ;
#5326 = DIRECTION ( 'NONE',  ( -1.000000000000000000, 0.000000000000000000, 0.000000000000000000 ) ) ;
#5327 = DIRECTION ( 'NONE',  ( 0.000000000000000000, 0.000000000000000000, -1.000000000000000000 ) ) ;
#5328 = ADVANCED_FACE ( 'NONE', ( #909 ), #7030, .F. ) ;
#5329 = SHAPE_REPRESENTATION ( 'Part4', ( #7110 ), #1511 ) ;
#5330 = CARTESIAN_POINT ( 'NONE',  ( -1.479999999999999982, 21.50000000000000000, 0.6999999999999998446 ) ) ;
#5331 = AXIS2_PLACEMENT_3D ( 'NONE', #6028, #5344, #5298 ) ;
#5332 = LINE ( 'NONE', #3245, #8370 ) ;
#5333 = CARTESIAN_POINT ( 'NONE',  ( 3.674999999999999822, 3.649484536082480357, 0.4000000000000000222 ) ) ;
#5334 = VERTEX_POINT ( 'NONE', #2188 ) ;
#5335 = FACE_OUTER_BOUND ( 'NONE', #549, .T. ) ;
#5336 = DIRECTION ( 'NONE',  ( 0.000000000000000000, 0.000000000000000000, 1.000000000000000000 ) ) ;
#5337 = VECTOR ( 'NONE', #6320, 1000.000000000000000 ) ;
#5338 = ORIENTED_EDGE ( 'NONE', *, *, #2169, .F. ) ;
#5339 = EDGE_CURVE ( 'NONE', #3442, #2994, #5745, .T. ) ;
#5340 = ORIENTED_EDGE ( 'NONE', *, *, #6982, .F. ) ;
#5341 = EDGE_CURVE ( 'NONE', #8903, #4966, #8556, .T. ) ;
#5342 = VERTEX_POINT ( 'NONE', #7959 ) ;
#5343 = VERTEX_POINT ( 'NONE', #28 ) ;
#5344 = DIRECTION ( 'NONE',  ( 1.000000000000000000, 1.794207403895424777E-16, 0.000000000000000000 ) ) ;
#5345 = CYLINDRICAL_SURFACE ( 'NONE', #6173, 0.9000000000000001332 ) ;
#5346 = DIRECTION ( 'NONE',  ( 0.000000000000000000, 0.000000000000000000, 1.000000000000000000 ) ) ;
#5347 = ORIENTED_EDGE ( 'NONE', *, *, #1798, .T. ) ;
#5348 = EDGE_CURVE ( 'NONE', #8862, #7619, #4037, .T. ) ;
#5349 = ORIENTED_EDGE ( 'NONE', *, *, #2918, .T. ) ;
#5350 = EDGE_CURVE ( 'NONE', #4193, #2130, #4247, .T. ) ;
#5351 = DIRECTION ( 'NONE',  ( 0.000000000000000000, 0.000000000000000000, 1.000000000000000000 ) ) ;
#5352 = VECTOR ( 'NONE', #871, 1000.000000000000000 ) ;
#5353 = ORIENTED_EDGE ( 'NONE', *, *, #2566, .F. ) ;
#5354 = TOROIDAL_SURFACE ( 'NONE', #3001, 3.500000000000000000, 0.4000000000000000222 ) ;
#5355 = LINE ( 'NONE', #2491, #5034 ) ;
#5356 = PLANE ( 'NONE',  #6730 ) ;
#5357 = ORIENTED_EDGE ( 'NONE', *, *, #3080, .T. ) ;
#5358 = CARTESIAN_POINT ( 'NONE',  ( 0.5000000000000000000, 0.9499999999999999556, 0.5000000000000000000 ) ) ;
#5359 = VERTEX_POINT ( 'NONE', #6521 ) ;
#5360 = VECTOR ( 'NONE', #664, 1000.000000000000000 ) ;
#5361 = CIRCLE ( 'NONE', #2561, 3.000000000000000000 ) ;
#5362 = ORIENTED_EDGE ( 'NONE', *, *, #6078, .F. ) ;
#5363 = CARTESIAN_POINT ( 'NONE',  ( 4.500000000000000000, 0.4494845360824785141, -5.799999999999999822 ) ) ;
#5364 = LINE ( 'NONE', #3965, #3789 ) ;
#5365 = VECTOR ( 'NONE', #6654, 1000.000000000000000 ) ;
#5366 = LINE ( 'NONE', #8008, #5062 ) ;
#5367 = EDGE_CURVE ( 'NONE', #5210, #1107, #2237, .T. ) ;
#5368 = CARTESIAN_POINT ( 'NONE',  ( -3.500000000000000000, 0.4500000000000000111, 2.500000000000000000 ) ) ;
#5369 = ORIENTED_EDGE ( 'NONE', *, *, #8222, .T. ) ;
#5370 = DIRECTION ( 'NONE',  ( 0.000000000000000000, 1.000000000000000000, -1.445602896647340100E-15 ) ) ;
#5371 = DIRECTION ( 'NONE',  ( 1.000000000000000000, 0.000000000000000000, 0.000000000000000000 ) ) ;
#5372 = EDGE_CURVE ( 'NONE', #7622, #8985, #7224, .T. ) ;
#5373 = DIRECTION ( 'NONE',  ( 0.000000000000000000, -1.000000000000000000, 0.000000000000000000 ) ) ;
#5374 = CARTESIAN_POINT ( 'NONE',  ( 3.649999999999999911, 4.649999999999999467, 5.599999999999999645 ) ) ;
#5375 = DIRECTION ( 'NONE',  ( 1.445602896647339903E-16, 1.000000000000000000, 0.000000000000000000 ) ) ;
#5376 = ORIENTED_EDGE ( 'NONE', *, *, #7897, .F. ) ;
#5377 = CARTESIAN_POINT ( 'NONE',  ( -3.000000000000000000, -3.750000000000000000, 5.599999999999999645 ) ) ;
#5378 = DIRECTION ( 'NONE',  ( -0.4226182617407095998, 0.000000000000000000, 0.9063077870366452737 ) ) ;
#5379 = EDGE_LOOP ( 'NONE', ( #4630, #5984, #1967, #5992, #7781, #5249 ) ) ;
#5380 = EDGE_LOOP ( 'NONE', ( #1148, #2270, #3302, #3263 ) ) ;
#5381 = ORIENTED_EDGE ( 'NONE', *, *, #6899, .T. ) ;
#5382 = CARTESIAN_POINT ( 'NONE',  ( -4.899999999999999467, 4.049484536082480268, -4.299999999999999822 ) ) ;
#5383 = EDGE_CURVE ( 'NONE', #2657, #3571, #73, .T. ) ;
#5384 = VECTOR ( 'NONE', #8874, 1000.000000000000000 ) ;
#5385 = DIRECTION ( 'NONE',  ( 1.000000000000000000, -2.491288438666620049E-16, 8.643393079969189529E-32 ) ) ;
#5386 = LINE ( 'NONE', #8200, #5810 ) ;
#5387 = LINE ( 'NONE', #689, #6625 ) ;
#5388 = ORIENTED_EDGE ( 'NONE', *, *, #2823, .T. ) ;
#5389 = EDGE_CURVE ( 'NONE', #5015, #3050, #2975, .T. ) ;
#5390 = VERTEX_POINT ( 'NONE', #3707 ) ;
#5391 = LINE ( 'NONE', #3951, #636 ) ;
#5392 = ORIENTED_EDGE ( 'NONE', *, *, #8002, .T. ) ;
#5393 = LINE ( 'NONE', #6816, #2824 ) ;
#5394 = ORIENTED_EDGE ( 'NONE', *, *, #3077, .T. ) ;
#5395 = DIRECTION ( 'NONE',  ( -0.000000000000000000, 1.000000000000000000, -0.000000000000000000 ) ) ;
#5396 = EDGE_CURVE ( 'NONE', #8862, #1163, #4959, .T. ) ;
#5397 = CARTESIAN_POINT ( 'NONE',  ( -2.100000000000000089, -6.400000000000000355, -1.350000000000000089 ) ) ;
#5398 = CARTESIAN_POINT ( 'NONE',  ( 4.500000000000000000, 1.349484536082480091, 1.046690729826379813E-31 ) ) ;
#5399 = ORIENTED_EDGE ( 'NONE', *, *, #2895, .T. ) ;
#5400 = ADVANCED_FACE ( 'NONE', ( #3662 ), #217, .T. ) ;
#5401 = CARTESIAN_POINT ( 'NONE',  ( 0.000000000000000000, 20.19999999999999929, 0.000000000000000000 ) ) ;
#5402 = ORIENTED_EDGE ( 'NONE', *, *, #3420, .F. ) ;
#5403 = AXIS2_PLACEMENT_3D ( 'NONE', #8499, #6421, #112 ) ;
#5404 = VERTEX_POINT ( 'NONE', #4293 ) ;
#5405 = CARTESIAN_POINT ( 'NONE',  ( 2.600000000000000089, -2.035644895278905162E-16, -4.899999999999999467 ) ) ;
#5406 = DIRECTION ( 'NONE',  ( -1.000000000000000000, 0.000000000000000000, 0.000000000000000000 ) ) ;
#5407 = CIRCLE ( 'NONE', #8070, 0.4000000000000001887 ) ;
#5408 = DIRECTION ( 'NONE',  ( 0.000000000000000000, -1.000000000000000000, 0.000000000000000000 ) ) ;
#5409 = DIRECTION ( 'NONE',  ( 0.5147285590694874458, 0.000000000000000000, 0.8573532005412058954 ) ) ;
#5410 = ORIENTED_EDGE ( 'NONE', *, *, #6447, .F. ) ;
#5411 = DIRECTION ( 'NONE',  ( 0.000000000000000000, 0.000000000000000000, 1.000000000000000000 ) ) ;
#5412 = ADVANCED_FACE ( 'NONE', ( #8606 ), #5098, .T. ) ;
#5413 = LINE ( 'NONE', #8232, #8314 ) ;
#5414 = CARTESIAN_POINT ( 'NONE',  ( -1.899999999999999911, 3.600000000000000089, 0.1000000000000000056 ) ) ;
#5415 = LINE ( 'NONE', #5553, #1856 ) ;
#5416 = LINE ( 'NONE', #4719, #420 ) ;
#5417 = FACE_OUTER_BOUND ( 'NONE', #7463, .T. ) ;
#5418 = ORIENTED_EDGE ( 'NONE', *, *, #8542, .T. ) ;
#5419 = CARTESIAN_POINT ( 'NONE',  ( 0.000000000000000000, -6.500000000000002665, 3.000000000000000000 ) ) ;
#5420 = LINE ( 'NONE', #7502, #7084 ) ;
#5421 = EDGE_CURVE ( 'NONE', #1263, #6766, #77, .T. ) ;
#5422 = ORIENTED_EDGE ( 'NONE', *, *, #3949, .F. ) ;
#5423 = ORIENTED_EDGE ( 'NONE', *, *, #5275, .T. ) ;
#5424 = CARTESIAN_POINT ( 'NONE',  ( 0.000000000000000000, -0.5505154639175199316, 0.4000000000000000222 ) ) ;
#5425 = LINE ( 'NONE', #8248, #2946 ) ;
#5426 = DIRECTION ( 'NONE',  ( 8.850629979473508477E-17, -1.000000000000000000, -3.614007241618350250E-16 ) ) ;
#5427 = CARTESIAN_POINT ( 'NONE',  ( 4.500000000000000000, -2.550515463917519821, -5.899999999999999467 ) ) ;
#5428 = EDGE_CURVE ( 'NONE', #7609, #6981, #2107, .T. ) ;
#5429 = VERTEX_POINT ( 'NONE', #3108 ) ;
#5430 = ORIENTED_EDGE ( 'NONE', *, *, #3767, .F. ) ;
#5431 = VECTOR ( 'NONE', #196, 1000.000000000000000 ) ;
#5432 = EDGE_CURVE ( 'NONE', #8689, #3623, #3840, .T. ) ;
#5433 = EDGE_LOOP ( 'NONE', ( #8635, #4943 ) ) ;
#5434 = ORIENTED_EDGE ( 'NONE', *, *, #2782, .T. ) ;
#5435 = LINE ( 'NONE', #8258, #2232 ) ;
#5436 = AXIS2_PLACEMENT_3D ( 'NONE', #8892, #2574, #413 ) ;
#5437 = AXIS2_PLACEMENT_3D ( 'NONE', #3048, #1610, #6549 ) ;
#5438 = CARTESIAN_POINT ( 'NONE',  ( -1.062518129035793872E-14, 0.4500000000000130007, 0.000000000000000000 ) ) ;
#5439 = FACE_OUTER_BOUND ( 'NONE', #7005, .T. ) ;
#5440 = ORIENTED_EDGE ( 'NONE', *, *, #2610, .F. ) ;
#5441 = DIRECTION ( 'NONE',  ( 1.000000000000000000, -2.491288438666615119E-16, 1.931541112668180039E-15 ) ) ;
#5442 = ORIENTED_EDGE ( 'NONE', *, *, #1537, .F. ) ;
#5443 = EDGE_CURVE ( 'NONE', #6878, #3188, #3150, .T. ) ;
#5444 = VECTOR ( 'NONE', #6068, 1000.000000000000000 ) ;
#5445 = EDGE_LOOP ( 'NONE', ( #4988, #5641, #1746, #2093 ) ) ;
#5446 = CARTESIAN_POINT ( 'NONE',  ( -4.500000000000000000, 6.873989284057759914E-16, -5.799999999999999822 ) ) ;
#5447 = EDGE_CURVE ( 'NONE', #7935, #4287, #259, .T. ) ;
#5448 = CARTESIAN_POINT ( 'NONE',  ( -4.500000000000000000, 4.349484536082480091, -4.299999999999999822 ) ) ;
#5449 = VECTOR ( 'NONE', #4735, 1000.000000000000000 ) ;
#5450 = FACE_OUTER_BOUND ( 'NONE', #7322, .T. ) ;
#5451 = DIRECTION ( 'NONE',  ( 0.000000000000000000, 0.000000000000000000, -1.000000000000000000 ) ) ;
#5452 = CARTESIAN_POINT ( 'NONE',  ( 2.600000000000000089, 4.049484536082480268, -5.299999999999999822 ) ) ;
#5453 = VERTEX_POINT ( 'NONE', #1722 ) ;
#5454 = CARTESIAN_POINT ( 'NONE',  ( 4.500000000000000000, 4.049484536082480268, -4.899999999999999467 ) ) ;
#5455 = CARTESIAN_POINT ( 'NONE',  ( -4.500000000000000000, 3.982783490763080109E-16, 0.000000000000000000 ) ) ;
#5456 = STYLED_ITEM ( 'NONE', ( #6284 ), #1962 ) ;
#5457 = VECTOR ( 'NONE', #8879, 1000.000000000000000 ) ;
#5458 = AXIS2_PLACEMENT_3D ( 'NONE', #4263, #7742, #1375 ) ;
#5459 = AXIS2_PLACEMENT_3D ( 'NONE', #8546, #1578, #4382 ) ;
#5460 = PLANE ( 'NONE',  #8261 ) ;
#5461 = EDGE_CURVE ( 'NONE', #453, #3550, #1037, .T. ) ;
#5462 = DIRECTION ( 'NONE',  ( 0.000000000000000000, 0.000000000000000000, -1.000000000000000000 ) ) ;
#5463 = FACE_OUTER_BOUND ( 'NONE', #4688, .T. ) ;
#5464 = FACE_OUTER_BOUND ( 'NONE', #1704, .T. ) ;
#5465 = CARTESIAN_POINT ( 'NONE',  ( -1.734723475976804925E-15, 0.4500000000000000111, 2.500000000000000000 ) ) ;
#5466 = ORIENTED_EDGE ( 'NONE', *, *, #1901, .F. ) ;
#5467 = CARTESIAN_POINT ( 'NONE',  ( -4.899999999999999467, -5.450515463917520620, 0.4000000000000000222 ) ) ;
#5468 = DIRECTION ( 'NONE',  ( -8.850629979473508477E-17, -1.000000000000000000, 0.000000000000000000 ) ) ;
#5469 = ORIENTED_EDGE ( 'NONE', *, *, #161, .T. ) ;
#5470 = VECTOR ( 'NONE', #2616, 1000.000000000000000 ) ;
#5471 = EDGE_LOOP ( 'NONE', ( #6870, #7779, #6281, #5526 ) ) ;
#5472 = ORIENTED_EDGE ( 'NONE', *, *, #2255, .F. ) ;
#5473 = DIRECTION ( 'NONE',  ( -1.000000000000000000, 0.000000000000000000, 0.000000000000000000 ) ) ;
#5474 = CIRCLE ( 'NONE', #6650, 1.200000000000059908 ) ;
#5475 = LINE ( 'NONE', #8934, #153 ) ;
#5476 = DIRECTION ( 'NONE',  ( 1.000000000000000000, 0.000000000000000000, 0.000000000000000000 ) ) ;
#5477 = CARTESIAN_POINT ( 'NONE',  ( 0.8032336497292300592, 20.89999999999999858, -2.404700010220584883 ) ) ;
#5478 = ORIENTED_EDGE ( 'NONE', *, *, #6017, .T. ) ;
#5479 = EDGE_CURVE ( 'NONE', #2163, #2661, #8823, .T. ) ;
#5480 = ORIENTED_EDGE ( 'NONE', *, *, #7267, .F. ) ;
#5481 = ORIENTED_EDGE ( 'NONE', *, *, #6747, .T. ) ;
#5482 = ORIENTED_EDGE ( 'NONE', *, *, #8497, .F. ) ;
#5483 = ADVANCED_FACE ( 'NONE', ( #5926 ), #5879, .F. ) ;
#5484 = ORIENTED_EDGE ( 'NONE', *, *, #2288, .F. ) ;
#5485 = DIRECTION ( 'NONE',  ( 0.000000000000000000, 0.000000000000000000, 1.000000000000000000 ) ) ;
#5486 = DIRECTION ( 'NONE',  ( -8.850629979473508477E-17, -1.000000000000000000, 8.673617379884039416E-16 ) ) ;
#5487 = DIRECTION ( 'NONE',  ( 0.000000000000000000, 1.000000000000000000, 3.559366888705205049E-31 ) ) ;
#5488 = EDGE_CURVE ( 'NONE', #6208, #1263, #4619, .T. ) ;
#5489 = VERTEX_POINT ( 'NONE', #1128 ) ;
#5490 = CARTESIAN_POINT ( 'NONE',  ( 4.500000000000000000, 1.349484536082480091, -0.5999999999999918732 ) ) ;
#5491 = ORIENTED_EDGE ( 'NONE', *, *, #5209, .F. ) ;
#5492 = AXIS2_PLACEMENT_3D ( 'NONE', #4898, #8959, #3422 ) ;
#5493 = ORIENTED_EDGE ( 'NONE', *, *, #4549, .T. ) ;
#5494 = PLANE ( 'NONE',  #8577 ) ;
#5495 = PLANE ( 'NONE',  #5270 ) ;
#5496 = ADVANCED_FACE ( 'NONE', ( #3756 ), #8094, .T. ) ;
#5497 = DIRECTION ( 'NONE',  ( 0.000000000000000000, 0.000000000000000000, -1.000000000000000000 ) ) ;
#5498 = CARTESIAN_POINT ( 'NONE',  ( 4.400000000000000355, -4.200000000000000178, 0.000000000000000000 ) ) ;
#5499 = FACE_OUTER_BOUND ( 'NONE', #4417, .T. ) ;
#5500 = DIRECTION ( 'NONE',  ( -1.000000000000000000, -0.000000000000000000, -0.000000000000000000 ) ) ;
#5501 = AXIS2_PLACEMENT_3D ( 'NONE', #8981, #5346, #1873 ) ;
#5502 =( LENGTH_UNIT ( ) NAMED_UNIT ( * ) SI_UNIT ( .MILLI., .METRE. ) );
#5503 = VECTOR ( 'NONE', #9066, 1000.000000000000000 ) ;
#5504 = VERTEX_POINT ( 'NONE', #8180 ) ;
#5505 = EDGE_CURVE ( 'NONE', #6036, #2852, #6700, .T. ) ;
#5506 = VECTOR ( 'NONE', #3888, 1000.000000000000000 ) ;
#5507 = CARTESIAN_POINT ( 'NONE',  ( 3.399999999999999911, -2.050000000000000266, 0.5000000000000000000 ) ) ;
#5508 = AXIS2_PLACEMENT_3D ( 'NONE', #8015, #1691, #3112 ) ;
#5509 = CARTESIAN_POINT ( 'NONE',  ( 4.500000000000000000, -3.540251991789405240E-17, -4.299999999999999822 ) ) ;
#5510 = EDGE_CURVE ( 'NONE', #6378, #8689, #2464, .T. ) ;
#5511 = DIRECTION ( 'NONE',  ( 0.000000000000000000, 0.000000000000000000, 1.000000000000000000 ) ) ;
#5512 = CARTESIAN_POINT ( 'NONE',  ( -3.878914831578274658, -0.5505154639175210418, -8.538556816112469861 ) ) ;
#5513 = LINE ( 'NONE', #3522, #1843 ) ;
#5514 = DIRECTION ( 'NONE',  ( 0.000000000000000000, 0.000000000000000000, 1.000000000000000000 ) ) ;
#5515 = CARTESIAN_POINT ( 'NONE',  ( 0.5000000000000000000, 2.949999999999999734, 0.5000000000000000000 ) ) ;
#5516 = EDGE_CURVE ( 'NONE', #1653, #5782, #5815, .T. ) ;
#5517 = VERTEX_POINT ( 'NONE', #5239 ) ;
#5518 = ORIENTED_EDGE ( 'NONE', *, *, #4456, .T. ) ;
#5519 = CARTESIAN_POINT ( 'NONE',  ( -3.250000000000000000, -5.549999999999999822, -6.159999999999999254 ) ) ;
#5520 = ORIENTED_EDGE ( 'NONE', *, *, #161, .F. ) ;
#5521 = LINE ( 'NONE', #8340, #2674 ) ;
#5522 = DIRECTION ( 'NONE',  ( 1.000000000000000000, -1.606225440719264641E-16, 1.931541112668180039E-15 ) ) ;
#5523 = LINE ( 'NONE', #2114, #2707 ) ;
#5524 = DIRECTION ( 'NONE',  ( 0.000000000000000000, 1.000000000000000000, 0.000000000000000000 ) ) ;
#5525 = ORIENTED_EDGE ( 'NONE', *, *, #4243, .F. ) ;
#5526 = ORIENTED_EDGE ( 'NONE', *, *, #5221, .F. ) ;
#5527 = VECTOR ( 'NONE', #784, 1000.000000000000000 ) ;
#5528 = ORIENTED_EDGE ( 'NONE', *, *, #6965, .F. ) ;
#5529 = EDGE_CURVE ( 'NONE', #108, #5994, #5324, .T. ) ;
#5530 = ORIENTED_EDGE ( 'NONE', *, *, #3278, .F. ) ;
#5531 = LINE ( 'NONE', #8533, #7245 ) ;
#5532 = DIRECTION ( 'NONE',  ( 0.000000000000000000, 0.000000000000000000, 1.000000000000000000 ) ) ;
#5533 = LINE ( 'NONE', #6821, #3870 ) ;
#5534 = ORIENTED_EDGE ( 'NONE', *, *, #3102, .T. ) ;
#5535 = AXIS2_PLACEMENT_3D ( 'NONE', #290, #987, #158 ) ;
#5536 = DIRECTION ( 'NONE',  ( 0.000000000000000000, 0.000000000000000000, 1.000000000000000000 ) ) ;
#5537 = PRODUCT_DEFINITION ( 'UNKNOWN', '', #4461, #5608 ) ;
#5538 = VERTEX_POINT ( 'NONE', #8009 ) ;
#5539 = ORIENTED_EDGE ( 'NONE', *, *, #6298, .T. ) ;
#5540 = DIRECTION ( 'NONE',  ( 1.000000000000000000, 0.000000000000000000, 0.000000000000000000 ) ) ;
#5541 = CARTESIAN_POINT ( 'NONE',  ( 0.8032336497292300592, 20.89999999999999858, -0.8947000102205828753 ) ) ;
#5542 = CARTESIAN_POINT ( 'NONE',  ( 2.598076211353316456, 5.499999999999998224, 1.499999999999999778 ) ) ;
#5543 = LINE ( 'NONE', #1167, #7580 ) ;
#5544 = LINE ( 'NONE', #576, #98 ) ;
#5545 = ORIENTED_EDGE ( 'NONE', *, *, #6275, .T. ) ;
#5546 = CARTESIAN_POINT ( 'NONE',  ( 4.500000000000000000, 4.349484536082480091, -4.299999999999999822 ) ) ;
#5547 = VECTOR ( 'NONE', #4290, 1000.000000000000000 ) ;
#5548 = PLANE ( 'NONE',  #4712 ) ;
#5549 = ORIENTED_EDGE ( 'NONE', *, *, #2132, .F. ) ;
#5550 = EDGE_CURVE ( 'NONE', #9064, #3208, #1686, .T. ) ;
#5551 = CIRCLE ( 'NONE', #7338, 0.6750000000000002665 ) ;
#5552 = CARTESIAN_POINT ( 'NONE',  ( -0.4500000000000000111, -3.625230054855794748, 2.100000000000000089 ) ) ;
#5553 = CARTESIAN_POINT ( 'NONE',  ( 0.6700000000000000400, 21.69999999999999929, 0.5999999999999999778 ) ) ;
#5554 = CARTESIAN_POINT ( 'NONE',  ( -0.5000000000000000000, 21.69999999999999929, 1.500000000000000000 ) ) ;
#5555 = DIRECTION ( 'NONE',  ( -1.232047923278981706E-16, 0.000000000000000000, 1.000000000000000000 ) ) ;
#5556 = CARTESIAN_POINT ( 'NONE',  ( -4.899999999999999467, -1.550515463917520043, -7.400000000000000355 ) ) ;
#5557 = VERTEX_POINT ( 'NONE', #7449 ) ;
#5558 = DIRECTION ( 'NONE',  ( -0.9999994735200917750, -0.000000000000000000, 0.001026138167771527797 ) ) ;
#5559 = DIRECTION ( 'NONE',  ( -1.931541112668180039E-15, 0.000000000000000000, 1.000000000000000000 ) ) ;
#5560 = VECTOR ( 'NONE', #1795, 1000.000000000000000 ) ;
#5561 = ORIENTED_EDGE ( 'NONE', *, *, #3767, .T. ) ;
#5562 = EDGE_CURVE ( 'NONE', #8718, #529, #6684, .T. ) ;
#5563 = CARTESIAN_POINT ( 'NONE',  ( -4.488138397514200406, -0.5505154639175210418, -10.00999999999999979 ) ) ;
#5564 = VERTEX_POINT ( 'NONE', #2504 ) ;
#5565 = CARTESIAN_POINT ( 'NONE',  ( 1.898540922494819982, 18.89999999999999858, 3.349334615354596867 ) ) ;
#5566 = VECTOR ( 'NONE', #1696, 1000.000000000000000 ) ;
#5567 = EDGE_LOOP ( 'NONE', ( #4274, #1449 ) ) ;
#5568 = DIRECTION ( 'NONE',  ( 1.000000000000000000, 0.000000000000000000, 1.931541112668180039E-15 ) ) ;
#5569 = ADVANCED_FACE ( 'NONE', ( #3234 ), #6055, .T. ) ;
#5570 = LINE ( 'NONE', #2158, #6565 ) ;
#5571 = CARTESIAN_POINT ( 'NONE',  ( 3.000000000000000000, -3.750000000000000000, 5.599999999999999645 ) ) ;
#5572 = LINE ( 'NONE', #1463, #6488 ) ;
#5573 = ORIENTED_EDGE ( 'NONE', *, *, #3573, .T. ) ;
#5574 = ORIENTED_EDGE ( 'NONE', *, *, #5595, .F. ) ;
#5575 = ORIENTED_EDGE ( 'NONE', *, *, #569, .F. ) ;
#5576 = DIRECTION ( 'NONE',  ( 0.000000000000000000, 0.000000000000000000, -1.000000000000000000 ) ) ;
#5577 = EDGE_CURVE ( 'NONE', #1804, #3248, #7674, .T. ) ;
#5578 = FACE_OUTER_BOUND ( 'NONE', #7532, .T. ) ;
#5579 = DIRECTION ( 'NONE',  ( 0.000000000000000000, 0.000000000000000000, -1.000000000000000000 ) ) ;
#5580 = ORIENTED_EDGE ( 'NONE', *, *, #3621, .T. ) ;
#5581 = FACE_OUTER_BOUND ( 'NONE', #2445, .T. ) ;
#5582 = VERTEX_POINT ( 'NONE', #4664 ) ;
#5583 = AXIS2_PLACEMENT_3D ( 'NONE', #5490, #2030, #2775 ) ;
#5584 = ORIENTED_EDGE ( 'NONE', *, *, #4234, .F. ) ;
#5585 = DIRECTION ( 'NONE',  ( -1.000000000000000000, 1.445602896647339903E-16, 0.000000000000000000 ) ) ;
#5586 = CARTESIAN_POINT ( 'NONE',  ( -0.7500000000000000000, -5.549999999999999822, 1.000000000000000000 ) ) ;
#5587 = CARTESIAN_POINT ( 'NONE',  ( -0.5000000000000000000, -0.05202383709185190441, 0.5000000000000000000 ) ) ;
#5588 = DIRECTION ( 'NONE',  ( 0.000000000000000000, 0.000000000000000000, 1.000000000000000000 ) ) ;
#5589 = CARTESIAN_POINT ( 'NONE',  ( -3.250000000000000000, -6.400000000000000355, 0.000000000000000000 ) ) ;
#5590 = VERTEX_POINT ( 'NONE', #4757 ) ;
#5591 = CARTESIAN_POINT ( 'NONE',  ( 1.750000000000000000, -6.700000000000000178, -1.350000000000000089 ) ) ;
#5592 = CARTESIAN_POINT ( 'NONE',  ( 0.000000000000000000, 5.950000000000000178, 0.000000000000000000 ) ) ;
#5593 = ORIENTED_EDGE ( 'NONE', *, *, #4154, .T. ) ;
#5594 = VECTOR ( 'NONE', #2715, 1000.000000000000000 ) ;
#5595 = EDGE_CURVE ( 'NONE', #261, #8113, #4928, .T. ) ;
#5596 = LINE ( 'NONE', #7811, #2960 ) ;
#5597 = EDGE_CURVE ( 'NONE', #1234, #5986, #1991, .T. ) ;
#5598 = VECTOR ( 'NONE', #6667, 1000.000000000000000 ) ;
#5599 = LINE ( 'NONE', #4245, #6134 ) ;
#5600 = LINE ( 'NONE', #6151, #8748 ) ;
#5601 = DIRECTION ( 'NONE',  ( 0.4788843252279000318, 0.000000000000000000, -0.8778780114862309025 ) ) ;
#5602 = CIRCLE ( 'NONE', #1184, 3.500000000000000000 ) ;
#5603 = DIRECTION ( 'NONE',  ( -1.000000000000000000, 0.000000000000000000, 0.000000000000000000 ) ) ;
#5604 = EDGE_CURVE ( 'NONE', #5564, #3900, #6102, .T. ) ;
#5605 = CARTESIAN_POINT ( 'NONE',  ( -2.899999999999999911, -6.400000000000000355, -5.750000000000000000 ) ) ;
#5606 = AXIS2_PLACEMENT_3D ( 'NONE', #4498, #7455, #5151 ) ;
#5607 = CIRCLE ( 'NONE', #5316, 0.4000000000000001887 ) ;
#5608 = PRODUCT_DEFINITION_CONTEXT ( 'detailed design', #4870, 'design' ) ;
#5609 = ORIENTED_EDGE ( 'NONE', *, *, #141, .T. ) ;
#5610 = PLANE ( 'NONE',  #7992 ) ;
#5611 = ORIENTED_EDGE ( 'NONE', *, *, #6510, .F. ) ;
#5612 = VECTOR ( 'NONE', #4743, 1000.000000000000000 ) ;
#5613 = FACE_OUTER_BOUND ( 'NONE', #4837, .T. ) ;
#5614 = VERTEX_POINT ( 'NONE', #5498 ) ;
#5615 = CARTESIAN_POINT ( 'NONE',  ( -4.500000000000000000, -2.450515463917519732, -0.5999999999999999778 ) ) ;
#5616 = CARTESIAN_POINT ( 'NONE',  ( -1.091177379365209976, 20.19999999999999929, -0.5047000102205829730 ) ) ;
#5617 = CARTESIAN_POINT ( 'NONE',  ( -2.500000000000000000, -6.400000000000000355, 0.000000000000000000 ) ) ;
#5618 = EDGE_CURVE ( 'NONE', #1602, #7108, #2036, .T. ) ;
#5619 = CARTESIAN_POINT ( 'NONE',  ( 0.5000000000000000000, 0.9499999999999999556, 0.5000000000000000000 ) ) ;
#5620 = ORIENTED_EDGE ( 'NONE', *, *, #4250, .F. ) ;
#5621 = VERTEX_POINT ( 'NONE', #1261 ) ;
#5622 = VECTOR ( 'NONE', #2582, 1000.000000000000000 ) ;
#5623 = EDGE_CURVE ( 'NONE', #4350, #611, #575, .T. ) ;
#5624 = ORIENTED_EDGE ( 'NONE', *, *, #6175, .T. ) ;
#5625 = EDGE_LOOP ( 'NONE', ( #1878, #3595, #4248, #1794 ) ) ;
#5626 = CARTESIAN_POINT ( 'NONE',  ( -0.5000000000000000000, 0.9499999999999999556, 0.5000000000000000000 ) ) ;
#5627 = AXIS2_PLACEMENT_3D ( 'NONE', #1879, #4689, #4004 ) ;
#5628 = DIRECTION ( 'NONE',  ( 0.000000000000000000, 0.000000000000000000, 1.000000000000000000 ) ) ;
#5629 = EDGE_CURVE ( 'NONE', #6729, #1346, #8273, .T. ) ;
#5630 = ORIENTED_EDGE ( 'NONE', *, *, #3633, .T. ) ;
#5631 = FACE_OUTER_BOUND ( 'NONE', #1135, .T. ) ;
#5632 = CONICAL_SURFACE ( 'NONE', #1357, 0.5999999999999999778, 0.7853981633974485010 ) ;
#5633 = VERTEX_POINT ( 'NONE', #6875 ) ;
#5634 = EDGE_CURVE ( 'NONE', #8762, #7515, #7491, .T. ) ;
#5635 = VERTEX_POINT ( 'NONE', #6279 ) ;
#5636 = CARTESIAN_POINT ( 'NONE',  ( 4.500000000000000000, 0.000000000000000000, 0.4000000000000000222 ) ) ;
#5637 = AXIS2_PLACEMENT_3D ( 'NONE', #1616, #7260, #3009 ) ;
#5638 = CARTESIAN_POINT ( 'NONE',  ( 4.500000000000000000, -5.150515463917519909, -4.299999999999999822 ) ) ;
#5639 = DIRECTION ( 'NONE',  ( 0.000000000000000000, 0.000000000000000000, 1.000000000000000000 ) ) ;
#5640 = DIRECTION ( 'NONE',  ( -0.000000000000000000, 1.000000000000000000, -0.000000000000000000 ) ) ;
#5641 = ORIENTED_EDGE ( 'NONE', *, *, #107, .T. ) ;
#5642 = LINE ( 'NONE', #1216, #7976 ) ;
#5643 = LINE ( 'NONE', #1491, #6632 ) ;
#5644 = VERTEX_POINT ( 'NONE', #1893 ) ;
#5645 = AXIS2_PLACEMENT_3D ( 'NONE', #7117, #7757, #806 ) ;
#5646 = CARTESIAN_POINT ( 'NONE',  ( -0.7500000000000000000, -6.400000000000000355, -1.350000000000000089 ) ) ;
#5647 = CARTESIAN_POINT ( 'NONE',  ( -3.674999999999999822, -4.750515463917520442, 0.4000000000000000222 ) ) ;
#5648 = CIRCLE ( 'NONE', #5798, 0.6500000000000000222 ) ;
#5649 = DIRECTION ( 'NONE',  ( -1.000000000000000000, 0.000000000000000000, 0.000000000000000000 ) ) ;
#5650 = AXIS2_PLACEMENT_3D ( 'NONE', #7773, #5699, #6338 ) ;
#5651 = CARTESIAN_POINT ( 'NONE',  ( -3.000000000000000000, 4.649999999999999467, 5.599999999999999645 ) ) ;
#5652 = LINE ( 'NONE', #8467, #1989 ) ;
#5653 = ORIENTED_EDGE ( 'NONE', *, *, #9058, .F. ) ;
#5654 = LINE ( 'NONE', #8469, #8837 ) ;
#5655 = LINE ( 'NONE', #4916, #4470 ) ;
#5656 = EDGE_CURVE ( 'NONE', #5633, #831, #5543, .T. ) ;
#5657 = ORIENTED_EDGE ( 'NONE', *, *, #4369, .F. ) ;
#5658 = VECTOR ( 'NONE', #1608, 1000.000000000000000 ) ;
#5659 = VECTOR ( 'NONE', #1217, 1000.000000000000000 ) ;
#5660 = CARTESIAN_POINT ( 'NONE',  ( 5.259901047426960297, -1.550515463917524928, -9.291887738487540460 ) ) ;
#5661 = VERTEX_POINT ( 'NONE', #3284 ) ;
#5662 = CARTESIAN_POINT ( 'NONE',  ( 3.206271600917504738, 0.4494845360824790137, -8.171628500994101429 ) ) ;
#5663 = ORIENTED_EDGE ( 'NONE', *, *, #3802, .F. ) ;
#5664 = DIRECTION ( 'NONE',  ( 0.000000000000000000, 0.000000000000000000, 1.000000000000000000 ) ) ;
#5665 = LINE ( 'NONE', #8478, #7419 ) ;
#5666 = FACE_OUTER_BOUND ( 'NONE', #3425, .T. ) ;
#5667 = VECTOR ( 'NONE', #7359, 1000.000000000000000 ) ;
#5668 = FACE_OUTER_BOUND ( 'NONE', #2615, .T. ) ;
#5669 = ORIENTED_EDGE ( 'NONE', *, *, #3781, .F. ) ;
#5670 = EDGE_CURVE ( 'NONE', #373, #1185, #1350, .T. ) ;
#5671 = ORIENTED_EDGE ( 'NONE', *, *, #3640, .F. ) ;
#5672 = ORIENTED_EDGE ( 'NONE', *, *, #3892, .F. ) ;
#5673 = PLANE ( 'NONE',  #23 ) ;
#5674 = DIRECTION ( 'NONE',  ( -1.000000000000000000, 0.000000000000000000, 0.000000000000000000 ) ) ;
#5675 = EDGE_CURVE ( 'NONE', #8113, #3409, #8228, .T. ) ;
#5676 = ORIENTED_EDGE ( 'NONE', *, *, #5339, .F. ) ;
#5677 = LINE ( 'NONE', #8492, #7505 ) ;
#5678 = ORIENTED_EDGE ( 'NONE', *, *, #5245, .F. ) ;
#5679 = EDGE_CURVE ( 'NONE', #8622, #8309, #8363, .T. ) ;
#5680 = ORIENTED_EDGE ( 'NONE', *, *, #9089, .F. ) ;
#5681 = LINE ( 'NONE', #5636, #7544 ) ;
#5682 = CARTESIAN_POINT ( 'NONE',  ( -4.488138397514200406, -0.5505154639175210418, -10.00999999999999979 ) ) ;
#5683 = VECTOR ( 'NONE', #1363, 1000.000000000000114 ) ;
#5684 = EDGE_CURVE ( 'NONE', #4435, #8801, #4804, .T. ) ;
#5686 = DIRECTION ( 'NONE',  ( -1.000000000000000000, 4.396715779998429676E-81, -1.278426997811955937E-48 ) ) ;
#5685 = PRODUCT_DEFINITION_SHAPE ( 'NONE', 'NONE',  #9128 ) ;
#5687 = DIRECTION ( 'NONE',  ( -1.000000000000000000, -1.971276677246369793E-16, 0.000000000000000000 ) ) ;
#5688 = ORIENTED_EDGE ( 'NONE', *, *, #7195, .T. ) ;
#5689 = PLANE ( 'NONE',  #7673 ) ;
#5690 = CARTESIAN_POINT ( 'NONE',  ( 3.261177379365209905, 20.19999999999999929, -0.5047000102205829730 ) ) ;
#5691 = ORIENTED_EDGE ( 'NONE', *, *, #6307, .F. ) ;
#5692 = CARTESIAN_POINT ( 'NONE',  ( -1.479999999999999982, 21.69999999999999929, 0.4999999999999998890 ) ) ;
#5693 = LINE ( 'NONE', #2282, #6869 ) ;
#5694 = DIRECTION ( 'NONE',  ( -1.000000000000000000, 0.000000000000000000, 0.000000000000000000 ) ) ;
#5695 = ADVANCED_FACE ( 'NONE', ( #4019 ), #7628, .T. ) ;
#5696 = LINE ( 'NONE', #858, #8312 ) ;
#5697 = VERTEX_POINT ( 'NONE', #1305 ) ;
#5698 = DIRECTION ( 'NONE',  ( -1.000000000000000000, -1.971276677246369793E-16, 0.000000000000000000 ) ) ;
#5699 = DIRECTION ( 'NONE',  ( 0.000000000000000000, 1.000000000000000000, 0.000000000000000000 ) ) ;
#5700 = EDGE_CURVE ( 'NONE', #3386, #2890, #4014, .T. ) ;
#5701 = EDGE_LOOP ( 'NONE', ( #4276, #5213, #7955, #6815 ) ) ;
#5702 = VECTOR ( 'NONE', #7911, 1000.000000000000114 ) ;
#5703 = DIRECTION ( 'NONE',  ( 0.000000000000000000, 0.000000000000000000, -1.000000000000000000 ) ) ;
#5704 = ORIENTED_EDGE ( 'NONE', *, *, #5286, .F. ) ;
#5705 = CARTESIAN_POINT ( 'NONE',  ( -4.911598099521929939, -1.550515463917520043, -9.101887738487548063 ) ) ;
#5706 = ORIENTED_EDGE ( 'NONE', *, *, #7820, .F. ) ;
#5707 = CARTESIAN_POINT ( 'NONE',  ( -0.006290684479731950725, 20.89999999999999858, 0.008155582768842548416 ) ) ;
#5708 = EDGE_CURVE ( 'NONE', #8899, #2130, #4108, .T. ) ;
#5709 = DIRECTION ( 'NONE',  ( 0.000000000000000000, -1.000000000000000000, 0.000000000000000000 ) ) ;
#5710 = CARTESIAN_POINT ( 'NONE',  ( 0.8032336497292300592, 21.69999999999999929, -2.404700010220584883 ) ) ;
#5711 = DIRECTION ( 'NONE',  ( 1.000000000000000000, 0.000000000000000000, 0.000000000000000000 ) ) ;
#5712 = TOROIDAL_SURFACE ( 'NONE', #4972, 0.1500000000000000500, 0.2000000000000000111 ) ;
#5713 = CARTESIAN_POINT ( 'NONE',  ( -4.500000000000000000, 1.949484536082480179, -5.899999999999999467 ) ) ;
#5714 = ORIENTED_EDGE ( 'NONE', *, *, #7057, .T. ) ;
#5715 = EDGE_LOOP ( 'NONE', ( #314, #8012, #5272, #6255 ) ) ;
#5716 = CARTESIAN_POINT ( 'NONE',  ( 0.000000000000000000, 0.000000000000000000, 0.000000000000000000 ) ) ;
#5717 = ADVANCED_FACE ( 'NONE', ( #6234 ), #9053, .F. ) ;
#5718 = VECTOR ( 'NONE', #3956, 1000.000000000000000 ) ;
#5719 = ORIENTED_EDGE ( 'NONE', *, *, #8081, .F. ) ;
#5720 = CIRCLE ( 'NONE', #8221, 0.6750000000000002665 ) ;
#5721 = EDGE_LOOP ( 'NONE', ( #8875, #1611, #3575, #6720, #5539, #6798 ) ) ;
#5722 = FACE_OUTER_BOUND ( 'NONE', #2023, .T. ) ;
#5723 = EDGE_CURVE ( 'NONE', #5517, #3416, #4899, .T. ) ;
#5724 = DIRECTION ( 'NONE',  ( -1.278426997811955937E-48, -3.439160614977204926E-33, 1.000000000000000000 ) ) ;
#5725 = ORIENTED_EDGE ( 'NONE', *, *, #3899, .T. ) ;
#5726 = ADVANCED_FACE ( 'NONE', ( #846 ), #4328, .T. ) ;
#5727 = CARTESIAN_POINT ( 'NONE',  ( 1.342230922150144501, 18.89999999999999858, -3.014700010220584758 ) ) ;
#5728 = ORIENTED_EDGE ( 'NONE', *, *, #6390, .T. ) ;
#5729 = ORIENTED_EDGE ( 'NONE', *, *, #1519, .T. ) ;
#5730 = CARTESIAN_POINT ( 'NONE',  ( 2.598076211353316456, -6.000000000000005329, 1.499999999999999778 ) ) ;
#5731 = CARTESIAN_POINT ( 'NONE',  ( 4.500000000000000000, 4.049484536082480268, -4.299999999999999822 ) ) ;
#5732 = CARTESIAN_POINT ( 'NONE',  ( -3.000000000000000000, -4.750515463917520442, 0.4000000000000000222 ) ) ;
#5733 = CARTESIAN_POINT ( 'NONE',  ( 1.750000000000000000, -5.549999999999999822, -1.350000000000000089 ) ) ;
#5734 = ORIENTED_EDGE ( 'NONE', *, *, #5562, .T. ) ;
#5735 = DIRECTION ( 'NONE',  ( 0.000000000000000000, 1.000000000000000000, 0.000000000000000000 ) ) ;
#5736 = EDGE_CURVE ( 'NONE', #6378, #3266, #1529, .T. ) ;
#5737 = CARTESIAN_POINT ( 'NONE',  ( 4.500000000000000000, 3.982783490763080109E-16, 0.000000000000000000 ) ) ;
#5738 = ORIENTED_EDGE ( 'NONE', *, *, #1763, .F. ) ;
#5739 = VECTOR ( 'NONE', #7618, 1000.000000000000000 ) ;
#5740 = ADVANCED_FACE ( 'NONE', ( #3695 ), #758, .F. ) ;
#5741 = LINE ( 'NONE', #3836, #4127 ) ;
#5742 = PLANE ( 'NONE',  #7468 ) ;
#5743 = DIRECTION ( 'NONE',  ( 0.000000000000000000, 0.000000000000000000, -1.000000000000000000 ) ) ;
#5744 = AXIS2_PLACEMENT_3D ( 'NONE', #138, #1008, #1698 ) ;
#5745 = LINE ( 'NONE', #1499, #1533 ) ;
#5746 = LINE ( 'NONE', #3663, #6848 ) ;
#5747 = VERTEX_POINT ( 'NONE', #709 ) ;
#5748 = DIRECTION ( 'NONE',  ( 1.000000000000000000, 7.228014483236700500E-16, 0.000000000000000000 ) ) ;
#5749 = DIRECTION ( 'NONE',  ( 0.000000000000000000, 0.000000000000000000, -1.000000000000000000 ) ) ;
#5750 = EDGE_CURVE ( 'NONE', #8123, #5755, #495, .T. ) ;
#5751 = CIRCLE ( 'NONE', #6330, 0.4000000000000001887 ) ;
#5752 = PLANE ( 'NONE',  #478 ) ;
#5753 = EDGE_LOOP ( 'NONE', ( #1020, #8027, #2991, #4729, #8931, #5481, #4846 ) ) ;
#5754 = DIRECTION ( 'NONE',  ( 0.000000000000000000, -1.000000000000000000, 0.000000000000000000 ) ) ;
#5755 = VERTEX_POINT ( 'NONE', #2226 ) ;
#5756 = CARTESIAN_POINT ( 'NONE',  ( 0.5000000000000000000, 1.540871211463574975, 0.000000000000000000 ) ) ;
#5757 = DIRECTION ( 'NONE',  ( 0.4226182617407076014, 0.000000000000000000, 0.9063077870366461619 ) ) ;
#5758 = DIRECTION ( 'NONE',  ( 0.000000000000000000, -1.000000000000000000, 0.000000000000000000 ) ) ;
#5759 = CARTESIAN_POINT ( 'NONE',  ( 2.598076211353316456, -6.000000000000005329, 1.499999999999999778 ) ) ;
#5760 = CYLINDRICAL_SURFACE ( 'NONE', #6195, 0.6500000000000000222 ) ;
#5761 = AXIS2_PLACEMENT_3D ( 'NONE', #2557, #3111, #351 ) ;
#5762 = ORIENTED_EDGE ( 'NONE', *, *, #7375, .F. ) ;
#5763 = VECTOR ( 'NONE', #7073, 999.9999999999998863 ) ;
#5764 = AXIS2_PLACEMENT_3D ( 'NONE', #8065, #360, #8796 ) ;
#5765 = ORIENTED_EDGE ( 'NONE', *, *, #4348, .F. ) ;
#5766 = ORIENTED_EDGE ( 'NONE', *, *, #56, .F. ) ;
#5767 = CARTESIAN_POINT ( 'NONE',  ( 4.500000000000000000, -5.150515463917519909, -5.299999999999999822 ) ) ;
#5768 = CARTESIAN_POINT ( 'NONE',  ( -4.899999999999999467, -1.550515463917520043, -7.400446128206090712 ) ) ;
#5769 = EDGE_CURVE ( 'NONE', #7857, #1106, #7802, .T. ) ;
#5770 = DIRECTION ( 'NONE',  ( 0.000000000000000000, -1.000000000000000000, 0.000000000000000000 ) ) ;
#5771 = CIRCLE ( 'NONE', #8268, 3.500000000000000000 ) ;
#5772 = EDGE_LOOP ( 'NONE', ( #2872, #7529, #7893, #7104 ) ) ;
#5773 = DIRECTION ( 'NONE',  ( -1.000000000000000000, 0.000000000000000000, 0.000000000000000000 ) ) ;
#5774 = ORIENTED_EDGE ( 'NONE', *, *, #212, .T. ) ;
#5775 = EDGE_CURVE ( 'NONE', #3266, #6136, #6283, .T. ) ;
#5776 = VECTOR ( 'NONE', #685, 1000.000000000000000 ) ;
#5777 = ORIENTED_EDGE ( 'NONE', *, *, #7903, .F. ) ;
#5778 = DIRECTION ( 'NONE',  ( 0.000000000000000000, 0.000000000000000000, -1.000000000000000000 ) ) ;
#5779 = DIRECTION ( 'NONE',  ( 0.000000000000000000, -1.000000000000000000, 0.000000000000000000 ) ) ;
#5780 = CARTESIAN_POINT ( 'NONE',  ( -2.100000000000000089, -6.400000000000000355, -5.750000000000000000 ) ) ;
#5781 = CYLINDRICAL_SURFACE ( 'NONE', #7072, 0.6750000000000002665 ) ;
#5782 = VERTEX_POINT ( 'NONE', #5780 ) ;
#5783 = CARTESIAN_POINT ( 'NONE',  ( -0.5000000000000000000, 21.69999999999999929, 1.500000000000000000 ) ) ;
#5784 = FACE_OUTER_BOUND ( 'NONE', #8520, .T. ) ;
#5785 = ORIENTED_EDGE ( 'NONE', *, *, #3335, .T. ) ;
#5786 = AXIS2_PLACEMENT_3D ( 'NONE', #244, #6552, #6636 ) ;
#5787 = ADVANCED_FACE ( 'NONE', ( #5088 ), #3607, .F. ) ;
#5788 = CARTESIAN_POINT ( 'NONE',  ( 5.538016780164209507, -1.550515463917520043, -8.133954347177770217 ) ) ;
#5789 = CARTESIAN_POINT ( 'NONE',  ( -4.899999999999999467, 4.349484536082480091, 0.000000000000000000 ) ) ;
#5790 = LINE ( 'NONE', #215, #3289 ) ;
#5791 = DIRECTION ( 'NONE',  ( -1.000000000000000000, 0.000000000000000000, 0.000000000000000000 ) ) ;
#5792 = LINE ( 'NONE', #7225, #1712 ) ;
#5793 = ORIENTED_EDGE ( 'NONE', *, *, #8669, .T. ) ;
#5794 = CARTESIAN_POINT ( 'NONE',  ( 3.649999999999999911, 4.649999999999999467, 5.000000000000000000 ) ) ;
#5795 = EDGE_CURVE ( 'NONE', #1015, #3268, #2877, .T. ) ;
#5796 = PLANE ( 'NONE',  #7873 ) ;
#5797 = CIRCLE ( 'NONE', #6966, 3.100000000000000089 ) ;
#5798 = AXIS2_PLACEMENT_3D ( 'NONE', #675, #4207, #5649 ) ;
#5799 = EDGE_CURVE ( 'NONE', #178, #5904, #3651, .T. ) ;
#5800 = LINE ( 'NONE', #2289, #2834 ) ;
#5801 = ORIENTED_EDGE ( 'NONE', *, *, #3677, .F. ) ;
#5802 = CARTESIAN_POINT ( 'NONE',  ( 0.000000000000000000, -0.5505154639175199316, 1.399999999999999911 ) ) ;
#5803 = ORIENTED_EDGE ( 'NONE', *, *, #4039, .F. ) ;
#5804 = CARTESIAN_POINT ( 'NONE',  ( 1.249999999999997780, 18.89999999999999858, 3.150000003002860538 ) ) ;
#5805 = CARTESIAN_POINT ( 'NONE',  ( 1.479999999999999982, 21.50000000000000000, 0.8499999999999999778 ) ) ;
#5806 = PLANE ( 'NONE',  #4413 ) ;
#5807 = EDGE_CURVE ( 'NONE', #3386, #1078, #3053, .T. ) ;
#5808 = LINE ( 'NONE', #3898, #2660 ) ;
#5809 = EDGE_LOOP ( 'NONE', ( #3908, #4068, #5466, #1415, #4257 ) ) ;
#5810 = VECTOR ( 'NONE', #3214, 1000.000000000000000 ) ;
#5811 = AXIS2_PLACEMENT_3D ( 'NONE', #4080, #5336, #8973 ) ;
#5812 = EDGE_LOOP ( 'NONE', ( #6354, #7734, #1522, #6269 ) ) ;
#5813 = ORIENTED_EDGE ( 'NONE', *, *, #9119, .F. ) ;
#5814 = ORIENTED_EDGE ( 'NONE', *, *, #6699, .F. ) ;
#5815 = CIRCLE ( 'NONE', #517, 0.4000000000000001887 ) ;
#5816 = LINE ( 'NONE', #976, #2525 ) ;
#5817 = DIRECTION ( 'NONE',  ( 0.000000000000000000, -1.000000000000000000, 0.000000000000000000 ) ) ;
#5818 = DIRECTION ( 'NONE',  ( -5.757523350966299651E-34, -9.293161478447178662E-18, -1.000000000000000000 ) ) ;
#5819 = EDGE_LOOP ( 'NONE', ( #8063, #1811, #7611, #3100 ) ) ;
#5820 = DIRECTION ( 'NONE',  ( 0.000000000000000000, 0.000000000000000000, 1.000000000000000000 ) ) ;
#5821 = ORIENTED_EDGE ( 'NONE', *, *, #5396, .F. ) ;
#5822 = CARTESIAN_POINT ( 'NONE',  ( 2.899999999999999911, -6.400000000000000355, -5.750000000000000000 ) ) ;
#5823 = ORIENTED_EDGE ( 'NONE', *, *, #6112, .T. ) ;
#5824 = DIRECTION ( 'NONE',  ( -0.000000000000000000, 1.000000000000000000, 0.000000000000000000 ) ) ;
#5825 = CARTESIAN_POINT ( 'NONE',  ( -0.7967663502707699186, 20.89999999999999858, -0.8947000102205827643 ) ) ;
#5826 = EDGE_CURVE ( 'NONE', #8723, #5266, #6371, .T. ) ;
#5827 = CARTESIAN_POINT ( 'NONE',  ( 2.500000000000000000, -6.400000000000000355, 1.000000000000000000 ) ) ;
#5828 = LINE ( 'NONE', #8641, #1559 ) ;
#5829 = ORIENTED_EDGE ( 'NONE', *, *, #1158, .T. ) ;
#5830 = DIRECTION ( 'NONE',  ( 0.000000000000000000, 0.000000000000000000, 1.000000000000000000 ) ) ;
#5831 = DIRECTION ( 'NONE',  ( -1.000000000000000000, 0.000000000000000000, 0.000000000000000000 ) ) ;
#5832 = ORIENTED_EDGE ( 'NONE', *, *, #6340, .F. ) ;
#5833 = DIRECTION ( 'NONE',  ( 0.000000000000000000, -1.000000000000000000, 0.000000000000000000 ) ) ;
#5834 =( BOUNDED_CURVE ( )  B_SPLINE_CURVE ( 3, ( #898, #4524, #8733, #3700 ),
 .UNSPECIFIED., .F., .F. ) 
 B_SPLINE_CURVE_WITH_KNOTS ( ( 4, 4 ),
 ( 1.570796326794895004, 3.141592653589795336 ),
 .UNSPECIFIED. ) 
 CURVE ( )  GEOMETRIC_REPRESENTATION_ITEM ( )  RATIONAL_B_SPLINE_CURVE ( ( 1.000000000000000000, 0.8047378541243649375, 0.8047378541243649375, 1.000000000000000000 ) ) 
 REPRESENTATION_ITEM ( '' )  );
#5835 = LINE ( 'NONE', #3884, #8208 ) ;
#5836 = CARTESIAN_POINT ( 'NONE',  ( -3.000000000000000000, -4.750515463917520442, 0.4000000000000000222 ) ) ;
#5837 = DIRECTION ( 'NONE',  ( 0.000000000000000000, 0.000000000000000000, -1.000000000000000000 ) ) ;
#5838 = VERTEX_POINT ( 'NONE', #8411 ) ;
#5839 = CARTESIAN_POINT ( 'NONE',  ( 4.899999999999999467, 1.349484536082480091, 0.000000000000000000 ) ) ;
#5840 = LINE ( 'NONE', #3156, #6686 ) ;
#5841 = EDGE_CURVE ( 'NONE', #8904, #6044, #5851, .T. ) ;
#5842 = VECTOR ( 'NONE', #437, 1000.000000000000000 ) ;
#5843 = DIRECTION ( 'NONE',  ( 0.000000000000000000, 0.000000000000000000, 1.000000000000000000 ) ) ;
#5844 = CARTESIAN_POINT ( 'NONE',  ( 3.399999999999999911, -0.5505154639175199316, 0.4000000000000000222 ) ) ;
#5845 = ORIENTED_EDGE ( 'NONE', *, *, #7871, .T. ) ;
#5846 = CARTESIAN_POINT ( 'NONE',  ( -5.538016780164189967, -1.550515463917520043, -8.133954347177779098 ) ) ;
#5847 = DIRECTION ( 'NONE',  ( 1.000000000000000000, 0.000000000000000000, 0.000000000000000000 ) ) ;
#5848 = DIRECTION ( 'NONE',  ( 0.000000000000000000, 0.000000000000000000, 1.000000000000000000 ) ) ;
#5849 = LINE ( 'NONE', #4404, #3396 ) ;
#5850 = EDGE_LOOP ( 'NONE', ( #5319, #1471, #79, #4252, #1195, #5871, #8380, #2681 ) ) ;
#5851 = CIRCLE ( 'NONE', #4516, 0.6750000000000002665 ) ;
#5852 = EDGE_CURVE ( 'NONE', #8985, #6502, #2274, .T. ) ;
#5853 = ORIENTED_EDGE ( 'NONE', *, *, #8779, .T. ) ;
#5854 = EDGE_CURVE ( 'NONE', #104, #8636, #8455, .T. ) ;
#5855 = ORIENTED_EDGE ( 'NONE', *, *, #1267, .F. ) ;
#5856 = CIRCLE ( 'NONE', #4081, 0.3500000000000001443 ) ;
#5857 = ORIENTED_EDGE ( 'NONE', *, *, #3091, .F. ) ;
#5858 = CARTESIAN_POINT ( 'NONE',  ( 4.899999999999999467, 4.349484536082480091, 0.4000000000000000222 ) ) ;
#5859 = LINE ( 'NONE', #3775, #3087 ) ;
#5860 = ORIENTED_EDGE ( 'NONE', *, *, #3259, .T. ) ;
#5861 = CARTESIAN_POINT ( 'NONE',  ( -1.370205227633554346, 18.89999999999999858, 3.152688697009875529 ) ) ;
#5862 = VERTEX_POINT ( 'NONE', #7902 ) ;
#5863 = FACE_OUTER_BOUND ( 'NONE', #4974, .T. ) ;
#5864 = VECTOR ( 'NONE', #6907, 1000.000000000000000 ) ;
#5865 = CIRCLE ( 'NONE', #274, 3.399999999999999911 ) ;
#5866 = ADVANCED_FACE ( 'NONE', ( #2137 ), #7212, .F. ) ;
#5867 = EDGE_LOOP ( 'NONE', ( #5493, #775, #8483, #4266 ) ) ;
#5868 = DIRECTION ( 'NONE',  ( 0.000000000000000000, 0.000000000000000000, -1.000000000000000000 ) ) ;
#5869 = CARTESIAN_POINT ( 'NONE',  ( 3.600000000000000089, -5.950000000000000178, 5.000000000000000000 ) ) ;
#5870 = DIRECTION ( 'NONE',  ( 0.000000000000000000, -1.000000000000000000, 0.000000000000000000 ) ) ;
#5871 = ORIENTED_EDGE ( 'NONE', *, *, #7249, .F. ) ;
#5872 = DIRECTION ( 'NONE',  ( 0.000000000000000000, -1.000000000000000000, 0.000000000000000000 ) ) ;
#5873 = ADVANCED_FACE ( 'NONE', ( #4237 ), #7183, .T. ) ;
#5874 = LINE ( 'NONE', #8688, #3833 ) ;
#5875 = ORIENTED_EDGE ( 'NONE', *, *, #6298, .F. ) ;
#5876 = CARTESIAN_POINT ( 'NONE',  ( 2.500000000000000000, -6.700000000000000178, -5.750000000000000000 ) ) ;
#5877 = LINE ( 'NONE', #2374, #2017 ) ;
#5878 = DIRECTION ( 'NONE',  ( 1.000000000000000000, 0.000000000000000000, 1.931541112668180039E-15 ) ) ;
#5879 = PLANE ( 'NONE',  #8611 ) ;
#5880 = LINE ( 'NONE', #2423, #6118 ) ;
#5881 = EDGE_CURVE ( 'NONE', #7296, #3175, #8640, .T. ) ;
#5882 = DIRECTION ( 'NONE',  ( -1.000000000000000000, 0.000000000000000000, 0.000000000000000000 ) ) ;
#5883 = LINE ( 'NONE', #8699, #8029 ) ;
#5884 = EDGE_CURVE ( 'NONE', #6502, #2079, #249, .T. ) ;
#5885 = LINE ( 'NONE', #7966, #8842 ) ;
#5886 = AXIS2_PLACEMENT_3D ( 'NONE', #1707, #5902, #3084 ) ;
#5887 = AXIS2_PLACEMENT_3D ( 'NONE', #8219, #6094, #1073 ) ;
#5888 = LINE ( 'NONE', #7924, #2618 ) ;
#5889 = EDGE_CURVE ( 'NONE', #726, #8899, #7263, .T. ) ;
#5890 = CARTESIAN_POINT ( 'NONE',  ( 4.500000000000000000, -3.950515463917519732, -4.299999999999999822 ) ) ;
#5891 = VERTEX_POINT ( 'NONE', #3479 ) ;
#5892 = CARTESIAN_POINT ( 'NONE',  ( -0.4000000000000000222, -6.700000000000000178, -4.928191693115930030E-17 ) ) ;
#5893 = DIRECTION ( 'NONE',  ( -1.000000000000000000, 0.000000000000000000, 0.000000000000000000 ) ) ;
#5894 = ORIENTED_EDGE ( 'NONE', *, *, #4102, .T. ) ;
#5895 = CIRCLE ( 'NONE', #7365, 0.3500000000000001443 ) ;
#5896 = ORIENTED_EDGE ( 'NONE', *, *, #5421, .T. ) ;
#5897 = ORIENTED_EDGE ( 'NONE', *, *, #5130, .T. ) ;
#5898 = ORIENTED_EDGE ( 'NONE', *, *, #1287, .F. ) ;
#5899 = CARTESIAN_POINT ( 'NONE',  ( -0.5000000000000000000, 2.949999999999999734, 0.5000000000000000000 ) ) ;
#5900 = ADVANCED_FACE ( 'NONE', ( #6245 ), #1312, .F. ) ;
#5901 = AXIS2_PLACEMENT_3D ( 'NONE', #1959, #7732, #4771 ) ;
#5902 = DIRECTION ( 'NONE',  ( 2.491288438666615119E-16, 1.000000000000000000, 3.260780805318075053E-31 ) ) ;
#5903 = DIRECTION ( 'NONE',  ( 1.000000000000000000, 0.000000000000000000, 0.000000000000000000 ) ) ;
#5904 = VERTEX_POINT ( 'NONE', #1175 ) ;
#5905 = ADVANCED_FACE ( 'NONE', ( #1222 ), #6986, .T. ) ;
#5906 = ORIENTED_EDGE ( 'NONE', *, *, #2969, .T. ) ;
#5907 = CIRCLE ( 'NONE', #7525, 0.1999999999999999833 ) ;
#5908 = DIRECTION ( 'NONE',  ( 0.000000000000000000, -1.000000000000000000, 0.000000000000000000 ) ) ;
#5909 = VECTOR ( 'NONE', #6069, 1000.000000000000000 ) ;
#5910 = VECTOR ( 'NONE', #2924, 1000.000000000000000 ) ;
#5911 = VERTEX_POINT ( 'NONE', #3434 ) ;
#5912 = CARTESIAN_POINT ( 'NONE',  ( -3.600000000000000089, 5.950000000000000178, 5.000000000000000000 ) ) ;
#5913 = EDGE_CURVE ( 'NONE', #5404, #3560, #5415, .T. ) ;
#5914 = VECTOR ( 'NONE', #2260, 1000.000000000000000 ) ;
#5915 = CARTESIAN_POINT ( 'NONE',  ( -3.399999999999999911, -0.05202383709185160604, 0.5000000000000000000 ) ) ;
#5916 = DIRECTION ( 'NONE',  ( 0.000000000000000000, 0.000000000000000000, 1.000000000000000000 ) ) ;
#5917 = ORIENTED_EDGE ( 'NONE', *, *, #4710, .F. ) ;
#5918 = EDGE_CURVE ( 'NONE', #3442, #4522, #8347, .T. ) ;
#5919 = CARTESIAN_POINT ( 'NONE',  ( -0.6700000000000000400, 21.69999999999999929, -0.5999999999999999778 ) ) ;
#5920 = ORIENTED_EDGE ( 'NONE', *, *, #7279, .F. ) ;
#5921 = CIRCLE ( 'NONE', #5627, 0.4000000000000001887 ) ;
#5922 = DIRECTION ( 'NONE',  ( 0.000000000000000000, 0.000000000000000000, 1.000000000000000000 ) ) ;
#5923 = VECTOR ( 'NONE', #6915, 1000.000000000000000 ) ;
#5924 = LINE ( 'NONE', #1125, #406 ) ;
#5925 = DIRECTION ( 'NONE',  ( -1.000000000000000000, 2.491288438666615119E-16, 0.000000000000000000 ) ) ;
#5926 = FACE_OUTER_BOUND ( 'NONE', #7860, .T. ) ;
#5927 = DIRECTION ( 'NONE',  ( 0.000000000000000000, -1.000000000000000000, 2.865899513117030213E-16 ) ) ;
#5928 = ORIENTED_EDGE ( 'NONE', *, *, #3314, .F. ) ;
#5929 = CARTESIAN_POINT ( 'NONE',  ( 4.500000000000000000, -3.540251991789405240E-17, -5.799999999999999822 ) ) ;
#5930 = DIRECTION ( 'NONE',  ( -1.734723475976808672E-15, 0.000000000000000000, 1.000000000000000000 ) ) ;
#5931 = EDGE_CURVE ( 'NONE', #6995, #2457, #7681, .T. ) ;
#5932 = CARTESIAN_POINT ( 'NONE',  ( -5.238893727143770107, 0.4494845360824790137, -8.400000000000000355 ) ) ;
#5933 = CARTESIAN_POINT ( 'NONE',  ( -1.899999999999999911, 0.000000000000000000, 0.000000000000000000 ) ) ;
#5934 = DIRECTION ( 'NONE',  ( -2.491288438666615119E-16, -1.000000000000000000, -3.260780805318075053E-31 ) ) ;
#5935 = ORIENTED_EDGE ( 'NONE', *, *, #1276, .F. ) ;
#5936 = CARTESIAN_POINT ( 'NONE',  ( 0.5000000000000000000, 2.949999999999999734, 0.5000000000000000000 ) ) ;
#5937 = DIRECTION ( 'NONE',  ( 0.9063077870366498257, 8.021394870576869703E-17, -0.4226182617406998854 ) ) ;
#5938 = EDGE_CURVE ( 'NONE', #4924, #6927, #4656, .T. ) ;
#5939 = ORIENTED_EDGE ( 'NONE', *, *, #3777, .T. ) ;
#5940 = VECTOR ( 'NONE', #730, 1000.000000000000000 ) ;
#5941 = AXIS2_PLACEMENT_3D ( 'NONE', #8308, #7616, #6130 ) ;
#5942 = ITEM_DEFINED_TRANSFORMATION ( 'NONE', 'NONE', #6074,  #4288 ) ;
#5943 = CIRCLE ( 'NONE', #7421, 0.6750000000000002665 ) ;
#5944 = VERTEX_POINT ( 'NONE', #9105 ) ;
#5945 = ORIENTED_EDGE ( 'NONE', *, *, #2450, .T. ) ;
#5946 = CARTESIAN_POINT ( 'NONE',  ( -4.500000000000000000, 6.873989284057759914E-16, -5.799999999999999822 ) ) ;
#5947 = PLANE ( 'NONE',  #3529 ) ;
#5948 = EDGE_CURVE ( 'NONE', #947, #8626, #4359, .T. ) ;
#5949 = VECTOR ( 'NONE', #5300, 1000.000000000000000 ) ;
#5950 = CIRCLE ( 'NONE', #6679, 0.6500000000000000222 ) ;
#5951 = VERTEX_POINT ( 'NONE', #4162 ) ;
#5952 = ORIENTED_EDGE ( 'NONE', *, *, #7995, .F. ) ;
#5953 = ORIENTED_EDGE ( 'NONE', *, *, #3259, .F. ) ;
#5954 = DIRECTION ( 'NONE',  ( 1.000000000000000000, 0.000000000000000000, 0.000000000000000000 ) ) ;
#5955 = EDGE_CURVE ( 'NONE', #6713, #3828, #9016, .T. ) ;
#5956 = VECTOR ( 'NONE', #5327, 1000.000000000000000 ) ;
#5957 = VERTEX_POINT ( 'NONE', #674 ) ;
#5958 = FACE_OUTER_BOUND ( 'NONE', #9026, .T. ) ;
#5959 = EDGE_CURVE ( 'NONE', #8807, #468, #6289, .T. ) ;
#5960 = FACE_OUTER_BOUND ( 'NONE', #5297, .T. ) ;
#5961 = ORIENTED_EDGE ( 'NONE', *, *, #2181, .T. ) ;
#5962 = LINE ( 'NONE', #8816, #7383 ) ;
#5963 = EDGE_LOOP ( 'NONE', ( #3758, #6563, #3224, #2583 ) ) ;
#5964 = EDGE_CURVE ( 'NONE', #6813, #2249, #1859, .T. ) ;
#5965 = ORIENTED_EDGE ( 'NONE', *, *, #8902, .T. ) ;
#5966 = PLANE ( 'NONE',  #481 ) ;
#5967 = EDGE_CURVE ( 'NONE', #8838, #1208, #7761, .T. ) ;
#5968 = DIRECTION ( 'NONE',  ( 1.000000000000000000, -8.850629979473508477E-17, 0.000000000000000000 ) ) ;
#5969 = DIRECTION ( 'NONE',  ( 0.000000000000000000, 0.000000000000000000, 1.000000000000000000 ) ) ;
#5970 = DIRECTION ( 'NONE',  ( -0.000000000000000000, 1.000000000000000000, 0.000000000000000000 ) ) ;
#5971 = CYLINDRICAL_SURFACE ( 'NONE', #2151, 0.5999999999999999778 ) ;
#5972 = DIRECTION ( 'NONE',  ( -0.000000000000000000, 1.000000000000000000, -0.000000000000000000 ) ) ;
#5973 = CARTESIAN_POINT ( 'NONE',  ( -3.399999999999999911, -0.05202383709185160604, 0.000000000000000000 ) ) ;
#5974 = AXIS2_PLACEMENT_3D ( 'NONE', #5109, #4401, #2339 ) ;
#5975 = LINE ( 'NONE', #1132, #2811 ) ;
#5976 = EDGE_CURVE ( 'NONE', #2196, #6006, #8936, .T. ) ;
#5977 = LINE ( 'NONE', #4628, #4380 ) ;
#5978 = LINE ( 'NONE', #3895, #7348 ) ;
#5979 = VERTEX_POINT ( 'NONE', #2603 ) ;
#5980 = CARTESIAN_POINT ( 'NONE',  ( 3.649999999999999911, -3.750000000000000000, 5.599999999999999645 ) ) ;
#5981 = AXIS2_PLACEMENT_3D ( 'NONE', #3559, #2690, #2784 ) ;
#5982 = CARTESIAN_POINT ( 'NONE',  ( 3.399999999999999911, 2.949999999999999734, 0.5000000000000000000 ) ) ;
#5983 = EDGE_CURVE ( 'NONE', #7089, #2280, #7638, .T. ) ;
#5984 = ORIENTED_EDGE ( 'NONE', *, *, #7254, .T. ) ;
#5985 = VERTEX_POINT ( 'NONE', #4718 ) ;
#5986 = VERTEX_POINT ( 'NONE', #6841 ) ;
#5987 = EDGE_CURVE ( 'NONE', #5404, #2161, #3337, .T. ) ;
#5988 = ORIENTED_EDGE ( 'NONE', *, *, #3040, .T. ) ;
#5989 = PLANE ( 'NONE',  #8280 ) ;
#5990 = DIRECTION ( 'NONE',  ( -8.850629979473508477E-17, 1.000000000000000000, 7.228014483236700500E-16 ) ) ;
#5991 = LINE ( 'NONE', #2484, #5949 ) ;
#5992 = ORIENTED_EDGE ( 'NONE', *, *, #3480, .F. ) ;
#5993 = EDGE_CURVE ( 'NONE', #3896, #9071, #1952, .T. ) ;
#5994 = VERTEX_POINT ( 'NONE', #582 ) ;
#5995 = VERTEX_POINT ( 'NONE', #6198 ) ;
#5996 = DIRECTION ( 'NONE',  ( 0.000000000000000000, 1.000000000000000000, 0.000000000000000000 ) ) ;
#5997 = EDGE_CURVE ( 'NONE', #1884, #9071, #2699, .T. ) ;
#5998 = CARTESIAN_POINT ( 'NONE',  ( 3.600000000000000089, -5.950000000000000178, 0.000000000000000000 ) ) ;
#5999 = ORIENTED_EDGE ( 'NONE', *, *, #1354, .T. ) ;
#6000 = CARTESIAN_POINT ( 'NONE',  ( -1.734723475976804925E-15, 0.4500000000000000111, 2.500000000000000000 ) ) ;
#6001 = DIRECTION ( 'NONE',  ( 1.000000000000000000, 0.000000000000000000, 0.000000000000000000 ) ) ;
#6002 = EDGE_CURVE ( 'NONE', #3008, #8230, #26, .T. ) ;
#6003 = ORIENTED_EDGE ( 'NONE', *, *, #1338, .F. ) ;
#6004 = VECTOR ( 'NONE', #2324, 1000.000000000000000 ) ;
#6005 = DIRECTION ( 'NONE',  ( -0.000000000000000000, 1.000000000000000000, -0.000000000000000000 ) ) ;
#6006 = VERTEX_POINT ( 'NONE', #3519 ) ;
#6007 = AXIS2_PLACEMENT_3D ( 'NONE', #6222, #5486, #6174 ) ;
#6008 = EDGE_LOOP ( 'NONE', ( #561, #2019, #3209, #8262 ) ) ;
#6009 = DIRECTION ( 'NONE',  ( 8.850629979473508477E-17, -1.000000000000000000, 0.000000000000000000 ) ) ;
#6010 = CARTESIAN_POINT ( 'NONE',  ( 3.100000000000000089, -0.5505154639175199316, 4.599999999999999645 ) ) ;
#6011 = ADVANCED_FACE ( 'NONE', ( #2789 ), #5742, .T. ) ;
#6012 = CARTESIAN_POINT ( 'NONE',  ( -4.500000000000000000, 2.449484536082480179, -4.299999999999999822 ) ) ;
#6013 = DIRECTION ( 'NONE',  ( -1.000000000000000000, 0.000000000000000000, 0.000000000000000000 ) ) ;
#6014 = CARTESIAN_POINT ( 'NONE',  ( 0.000000000000000000, 23.19999999999999929, 0.000000000000000000 ) ) ;
#6015 = CARTESIAN_POINT ( 'NONE',  ( 4.899999999999999467, 4.049484536082480268, -4.299999999999999822 ) ) ;
#6016 = CARTESIAN_POINT ( 'NONE',  ( -1.750000000000000000, -6.700000000000000178, 1.000000000000000000 ) ) ;
#6017 = EDGE_CURVE ( 'NONE', #3054, #5944, #8510, .T. ) ;
#6018 = DIRECTION ( 'NONE',  ( -1.232047923278981706E-16, 0.000000000000000000, 1.000000000000000000 ) ) ;
#6019 = FACE_OUTER_BOUND ( 'NONE', #1056, .T. ) ;
#6020 = ORIENTED_EDGE ( 'NONE', *, *, #1465, .F. ) ;
#6021 = DIRECTION ( 'NONE',  ( 8.850629979473508477E-17, -1.000000000000000000, 0.000000000000000000 ) ) ;
#6022 = LINE ( 'NONE', #546, #8164 ) ;
#6023 = EDGE_LOOP ( 'NONE', ( #5128, #1063, #1296, #9117 ) ) ;
#6024 = EDGE_CURVE ( 'NONE', #4522, #8293, #5054, .T. ) ;
#6025 = ORIENTED_EDGE ( 'NONE', *, *, #1393, .T. ) ;
#6026 = ORIENTED_EDGE ( 'NONE', *, *, #2301, .F. ) ;
#6027 = EDGE_LOOP ( 'NONE', ( #958, #3992, #1466, #1093 ) ) ;
#6028 = CARTESIAN_POINT ( 'NONE',  ( 0.4500000000000000111, -3.020950878361714942, 2.100000000000000089 ) ) ;
#6029 = CARTESIAN_POINT ( 'NONE',  ( -3.250000000000000000, -5.549999999999999822, 1.300000000000000044 ) ) ;
#6030 = PLANE ( 'NONE',  #7864 ) ;
#6031 = VECTOR ( 'NONE', #2126, 1000.000000000000114 ) ;
#6032 = VERTEX_POINT ( 'NONE', #2097 ) ;
#6033 = ORIENTED_EDGE ( 'NONE', *, *, #1127, .T. ) ;
#6034 = EDGE_LOOP ( 'NONE', ( #2579, #7011, #2621, #3902 ) ) ;
#6035 = SHAPE_REPRESENTATION_RELATIONSHIP ( 'NONE' , 'NONE' ,  #8929, #1815 ) ;
#6036 = VERTEX_POINT ( 'NONE', #7128 ) ;
#6037 = VECTOR ( 'NONE', #7081, 1000.000000000000000 ) ;
#6038 = ORIENTED_EDGE ( 'NONE', *, *, #5221, .T. ) ;
#6039 = FACE_OUTER_BOUND ( 'NONE', #2215, .T. ) ;
#6040 = VECTOR ( 'NONE', #8597, 1000.000000000000000 ) ;
#6041 = DIRECTION ( 'NONE',  ( 0.000000000000000000, 0.000000000000000000, 1.000000000000000000 ) ) ;
#6042 = DIRECTION ( 'NONE',  ( 1.000000000000000000, 8.828503404524822102E-16, 0.000000000000000000 ) ) ;
#6043 = VECTOR ( 'NONE', #8473, 1000.000000000000000 ) ;
#6044 = VERTEX_POINT ( 'NONE', #5647 ) ;
#6045 = VECTOR ( 'NONE', #7561, 1000.000000000000000 ) ;
#6046 = DIRECTION ( 'NONE',  ( 0.000000000000000000, 0.000000000000000000, 1.000000000000000000 ) ) ;
#6047 = EDGE_CURVE ( 'NONE', #8452, #95, #6381, .T. ) ;
#6048 = ORIENTED_EDGE ( 'NONE', *, *, #8381, .F. ) ;
#6049 = VECTOR ( 'NONE', #4022, 1000.000000000000114 ) ;
#6050 = VECTOR ( 'NONE', #3503, 1000.000000000000000 ) ;
#6051 = EDGE_LOOP ( 'NONE', ( #2682, #3346, #6274, #7824, #7205, #8623, #411 ) ) ;
#6052 = FACE_OUTER_BOUND ( 'NONE', #5721, .T. ) ;
#6053 = DIRECTION ( 'NONE',  ( 0.000000000000000000, 0.000000000000000000, -1.000000000000000000 ) ) ;
#6054 = CARTESIAN_POINT ( 'NONE',  ( 3.000000000000000000, 3.649484536082480357, 0.4000000000000000222 ) ) ;
#6055 = CYLINDRICAL_SURFACE ( 'NONE', #1692, 0.4000000000000001887 ) ;
#6056 = DIRECTION ( 'NONE',  ( 0.000000000000000000, 1.000000000000000000, 0.000000000000000000 ) ) ;
#6057 = ORIENTED_EDGE ( 'NONE', *, *, #589, .T. ) ;
#6058 = CARTESIAN_POINT ( 'NONE',  ( 4.500000000000000000, -3.950515463917519732, -4.899999999999999467 ) ) ;
#6059 = CYLINDRICAL_SURFACE ( 'NONE', #7138, 0.4000000000000001887 ) ;
#6060 = COLOUR_RGB ( '',0.7921568627450980005, 0.8196078431372548767, 0.9333333333333333481 ) ;
#6061 = EDGE_CURVE ( 'NONE', #2437, #6367, #5599, .T. ) ;
#6062 = DIRECTION ( 'NONE',  ( 1.000000000000000000, 0.000000000000000000, 1.931541112668180039E-15 ) ) ;
#6063 =( GEOMETRIC_REPRESENTATION_CONTEXT ( 3 ) GLOBAL_UNCERTAINTY_ASSIGNED_CONTEXT ( ( #6071 ) ) GLOBAL_UNIT_ASSIGNED_CONTEXT ( ( #8856, #4648, #519 ) ) REPRESENTATION_CONTEXT ( 'NONE', 'WORKASPACE' ) );
#6064 = DIRECTION ( 'NONE',  ( 0.000000000000000000, 0.000000000000000000, 1.000000000000000000 ) ) ;
#6065 = ADVANCED_FACE ( 'NONE', ( #1408 ), #2144, .T. ) ;
#6066 = CARTESIAN_POINT ( 'NONE',  ( 2.600000000000000089, -3.950515463917519732, -4.299999999999999822 ) ) ;
#6067 = ORIENTED_EDGE ( 'NONE', *, *, #5967, .T. ) ;
#6068 = DIRECTION ( 'NONE',  ( 0.000000000000000000, 0.000000000000000000, -1.000000000000000000 ) ) ;
#6069 = DIRECTION ( 'NONE',  ( 0.000000000000000000, 0.000000000000000000, 1.000000000000000000 ) ) ;
#6070 = VECTOR ( 'NONE', #7947, 1000.000000000000000 ) ;
#6071 = UNCERTAINTY_MEASURE_WITH_UNIT (LENGTH_MEASURE( 1.000000000000000082E-05 ), #8856, 'distance_accuracy_value', 'NONE');
#6072 = ORIENTED_EDGE ( 'NONE', *, *, #924, .T. ) ;
#6073 = ADVANCED_FACE ( 'NONE', ( #75 ), #814, .T. ) ;
#6074 = AXIS2_PLACEMENT_3D ( 'NONE', #7744, #2120, #1332 ) ;
#6075 = ORIENTED_EDGE ( 'NONE', *, *, #2194, .F. ) ;
#6076 = ORIENTED_EDGE ( 'NONE', *, *, #1110, .T. ) ;
#6077 = DIRECTION ( 'NONE',  ( 1.000000000000000000, 0.000000000000000000, 0.000000000000000000 ) ) ;
#6078 = EDGE_CURVE ( 'NONE', #6892, #8447, #6429, .T. ) ;
#6079 = CARTESIAN_POINT ( 'NONE',  ( 3.250000000000000000, -6.500000000000000000, 1.100000000000000089 ) ) ;
#6080 = DIRECTION ( 'NONE',  ( 0.000000000000000000, 0.000000000000000000, -1.000000000000000000 ) ) ;
#6081 = CARTESIAN_POINT ( 'NONE',  ( -4.899999999999999467, -2.550515463917519821, 0.4000000000000000222 ) ) ;
#6082 = EDGE_LOOP ( 'NONE', ( #4674, #4171, #8812, #2412 ) ) ;
#6083 = AXIS2_PLACEMENT_3D ( 'NONE', #4879, #2804, #7697 ) ;
#6084 = EDGE_LOOP ( 'NONE', ( #8439, #8832, #8633, #1052, #4535, #1203, #5953 ) ) ;
#6085 = DIRECTION ( 'NONE',  ( 0.000000000000000000, 0.000000000000000000, 1.000000000000000000 ) ) ;
#6086 = VERTEX_POINT ( 'NONE', #6331 ) ;
#6087 = AXIS2_PLACEMENT_3D ( 'NONE', #4188, #3721, #5847 ) ;
#6088 = ORIENTED_EDGE ( 'NONE', *, *, #5918, .F. ) ;
#6089 = AXIS2_PLACEMENT_3D ( 'NONE', #5587, #6140, #6101 ) ;
#6090 = EDGE_CURVE ( 'NONE', #4435, #2494, #7768, .T. ) ;
#6091 = FACE_OUTER_BOUND ( 'NONE', #5220, .T. ) ;
#6092 = DIRECTION ( 'NONE',  ( -1.000000000000000000, 0.000000000000000000, 0.000000000000000000 ) ) ;
#6093 = ORIENTED_EDGE ( 'NONE', *, *, #3846, .F. ) ;
#6094 = DIRECTION ( 'NONE',  ( 0.000000000000000000, 0.000000000000000000, -1.000000000000000000 ) ) ;
#6095 = ORIENTED_EDGE ( 'NONE', *, *, #5350, .F. ) ;
#6096 = VECTOR ( 'NONE', #6762, 1000.000000000000000 ) ;
#6097 = ORIENTED_EDGE ( 'NONE', *, *, #3645, .T. ) ;
#6098 = CARTESIAN_POINT ( 'NONE',  ( -0.006290684479731950725, 20.19999999999999929, 0.008155582768842548416 ) ) ;
#6099 = CARTESIAN_POINT ( 'NONE',  ( 0.8032336497292289490, 21.69999999999999929, -1.604700010220585060 ) ) ;
#6100 = VECTOR ( 'NONE', #5588, 1000.000000000000000 ) ;
#6101 = DIRECTION ( 'NONE',  ( -1.085300408096355972E-16, -1.000000000000000000, 0.000000000000000000 ) ) ;
#6102 = LINE ( 'NONE', #3970, #6983 ) ;
#6103 = CARTESIAN_POINT ( 'NONE',  ( 4.598116167910890617, -1.550515463917520043, -7.662869739802279589 ) ) ;
#6104 = ORIENTED_EDGE ( 'NONE', *, *, #609, .F. ) ;
#6105 = CARTESIAN_POINT ( 'NONE',  ( -3.600000000000000089, 5.950000000000000178, 0.000000000000000000 ) ) ;
#6106 = DIRECTION ( 'NONE',  ( 0.000000000000000000, 0.000000000000000000, 1.000000000000000000 ) ) ;
#6107 = DIRECTION ( 'NONE',  ( 0.000000000000000000, 0.000000000000000000, 1.000000000000000000 ) ) ;
#6108 = LINE ( 'NONE', #1820, #5277 ) ;
#6109 = DIRECTION ( 'NONE',  ( 0.000000000000000000, 0.000000000000000000, -1.000000000000000000 ) ) ;
#6110 = ORIENTED_EDGE ( 'NONE', *, *, #5050, .F. ) ;
#6111 = CARTESIAN_POINT ( 'NONE',  ( 4.400000000000000355, 5.100000000000000533, 0.1000000000000000056 ) ) ;
#6112 = EDGE_CURVE ( 'NONE', #8447, #8910, #5693, .T. ) ;
#6113 = CARTESIAN_POINT ( 'NONE',  ( -4.500000000000000000, -3.950515463917519732, -4.899999999999999467 ) ) ;
#6114 = ORIENTED_EDGE ( 'NONE', *, *, #7588, .T. ) ;
#6115 = ORIENTED_EDGE ( 'NONE', *, *, #8188, .T. ) ;
#6116 = ORIENTED_EDGE ( 'NONE', *, *, #4749, .F. ) ;
#6117 = DIRECTION ( 'NONE',  ( 0.000000000000000000, 1.000000000000000000, 3.559366888705205049E-31 ) ) ;
#6118 = VECTOR ( 'NONE', #8742, 1000.000000000000000 ) ;
#6119 = CARTESIAN_POINT ( 'NONE',  ( 1.899999999999999911, 5.100000000000000533, 0.1000000000000000056 ) ) ;
#6120 = CARTESIAN_POINT ( 'NONE',  ( 3.399999999999999911, -0.5505154639175199316, 4.599999999999999645 ) ) ;
#6121 = ADVANCED_FACE ( 'NONE', ( #3568 ), #2186, .F. ) ;
#6122 = CARTESIAN_POINT ( 'NONE',  ( 0.4000000000000000222, -6.700000000000000178, -1.350000000000000089 ) ) ;
#6123 = ORIENTED_EDGE ( 'NONE', *, *, #3283, .T. ) ;
#6124 = ORIENTED_EDGE ( 'NONE', *, *, #3645, .F. ) ;
#6125 = EDGE_CURVE ( 'NONE', #5782, #6758, #1497, .T. ) ;
#6126 = ORIENTED_EDGE ( 'NONE', *, *, #8281, .F. ) ;
#6127 = ORIENTED_EDGE ( 'NONE', *, *, #8391, .T. ) ;
#6128 = FACE_OUTER_BOUND ( 'NONE', #8428, .T. ) ;
#6129 = DIRECTION ( 'NONE',  ( 0.000000000000000000, -1.000000000000000000, 0.000000000000000000 ) ) ;
#6130 = DIRECTION ( 'NONE',  ( 1.000000000000000000, 8.850629979473508477E-17, 0.000000000000000000 ) ) ;
#6131 = ORIENTED_EDGE ( 'NONE', *, *, #5447, .T. ) ;
#6132 = CARTESIAN_POINT ( 'NONE',  ( -4.500000000000000000, 2.449484536082480179, -5.899999999999999467 ) ) ;
#6133 = ORIENTED_EDGE ( 'NONE', *, *, #5889, .F. ) ;
#6134 = VECTOR ( 'NONE', #3659, 1000.000000000000000 ) ;
#6135 = ADVANCED_FACE ( 'NONE', ( #3614 ), #4338, .F. ) ;
#6136 = VERTEX_POINT ( 'NONE', #5789 ) ;
#6137 = FACE_OUTER_BOUND ( 'NONE', #8882, .T. ) ;
#6138 = LINE ( 'NONE', #3281, #4818 ) ;
#6139 = CIRCLE ( 'NONE', #4221, 0.4000000000000001887 ) ;
#6140 = DIRECTION ( 'NONE',  ( 1.000000000000000000, -1.085300408096355972E-16, 0.000000000000000000 ) ) ;
#6141 = DIRECTION ( 'NONE',  ( -1.000000000000000000, 0.000000000000000000, 0.000000000000000000 ) ) ;
#6142 = CARTESIAN_POINT ( 'NONE',  ( 4.500000000000000000, 4.049484536082480268, -4.299999999999999822 ) ) ;
#6143 = ORIENTED_EDGE ( 'NONE', *, *, #961, .F. ) ;
#6144 = CARTESIAN_POINT ( 'NONE',  ( 0.000000000000000000, 22.99999999999999645, 0.000000000000000000 ) ) ;
#6145 = CIRCLE ( 'NONE', #271, 0.3500000000000001443 ) ;
#6146 = CIRCLE ( 'NONE', #8667, 0.6750000000000002665 ) ;
#6147 = DIRECTION ( 'NONE',  ( 0.000000000000000000, 0.000000000000000000, 1.000000000000000000 ) ) ;
#6148 = CARTESIAN_POINT ( 'NONE',  ( -0.6700000000000000400, 21.69999999999999929, 0.5999999999999999778 ) ) ;
#6149 = EDGE_CURVE ( 'NONE', #831, #7565, #8603, .T. ) ;
#6150 = CARTESIAN_POINT ( 'NONE',  ( 5.259901047426960297, -1.550515463917524928, -9.291887738487540460 ) ) ;
#6151 = CARTESIAN_POINT ( 'NONE',  ( -0.7967663502707699186, 20.89999999999999858, -0.8947000102205827643 ) ) ;
#6152 = LINE ( 'NONE', #4769, #7485 ) ;
#6153 = ORIENTED_EDGE ( 'NONE', *, *, #1725, .T. ) ;
#6154 = LINE ( 'NONE', #4249, #2503 ) ;
#6155 = LINE ( 'NONE', #4036, #5909 ) ;
#6156 = EDGE_CURVE ( 'NONE', #6559, #4975, #1284, .T. ) ;
#6157 = ORIENTED_EDGE ( 'NONE', *, *, #3813, .T. ) ;
#6158 = ADVANCED_FACE ( 'NONE', ( #6652 ), #952, .T. ) ;
#6159 = ORIENTED_EDGE ( 'NONE', *, *, #4291, .F. ) ;
#6160 = ORIENTED_EDGE ( 'NONE', *, *, #2623, .F. ) ;
#6161 = CARTESIAN_POINT ( 'NONE',  ( 3.674999999999999822, -4.750515463917520442, 0.4000000000000000222 ) ) ;
#6162 = FACE_BOUND ( 'NONE', #3857, .T. ) ;
#6163 = FACE_OUTER_BOUND ( 'NONE', #5241, .T. ) ;
#6164 = DIRECTION ( 'NONE',  ( 1.000000000000000000, 0.000000000000000000, 0.000000000000000000 ) ) ;
#6165 = ORIENTED_EDGE ( 'NONE', *, *, #4715, .F. ) ;
#6166 = ORIENTED_EDGE ( 'NONE', *, *, #6345, .F. ) ;
#6167 = VECTOR ( 'NONE', #7752, 1000.000000000000000 ) ;
#6168 = CARTESIAN_POINT ( 'NONE',  ( 0.000000000000000000, 0.000000000000000000, 0.000000000000000000 ) ) ;
#6169 = EDGE_CURVE ( 'NONE', #5986, #6904, #5877, .T. ) ;
#6170 = ORIENTED_EDGE ( 'NONE', *, *, #7316, .T. ) ;
#6171 = VERTEX_POINT ( 'NONE', #1682 ) ;
#6172 = DIRECTION ( 'NONE',  ( 0.000000000000000000, 1.000000000000000000, 0.000000000000000000 ) ) ;
#6173 = AXIS2_PLACEMENT_3D ( 'NONE', #1236, #1282, #1830 ) ;
#6174 = DIRECTION ( 'NONE',  ( -1.000000000000000000, 8.850629979473508477E-17, 0.000000000000000000 ) ) ;
#6175 = EDGE_CURVE ( 'NONE', #5661, #1822, #3794, .T. ) ;
#6176 = EDGE_LOOP ( 'NONE', ( #5480, #3404, #3252, #6962 ) ) ;
#6177 = LINE ( 'NONE', #1390, #4397 ) ;
#6178 = ORIENTED_EDGE ( 'NONE', *, *, #6390, .F. ) ;
#6179 = AXIS2_PLACEMENT_3D ( 'NONE', #1862, #1732, #8151 ) ;
#6180 = EDGE_CURVE ( 'NONE', #3082, #2890, #1631, .T. ) ;
#6181 = ORIENTED_EDGE ( 'NONE', *, *, #1033, .F. ) ;
#6182 = DIRECTION ( 'NONE',  ( 0.000000000000000000, 0.000000000000000000, 1.000000000000000000 ) ) ;
#6183 = FACE_OUTER_BOUND ( 'NONE', #2883, .T. ) ;
#6184 = AXIS2_PLACEMENT_3D ( 'NONE', #3608, #847, #2362 ) ;
#6185 = PLANE ( 'NONE',  #4476 ) ;
#6186 = EDGE_CURVE ( 'NONE', #7208, #6707, #5924, .T. ) ;
#6187 = VECTOR ( 'NONE', #7170, 1000.000000000000000 ) ;
#6188 = CARTESIAN_POINT ( 'NONE',  ( 3.399999999999999911, -2.050000000000000266, 0.5000000000000000000 ) ) ;
#6189 = DIRECTION ( 'NONE',  ( -0.000000000000000000, 1.000000000000000000, 0.000000000000000000 ) ) ;
#6190 = ORIENTED_EDGE ( 'NONE', *, *, #6253, .F. ) ;
#6191 = DIRECTION ( 'NONE',  ( 0.000000000000000000, -1.000000000000000000, 0.000000000000000000 ) ) ;
#6192 = DIRECTION ( 'NONE',  ( -1.000000000000000000, 8.850629979473510942E-17, 0.000000000000000000 ) ) ;
#6193 = ORIENTED_EDGE ( 'NONE', *, *, #3899, .F. ) ;
#6194 = STYLED_ITEM ( 'NONE', ( #3580 ), #8101 ) ;
#6195 = AXIS2_PLACEMENT_3D ( 'NONE', #8573, #8389, #3538 ) ;
#6196 = CIRCLE ( 'NONE', #6382, 0.5999999999999999778 ) ;
#6197 = DIRECTION ( 'NONE',  ( -1.931541112668180039E-15, 1.551245237481414839E-31, 1.000000000000000000 ) ) ;
#6198 = CARTESIAN_POINT ( 'NONE',  ( 4.286263797015735609E-16, 2.949484536082480179, -1.843143693225355073E-16 ) ) ;
#6199 = LINE ( 'NONE', #1361, #2664 ) ;
#6200 = CARTESIAN_POINT ( 'NONE',  ( -1.899999999999999911, -4.200000000000000178, 0.1000000000000000056 ) ) ;
#6201 = EDGE_LOOP ( 'NONE', ( #7432, #7172, #2057, #93 ) ) ;
#6202 = CARTESIAN_POINT ( 'NONE',  ( 4.899999999999999467, -3.950515463917519732, -4.299999999999999822 ) ) ;
#6203 = DIRECTION ( 'NONE',  ( 0.000000000000000000, 0.000000000000000000, -1.000000000000000000 ) ) ;
#6204 = ORIENTED_EDGE ( 'NONE', *, *, #4821, .T. ) ;
#6205 = VECTOR ( 'NONE', #4969, 1000.000000000000000 ) ;
#6206 = EDGE_LOOP ( 'NONE', ( #6153, #4591 ) ) ;
#6207 = CARTESIAN_POINT ( 'NONE',  ( -0.0008203932499368549484, 20.89999999999999858, 1.279727070297659974E-17 ) ) ;
#6208 = VERTEX_POINT ( 'NONE', #256 ) ;
#6209 = LINE ( 'NONE', #6893, #6941 ) ;
#6210 = AXIS2_PLACEMENT_3D ( 'NONE', #6098, #8270, #8177 ) ;
#6211 = EDGE_CURVE ( 'NONE', #366, #5661, #8943, .T. ) ;
#6212 = FACE_BOUND ( 'NONE', #3121, .T. ) ;
#6213 = DIRECTION ( 'NONE',  ( 0.000000000000000000, 0.000000000000000000, 1.000000000000000000 ) ) ;
#6214 = CARTESIAN_POINT ( 'NONE',  ( 3.649999999999999911, -3.750000000000000000, 5.599999999999999645 ) ) ;
#6215 = ORIENTED_EDGE ( 'NONE', *, *, #3528, .T. ) ;
#6216 = VERTEX_POINT ( 'NONE', #2418 ) ;
#6217 =( LENGTH_UNIT ( ) NAMED_UNIT ( * ) SI_UNIT ( .MILLI., .METRE. ) );
#6218 = CIRCLE ( 'NONE', #5786, 3.500000000000000000 ) ;
#6219 = ORIENTED_EDGE ( 'NONE', *, *, #8878, .F. ) ;
#6220 = ORIENTED_EDGE ( 'NONE', *, *, #4753, .F. ) ;
#6221 = DIRECTION ( 'NONE',  ( 0.000000000000000000, 1.000000000000000000, 0.000000000000000000 ) ) ;
#6222 = CARTESIAN_POINT ( 'NONE',  ( -4.500000000000000000, -2.450515463917519732, -0.5999999999999999778 ) ) ;
#6223 = CARTESIAN_POINT ( 'NONE',  ( -4.500000000000000000, -5.150515463917519909, -4.299999999999999822 ) ) ;
#6224 = ORIENTED_EDGE ( 'NONE', *, *, #3486, .T. ) ;
#6225 = ADVANCED_FACE ( 'NONE', ( #7318 ), #5712, .T. ) ;
#6226 = FACE_OUTER_BOUND ( 'NONE', #3195, .T. ) ;
#6227 = ORIENTED_EDGE ( 'NONE', *, *, #8550, .F. ) ;
#6228 = VECTOR ( 'NONE', #8465, 1000.000000000000000 ) ;
#6229 = ADVANCED_FACE ( 'NONE', ( #7356 ), #3021, .T. ) ;
#6230 = EDGE_LOOP ( 'NONE', ( #2290, #4784, #6033, #4844 ) ) ;
#6231 = DIRECTION ( 'NONE',  ( 1.000000000000000000, 0.000000000000000000, 1.931541112668180039E-15 ) ) ;
#6232 = FACE_OUTER_BOUND ( 'NONE', #5041, .T. ) ;
#6233 = CARTESIAN_POINT ( 'NONE',  ( -1.899999999999999911, 3.600000000000000089, 0.1000000000000000056 ) ) ;
#6234 = FACE_OUTER_BOUND ( 'NONE', #6551, .T. ) ;
#6235 = CARTESIAN_POINT ( 'NONE',  ( -0.5000000000000000000, 2.949999999999999734, 0.5000000000000000000 ) ) ;
#6236 = VERTEX_POINT ( 'NONE', #3925 ) ;
#6237 = CARTESIAN_POINT ( 'NONE',  ( 4.899999999999999467, 4.049484536082480268, -4.299999999999999822 ) ) ;
#6238 = AXIS2_PLACEMENT_3D ( 'NONE', #6454, #3046, #7251 ) ;
#6239 = EDGE_CURVE ( 'NONE', #4842, #8794, #5835, .T. ) ;
#6240 = SURFACE_STYLE_FILL_AREA ( #6978 ) ;
#6241 = ORIENTED_EDGE ( 'NONE', *, *, #1613, .T. ) ;
#6242 = EDGE_CURVE ( 'NONE', #2947, #2395, #5120, .T. ) ;
#6243 = VECTOR ( 'NONE', #6306, 1000.000000000000000 ) ;
#6244 = CARTESIAN_POINT ( 'NONE',  ( 2.600000000000000089, -3.950515463917519732, -4.899999999999999467 ) ) ;
#6245 = FACE_OUTER_BOUND ( 'NONE', #8548, .T. ) ;
#6246 = CARTESIAN_POINT ( 'NONE',  ( 4.400000000000000355, -2.700000000000000178, 5.000000000000000000 ) ) ;
#6247 = LINE ( 'NONE', #8374, #4428 ) ;
#6248 = ORIENTED_EDGE ( 'NONE', *, *, #7634, .T. ) ;
#6249 = DIRECTION ( 'NONE',  ( 0.000000000000000000, 0.000000000000000000, 1.000000000000000000 ) ) ;
#6250 = LINE ( 'NONE', #8424, #5503 ) ;
#6251 = PRODUCT_DEFINITION_CONTEXT ( 'detailed design', #285, 'design' ) ;
#6252 = EDGE_LOOP ( 'NONE', ( #5917, #9024, #7464, #601 ) ) ;
#6253 = EDGE_CURVE ( 'NONE', #5697, #9064, #344, .T. ) ;
#6254 = FACE_OUTER_BOUND ( 'NONE', #1557, .T. ) ;
#6255 = ORIENTED_EDGE ( 'NONE', *, *, #6951, .F. ) ;
#6256 = FACE_OUTER_BOUND ( 'NONE', #3679, .T. ) ;
#6257 = ORIENTED_EDGE ( 'NONE', *, *, #1854, .F. ) ;
#6258 = CARTESIAN_POINT ( 'NONE',  ( 4.466912950640279530E-14, 0.4500000000000499711, 0.5000000000000000000 ) ) ;
#6259 = DIRECTION ( 'NONE',  ( 0.000000000000000000, -1.000000000000000000, 0.000000000000000000 ) ) ;
#6260 = DIRECTION ( 'NONE',  ( 0.000000000000000000, -1.000000000000000000, 0.000000000000000000 ) ) ;
#6261 = CARTESIAN_POINT ( 'NONE',  ( -3.649999999999999911, -3.750000000000000000, 5.599999999999999645 ) ) ;
#6262 = ORIENTED_EDGE ( 'NONE', *, *, #1652, .T. ) ;
#6263 = ORIENTED_EDGE ( 'NONE', *, *, #3547, .T. ) ;
#6264 = ORIENTED_EDGE ( 'NONE', *, *, #7503, .F. ) ;
#6265 = LINE ( 'NONE', #6409, #4722 ) ;
#6266 = CARTESIAN_POINT ( 'NONE',  ( 1.750000000000000000, -6.400000000000000355, 0.000000000000000000 ) ) ;
#6267 = EDGE_CURVE ( 'NONE', #5359, #294, #7957, .T. ) ;
#6268 = DIRECTION ( 'NONE',  ( 1.000000000000000000, 0.000000000000000000, 0.000000000000000000 ) ) ;
#6269 = ORIENTED_EDGE ( 'NONE', *, *, #145, .T. ) ;
#6270 = VECTOR ( 'NONE', #5870, 1000.000000000000000 ) ;
#6271 = DIRECTION ( 'NONE',  ( 1.000000000000000000, 0.000000000000000000, 0.000000000000000000 ) ) ;
#6272 = ORIENTED_EDGE ( 'NONE', *, *, #2329, .F. ) ;
#6273 = ADVANCED_FACE ( 'NONE', ( #4439 ), #7273, .F. ) ;
#6274 = ORIENTED_EDGE ( 'NONE', *, *, #7316, .F. ) ;
#6275 = EDGE_CURVE ( 'NONE', #1517, #4677, #4574, .T. ) ;
#6276 = CARTESIAN_POINT ( 'NONE',  ( -2.350000000000000089, 4.649999999999999467, 5.599999999999999645 ) ) ;
#6277 = CARTESIAN_POINT ( 'NONE',  ( 2.600000000000000089, 4.049484536082480268, -4.899999999999999467 ) ) ;
#6278 = DIRECTION ( 'NONE',  ( 0.000000000000000000, 1.000000000000000000, 0.000000000000000000 ) ) ;
#6279 = CARTESIAN_POINT ( 'NONE',  ( 4.899999999999999467, 0.4494845360824785141, -5.799999999999999822 ) ) ;
#6280 = DIRECTION ( 'NONE',  ( 1.000000000000000000, 0.000000000000000000, 0.000000000000000000 ) ) ;
#6281 = ORIENTED_EDGE ( 'NONE', *, *, #2870, .F. ) ;
#6282 = LINE ( 'NONE', #2786, #6049 ) ;
#6283 = CIRCLE ( 'NONE', #7021, 0.4000000000000001887 ) ;
#6284 = PRESENTATION_STYLE_ASSIGNMENT (( #8504 ) ) ;
#6285 = ORIENTED_EDGE ( 'NONE', *, *, #6366, .T. ) ;
#6286 = VECTOR ( 'NONE', #1761, 1000.000000000000000 ) ;
#6287 = ADVANCED_FACE ( 'NONE', ( #5321 ), #8139, .F. ) ;
#6288 = LINE ( 'NONE', #5692, #1045 ) ;
#6289 = LINE ( 'NONE', #4811, #2164 ) ;
#6290 = PLANE ( 'NONE',  #1051 ) ;
#6291 = DIRECTION ( 'NONE',  ( 1.000000000000000000, 1.781189283369042886E-15, 0.000000000000000000 ) ) ;
#6292 = DIRECTION ( 'NONE',  ( -1.000000000000000000, 2.491288438666620049E-16, 0.000000000000000000 ) ) ;
#6293 = CARTESIAN_POINT ( 'NONE',  ( 4.899999999999999467, -5.150515463917519909, -4.899999999999999467 ) ) ;
#6294 = EDGE_CURVE ( 'NONE', #3697, #7049, #4106, .T. ) ;
#6295 = DIRECTION ( 'NONE',  ( -1.000000000000000000, 0.000000000000000000, 0.000000000000000000 ) ) ;
#6296 = CONICAL_SURFACE ( 'NONE', #3206, 2.499999999999992895, 0.7853981633974587151 ) ;
#6297 = ORIENTED_EDGE ( 'NONE', *, *, #3989, .T. ) ;
#6298 = EDGE_CURVE ( 'NONE', #1309, #7888, #1849, .T. ) ;
#6299 = CARTESIAN_POINT ( 'NONE',  ( -0.5000000000000000000, -2.050000000000000266, 0.000000000000000000 ) ) ;
#6300 = EDGE_LOOP ( 'NONE', ( #6514, #2906 ) ) ;
#6301 = DIRECTION ( 'NONE',  ( -1.000000000000000000, 1.734723475976804876E-16, 0.000000000000000000 ) ) ;
#6302 = VECTOR ( 'NONE', #6109, 1000.000000000000000 ) ;
#6303 = VERTEX_POINT ( 'NONE', #8958 ) ;
#6304 = CARTESIAN_POINT ( 'NONE',  ( -4.500000000000000000, -2.550515463917519821, -5.799999999999999822 ) ) ;
#6305 = CARTESIAN_POINT ( 'NONE',  ( 4.899999999999999467, 4.349484536082480091, 0.4000000000000000222 ) ) ;
#6306 = DIRECTION ( 'NONE',  ( -1.606225440719264641E-16, -1.000000000000000000, -3.102490474962825299E-31 ) ) ;
#6307 = EDGE_CURVE ( 'NONE', #5305, #1177, #6916, .T. ) ;
#6308 = DIRECTION ( 'NONE',  ( 0.000000000000000000, 0.000000000000000000, -1.000000000000000000 ) ) ;
#6309 = ORIENTED_EDGE ( 'NONE', *, *, #3031, .T. ) ;
#6310 = ORIENTED_EDGE ( 'NONE', *, *, #5011, .F. ) ;
#6311 = ORIENTED_EDGE ( 'NONE', *, *, #9113, .T. ) ;
#6312 = CARTESIAN_POINT ( 'NONE',  ( 3.261177379365209905, 20.89999999999999858, -0.5047000102205829730 ) ) ;
#6313 = FACE_OUTER_BOUND ( 'NONE', #1198, .T. ) ;
#6314 = CARTESIAN_POINT ( 'NONE',  ( 0.5000000000000000000, 1.540871211463574975, 0.5000000000000000000 ) ) ;
#6315 = ORIENTED_EDGE ( 'NONE', *, *, #7343, .T. ) ;
#6316 = CARTESIAN_POINT ( 'NONE',  ( -1.899999999999999911, -2.700000000000000178, 0.1000000000000000056 ) ) ;
#6317 = ORIENTED_EDGE ( 'NONE', *, *, #7112, .F. ) ;
#6318 = VECTOR ( 'NONE', #8310, 1000.000000000000000 ) ;
#6319 = VERTEX_POINT ( 'NONE', #3328 ) ;
#6320 = DIRECTION ( 'NONE',  ( 0.000000000000000000, 0.000000000000000000, 1.000000000000000000 ) ) ;
#6321 = DIRECTION ( 'NONE',  ( 0.000000000000000000, 0.000000000000000000, -1.000000000000000000 ) ) ;
#6322 = EDGE_CURVE ( 'NONE', #3054, #3550, #4703, .T. ) ;
#6323 = DIRECTION ( 'NONE',  ( 4.321696539984584912E-32, 1.734723475976809806E-16, -1.000000000000000000 ) ) ;
#6324 = DIRECTION ( 'NONE',  ( 0.000000000000000000, -1.000000000000000000, 0.000000000000000000 ) ) ;
#6325 = ORIENTED_EDGE ( 'NONE', *, *, #2478, .F. ) ;
#6326 = DIRECTION ( 'NONE',  ( 0.000000000000000000, -0.000000000000000000, -1.000000000000000000 ) ) ;
#6327 = ORIENTED_EDGE ( 'NONE', *, *, #5372, .T. ) ;
#6328 = VECTOR ( 'NONE', #1520, 1000.000000000000000 ) ;
#6329 = DIRECTION ( 'NONE',  ( 0.9135454576426002005, 0.000000000000000000, -0.4067366430758017626 ) ) ;
#6330 = AXIS2_PLACEMENT_3D ( 'NONE', #1450, #7685, #2005 ) ;
#6331 = CARTESIAN_POINT ( 'NONE',  ( -2.598076211353316456, -6.000000000000005329, 1.499999999999999334 ) ) ;
#6332 = DIRECTION ( 'NONE',  ( 0.7547095802227706818, 6.679655236515524789E-17, 0.6560590289905088301 ) ) ;
#6333 = CARTESIAN_POINT ( 'NONE',  ( -4.400000000000000355, -5.950000000000000178, 5.000000000000000000 ) ) ;
#6334 = AXIS2_PLACEMENT_3D ( 'NONE', #7572, #384, #5314 ) ;
#6335 = LINE ( 'NONE', #6935, #91 ) ;
#6336 = ORIENTED_EDGE ( 'NONE', *, *, #8134, .F. ) ;
#6337 = FACE_OUTER_BOUND ( 'NONE', #7688, .T. ) ;
#6338 = DIRECTION ( 'NONE',  ( 0.000000000000000000, 0.000000000000000000, 1.000000000000000000 ) ) ;
#6339 = VECTOR ( 'NONE', #2297, 1000.000000000000000 ) ;
#6340 = EDGE_CURVE ( 'NONE', #7883, #72, #8318, .T. ) ;
#6341 = CIRCLE ( 'NONE', #6628, 0.6750000000000002665 ) ;
#6342 = PRODUCT_DEFINITION_SHAPE ( 'NONE', 'NONE',  #9129 ) ;
#6343 = UNCERTAINTY_MEASURE_WITH_UNIT (LENGTH_MEASURE( 1.000000000000000082E-05 ), #8721, 'distance_accuracy_value', 'NONE');
#6344 = ORIENTED_EDGE ( 'NONE', *, *, #8964, .T. ) ;
#6345 = EDGE_CURVE ( 'NONE', #3739, #5582, #6138, .T. ) ;
#6346 = DIRECTION ( 'NONE',  ( 1.000000000000000000, 0.000000000000000000, 0.000000000000000000 ) ) ;
#6347 = ORIENTED_EDGE ( 'NONE', *, *, #3200, .F. ) ;
#6348 = DIRECTION ( 'NONE',  ( 0.000000000000000000, -1.000000000000000000, -3.260780805318075053E-31 ) ) ;
#6349 = VERTEX_POINT ( 'NONE', #8870 ) ;
#6350 = LINE ( 'NONE', #41, #187 ) ;
#6351 = PLANE ( 'NONE',  #3286 ) ;
#6352 = LINE ( 'NONE', #8435, #1088 ) ;
#6353 = DIRECTION ( 'NONE',  ( 0.000000000000000000, 1.000000000000000000, 0.000000000000000000 ) ) ;
#6354 = ORIENTED_EDGE ( 'NONE', *, *, #6925, .T. ) ;
#6355 = EDGE_CURVE ( 'NONE', #6755, #6923, #482, .T. ) ;
#6356 = ORIENTED_EDGE ( 'NONE', *, *, #3164, .F. ) ;
#6357 = AXIS2_PLACEMENT_3D ( 'NONE', #5424, #8845, #3944 ) ;
#6358 = EDGE_CURVE ( 'NONE', #7368, #8449, #8913, .T. ) ;
#6359 = AXIS2_PLACEMENT_3D ( 'NONE', #5363, #4016, #8317 ) ;
#6360 = ORIENTED_EDGE ( 'NONE', *, *, #329, .T. ) ;
#6361 = ORIENTED_EDGE ( 'NONE', *, *, #32, .T. ) ;
#6362 = LINE ( 'NONE', #4888, #5005 ) ;
#6363 = ORIENTED_EDGE ( 'NONE', *, *, #1127, .F. ) ;
#6364 = DIRECTION ( 'NONE',  ( -1.000000000000000000, 0.000000000000000000, 0.000000000000000000 ) ) ;
#6365 = EDGE_LOOP ( 'NONE', ( #5920, #7868, #5928, #1714 ) ) ;
#6366 = EDGE_CURVE ( 'NONE', #2710, #8336, #1289, .T. ) ;
#6367 = VERTEX_POINT ( 'NONE', #1348 ) ;
#6368 = CARTESIAN_POINT ( 'NONE',  ( -1.090871211463569912, 0.9499999999999999556, 0.5000000000000000000 ) ) ;
#6369 = VECTOR ( 'NONE', #4560, 1000.000000000000000 ) ;
#6370 = CARTESIAN_POINT ( 'NONE',  ( 2.600000000000000089, -3.950515463917519732, -5.299999999999999822 ) ) ;
#6371 = LINE ( 'NONE', #6464, #396 ) ;
#6372 = EDGE_CURVE ( 'NONE', #3473, #5957, #1942, .T. ) ;
#6373 = PLANE ( 'NONE',  #686 ) ;
#6374 = ORIENTED_EDGE ( 'NONE', *, *, #1228, .T. ) ;
#6375 = DIRECTION ( 'NONE',  ( 0.000000000000000000, 1.000000000000000000, 0.000000000000000000 ) ) ;
#6376 = AXIS2_PLACEMENT_3D ( 'NONE', #5247, #6484, #964 ) ;
#6377 = PLANE ( 'NONE',  #7078 ) ;
#6378 = VERTEX_POINT ( 'NONE', #4755 ) ;
#6379 = PRODUCT_DEFINITION ( 'UNKNOWN', '', #6526, #8112 ) ;
#6380 = DIRECTION ( 'NONE',  ( -1.000000000000000000, 0.000000000000000000, 0.000000000000000000 ) ) ;
#6381 = LINE ( 'NONE', #7174, #995 ) ;
#6382 = AXIS2_PLACEMENT_3D ( 'NONE', #631, #1224, #4768 ) ;
#6383 = LINE ( 'NONE', #76, #211 ) ;
#6384 = DIRECTION ( 'NONE',  ( 0.000000000000000000, 0.000000000000000000, -1.000000000000000000 ) ) ;
#6385 = ORIENTED_EDGE ( 'NONE', *, *, #8819, .T. ) ;
#6386 = CARTESIAN_POINT ( 'NONE',  ( -4.899999999999999467, -5.450515463917520620, 0.4000000000000000222 ) ) ;
#6387 = LINE ( 'NONE', #2192, #9040 ) ;
#6388 = VERTEX_POINT ( 'NONE', #7579 ) ;
#6389 = AXIS2_PLACEMENT_3D ( 'NONE', #2087, #1708, #5903 ) ;
#6390 = EDGE_CURVE ( 'NONE', #3900, #6849, #4065, .T. ) ;
#6391 = AXIS2_PLACEMENT_3D ( 'NONE', #6790, #1897, #7586 ) ;
#6392 = LINE ( 'NONE', #3622, #6043 ) ;
#6393 = ORIENTED_EDGE ( 'NONE', *, *, #2926, .F. ) ;
#6394 = PLANE ( 'NONE',  #5208 ) ;
#6395 = ORIENTED_EDGE ( 'NONE', *, *, #1719, .T. ) ;
#6396 = FACE_OUTER_BOUND ( 'NONE', #7315, .T. ) ;
#6397 = ADVANCED_FACE ( 'NONE', ( #6232 ), #1257, .F. ) ;
#6398 = CARTESIAN_POINT ( 'NONE',  ( 2.600000000000000089, -2.035644895278905162E-16, -5.299999999999999822 ) ) ;
#6399 = DIRECTION ( 'NONE',  ( -1.000000000000000000, 1.606225440719264641E-16, -1.931541112668180039E-15 ) ) ;
#6400 = DIRECTION ( 'NONE',  ( 0.000000000000000000, 0.000000000000000000, -1.000000000000000000 ) ) ;
#6401 = VECTOR ( 'NONE', #1765, 1000.000000000000000 ) ;
#6402 = CARTESIAN_POINT ( 'NONE',  ( 2.598076211353316456, -6.000000000000005329, 1.499999999999999778 ) ) ;
#6403 = ORIENTED_EDGE ( 'NONE', *, *, #7871, .F. ) ;
#6404 =( NAMED_UNIT ( * ) SI_UNIT ( $, .STERADIAN. ) SOLID_ANGLE_UNIT ( ) );
#6405 = CIRCLE ( 'NONE', #7150, 4.100000000000000533 ) ;
#6406 = EDGE_LOOP ( 'NONE', ( #760, #1731, #2668, #4808 ) ) ;
#6407 = ORIENTED_EDGE ( 'NONE', *, *, #8026, .F. ) ;
#6409 = CARTESIAN_POINT ( 'NONE',  ( -4.899999999999999467, 4.349484536082480091, -4.299999999999999822 ) ) ;
#6408 = APPLICATION_CONTEXT ( 'automotive_design' ) ;
#6410 = EDGE_CURVE ( 'NONE', #7385, #1194, #5364, .T. ) ;
#6411 = CARTESIAN_POINT ( 'NONE',  ( -1.750000000000000000, -6.700000000000000178, -1.350000000000000089 ) ) ;
#6412 = EDGE_LOOP ( 'NONE', ( #6262, #4334, #5090, #7804 ) ) ;
#6413 = EDGE_CURVE ( 'NONE', #5582, #6216, #6139, .T. ) ;
#6414 = LINE ( 'NONE', #4322, #1025 ) ;
#6415 = ORIENTED_EDGE ( 'NONE', *, *, #1997, .T. ) ;
#6416 = CIRCLE ( 'NONE', #5974, 0.6500000000000000222 ) ;
#6417 = ORIENTED_EDGE ( 'NONE', *, *, #4599, .F. ) ;
#6418 = FACE_OUTER_BOUND ( 'NONE', #8956, .T. ) ;
#6419 = CARTESIAN_POINT ( 'NONE',  ( -2.500000000000000000, -6.700000000000000178, -5.750000000000000000 ) ) ;
#6420 = CIRCLE ( 'NONE', #7604, 3.100000000000000089 ) ;
#6421 = DIRECTION ( 'NONE',  ( 2.491288438666609696E-16, 1.000000000000000000, 3.614007241618355180E-16 ) ) ;
#6422 = FACE_OUTER_BOUND ( 'NONE', #671, .T. ) ;
#6423 = ORIENTED_EDGE ( 'NONE', *, *, #4137, .F. ) ;
#6424 = LINE ( 'NONE', #3748, #4716 ) ;
#6425 = EDGE_CURVE ( 'NONE', #7619, #5453, #3371, .T. ) ;
#6426 = LINE ( 'NONE', #208, #6040 ) ;
#6427 = VERTEX_POINT ( 'NONE', #5541 ) ;
#6428 = PLANE ( 'NONE',  #610 ) ;
#6429 = LINE ( 'NONE', #717, #5702 ) ;
#6430 = CARTESIAN_POINT ( 'NONE',  ( 0.4500000000000000111, -3.625230054855794748, 2.500000000000000000 ) ) ;
#6431 = DIRECTION ( 'NONE',  ( 0.000000000000000000, -1.000000000000000000, 0.000000000000000000 ) ) ;
#6432 = DIRECTION ( 'NONE',  ( 0.000000000000000000, -1.000000000000000000, 0.000000000000000000 ) ) ;
#6433 = EDGE_LOOP ( 'NONE', ( #8682, #8166, #7119, #3961 ) ) ;
#6434 = CARTESIAN_POINT ( 'NONE',  ( -4.500000000000000000, -5.450515463917520620, -4.336808689942020103E-15 ) ) ;
#6435 = DIRECTION ( 'NONE',  ( 0.000000000000000000, -1.000000000000000000, 0.000000000000000000 ) ) ;
#6436 = AXIS2_PLACEMENT_3D ( 'NONE', #2747, #630, #4672 ) ;
#6437 = ADVANCED_FACE ( 'NONE', ( #6183 ), #5495, .F. ) ;
#6438 = VERTEX_POINT ( 'NONE', #7625 ) ;
#6439 = CARTESIAN_POINT ( 'NONE',  ( 4.500000000000000000, -3.050515463917519821, -5.899999999999999467 ) ) ;
#6440 = EDGE_LOOP ( 'NONE', ( #731, #2695 ) ) ;
#6441 = CARTESIAN_POINT ( 'NONE',  ( -4.500000000000000000, 6.873989284057759914E-16, -8.691935007006809980E-15 ) ) ;
#6442 = FACE_OUTER_BOUND ( 'NONE', #2754, .T. ) ;
#6443 = LINE ( 'NONE', #4926, #1678 ) ;
#6444 = CARTESIAN_POINT ( 'NONE',  ( -5.236132948075079341, 0.4494845360824795133, -8.396377958773980410 ) ) ;
#6445 = AXIS2_PLACEMENT_3D ( 'NONE', #4990, #7116, #805 ) ;
#6446 = DIRECTION ( 'NONE',  ( 0.000000000000000000, 0.000000000000000000, 1.000000000000000000 ) ) ;
#6447 = EDGE_CURVE ( 'NONE', #7265, #7339, #4848, .T. ) ;
#6448 = ORIENTED_EDGE ( 'NONE', *, *, #4781, .F. ) ;
#6449 = AXIS2_PLACEMENT_3D ( 'NONE', #5438, #1294, #1932 ) ;
#6450 = ORIENTED_EDGE ( 'NONE', *, *, #3851, .F. ) ;
#6451 = ORIENTED_EDGE ( 'NONE', *, *, #2337, .F. ) ;
#6452 = LINE ( 'NONE', #7983, #179 ) ;
#6453 = LINE ( 'NONE', #146, #3962 ) ;
#6454 = CARTESIAN_POINT ( 'NONE',  ( -3.878914831578274658, -0.5505154639175210418, -8.538556816112469861 ) ) ;
#6455 = EDGE_LOOP ( 'NONE', ( #4215, #240, #4021, #2910 ) ) ;
#6456 = FACE_OUTER_BOUND ( 'NONE', #4752, .T. ) ;
#6457 = ORIENTED_EDGE ( 'NONE', *, *, #2629, .F. ) ;
#6458 = ORIENTED_EDGE ( 'NONE', *, *, #3865, .F. ) ;
#6459 = EDGE_CURVE ( 'NONE', #7108, #2958, #2961, .T. ) ;
#6460 = ORIENTED_EDGE ( 'NONE', *, *, #7553, .F. ) ;
#6461 = LINE ( 'NONE', #8496, #3557 ) ;
#6462 = EDGE_CURVE ( 'NONE', #9079, #453, #5407, .T. ) ;
#6463 = DIRECTION ( 'NONE',  ( -1.000000000000000000, 1.606225440719269079E-16, 0.000000000000000000 ) ) ;
#6464 = CARTESIAN_POINT ( 'NONE',  ( -4.899999999999999467, -1.550515463917520043, 0.4000000000000000222 ) ) ;
#6465 = DIRECTION ( 'NONE',  ( -1.000000000000000000, 2.491288438666615119E-16, -1.931541112668180039E-15 ) ) ;
#6466 = ORIENTED_EDGE ( 'NONE', *, *, #8381, .T. ) ;
#6467 = CARTESIAN_POINT ( 'NONE',  ( -0.4500000000000000111, 0.4500000000000000111, 2.500000000000000000 ) ) ;
#6468 = VERTEX_POINT ( 'NONE', #2272 ) ;
#6469 = EDGE_CURVE ( 'NONE', #7720, #6216, #2827, .T. ) ;
#6470 = PLANE ( 'NONE',  #4569 ) ;
#6471 = ADVANCED_FACE ( 'NONE', ( #4946 ), #4327, .F. ) ;
#6472 = DIRECTION ( 'NONE',  ( -1.000000000000000000, 0.000000000000000000, 0.000000000000000000 ) ) ;
#6473 = DIRECTION ( 'NONE',  ( -2.792766390953479590E-46, 1.000000000000000000, 1.572187709703864984E-31 ) ) ;
#6474 = CIRCLE ( 'NONE', #2643, 0.2000000000000000944 ) ;
#6475 = DIRECTION ( 'NONE',  ( 0.000000000000000000, 0.000000000000000000, -1.000000000000000000 ) ) ;
#6476 = CARTESIAN_POINT ( 'NONE',  ( -4.500000000000000000, 2.849484536082479647, -5.299999999999999822 ) ) ;
#6477 = ORIENTED_EDGE ( 'NONE', *, *, #3685, .T. ) ;
#6478 = PLANE ( 'NONE',  #3382 ) ;
#6479 = LINE ( 'NONE', #7963, #950 ) ;
#6480 = VECTOR ( 'NONE', #4544, 1000.000000000000000 ) ;
#6481 = CYLINDRICAL_SURFACE ( 'NONE', #3998, 0.6750000000000002665 ) ;
#6482 = ORIENTED_EDGE ( 'NONE', *, *, #1407, .T. ) ;
#6483 = STYLED_ITEM ( 'NONE', ( #253 ), #2053 ) ;
#6484 = DIRECTION ( 'NONE',  ( 0.000000000000000000, 0.000000000000000000, -1.000000000000000000 ) ) ;
#6485 = ORIENTED_EDGE ( 'NONE', *, *, #5150, .F. ) ;
#6486 = CARTESIAN_POINT ( 'NONE',  ( -0.5000000000000000000, 0.000000000000000000, 0.000000000000000000 ) ) ;
#6487 = FACE_OUTER_BOUND ( 'NONE', #7352, .T. ) ;
#6488 = VECTOR ( 'NONE', #7836, 1000.000000000000000 ) ;
#6489 = LINE ( 'NONE', #4454, #4113 ) ;
#6490 = PLANE ( 'NONE',  #7972 ) ;
#6491 = CIRCLE ( 'NONE', #1770, 0.6500000000000000222 ) ;
#6492 = EDGE_CURVE ( 'NONE', #6758, #5944, #8454, .T. ) ;
#6493 = EDGE_LOOP ( 'NONE', ( #570, #3037, #8133, #6725, #593, #6116, #6736, #528 ) ) ;
#6494 = VECTOR ( 'NONE', #4572, 1000.000000000000000 ) ;
#6495 = ORIENTED_EDGE ( 'NONE', *, *, #3547, .F. ) ;
#6496 = EDGE_CURVE ( 'NONE', #1842, #8486, #3511, .T. ) ;
#6497 = ORIENTED_EDGE ( 'NONE', *, *, #7267, .T. ) ;
#6498 = DIRECTION ( 'NONE',  ( 0.000000000000000000, 0.000000000000000000, -1.000000000000000000 ) ) ;
#6499 = LINE ( 'NONE', #7939, #8242 ) ;
#6500 = CARTESIAN_POINT ( 'NONE',  ( -0.5000000000000000000, 20.89999999999999858, 1.500000000000000000 ) ) ;
#6501 = CIRCLE ( 'NONE', #8417, 0.4000000000000001887 ) ;
#6502 = VERTEX_POINT ( 'NONE', #1528 ) ;
#6503 = PLANE ( 'NONE',  #740 ) ;
#6504 = ORIENTED_EDGE ( 'NONE', *, *, #2540, .F. ) ;
#6505 = DIRECTION ( 'NONE',  ( -1.000000000000000000, 0.000000000000000000, 0.000000000000000000 ) ) ;
#6506 = AXIS2_PLACEMENT_3D ( 'NONE', #7201, #6498, #931 ) ;
#6507 = ORIENTED_EDGE ( 'NONE', *, *, #6792, .F. ) ;
#6508 = CARTESIAN_POINT ( 'NONE',  ( -0.7500000000000000000, -6.500000000000000000, 1.100000000000000089 ) ) ;
#6509 = LINE ( 'NONE', #7996, #4669 ) ;
#6510 = EDGE_CURVE ( 'NONE', #3506, #5904, #4897, .T. ) ;
#6511 = CIRCLE ( 'NONE', #8869, 0.1999999999999999833 ) ;
#6512 = CARTESIAN_POINT ( 'NONE',  ( -4.500000000000000000, 0.000000000000000000, 0.4000000000000000222 ) ) ;
#6513 = DIRECTION ( 'NONE',  ( 0.000000000000000000, 1.000000000000000000, 0.000000000000000000 ) ) ;
#6514 = ORIENTED_EDGE ( 'NONE', *, *, #5841, .F. ) ;
#6515 = DIRECTION ( 'NONE',  ( 0.000000000000000000, 8.673617379884039416E-16, 1.000000000000000000 ) ) ;
#6516 = ORIENTED_EDGE ( 'NONE', *, *, #7254, .F. ) ;
#6517 = CARTESIAN_POINT ( 'NONE',  ( 4.500000000000000000, 0.000000000000000000, 0.000000000000000000 ) ) ;
#6518 = DIRECTION ( 'NONE',  ( 1.000000000000000000, 0.000000000000000000, 0.000000000000000000 ) ) ;
#6519 = AXIS2_PLACEMENT_3D ( 'NONE', #1507, #1457, #2197 ) ;
#6520 = EDGE_CURVE ( 'NONE', #6927, #4924, #5551, .T. ) ;
#6521 = CARTESIAN_POINT ( 'NONE',  ( -4.400000000000000355, 3.600000000000000089, 0.000000000000000000 ) ) ;
#6522 = FACE_OUTER_BOUND ( 'NONE', #5819, .T. ) ;
#6523 = VERTEX_POINT ( 'NONE', #5682 ) ;
#6524 = DIRECTION ( 'NONE',  ( 8.850629979473508477E-17, -1.000000000000000000, 0.000000000000000000 ) ) ;
#6525 = CARTESIAN_POINT ( 'NONE',  ( -3.250000000000000000, -6.700000000000000178, -1.350000000000000089 ) ) ;
#6526 = PRODUCT_DEFINITION_FORMATION_WITH_SPECIFIED_SOURCE ( 'ANY', '', #8410, .NOT_KNOWN. ) ;
#6527 = EDGE_CURVE ( 'NONE', #7108, #4730, #8592, .T. ) ;
#6528 = AXIS2_PLACEMENT_3D ( 'NONE', #5805, #5758, #8571 ) ;
#6529 = VECTOR ( 'NONE', #2420, 1000.000000000000000 ) ;
#6530 = LINE ( 'NONE', #2153, #7970 ) ;
#6531 = ORIENTED_EDGE ( 'NONE', *, *, #4803, .F. ) ;
#6532 = CARTESIAN_POINT ( 'NONE',  ( 4.899999999999999467, 2.849484536082479647, -4.899999999999999467 ) ) ;
#6533 = ORIENTED_EDGE ( 'NONE', *, *, #3243, .F. ) ;
#6534 = CARTESIAN_POINT ( 'NONE',  ( -1.091177379365209976, 20.19999999999999929, -0.5047000102205829730 ) ) ;
#6535 = CARTESIAN_POINT ( 'NONE',  ( -4.899999999999999467, 4.349484536082480091, -0.5999999999999999778 ) ) ;
#6536 = DIRECTION ( 'NONE',  ( -1.000000000000000000, -1.971276677246369793E-16, 0.000000000000000000 ) ) ;
#6537 = DIRECTION ( 'NONE',  ( 0.000000000000000000, -1.000000000000000000, 0.000000000000000000 ) ) ;
#6538 = ORIENTED_EDGE ( 'NONE', *, *, #4821, .F. ) ;
#6539 = VECTOR ( 'NONE', #8319, 1000.000000000000000 ) ;
#6540 = ADVANCED_FACE ( 'NONE', ( #2780 ), #4236, .T. ) ;
#6541 = ITEM_DEFINED_TRANSFORMATION ( 'NONE', 'NONE', #5202,  #7110 ) ;
#6542 = ORIENTED_EDGE ( 'NONE', *, *, #735, .F. ) ;
#6543 = EDGE_LOOP ( 'NONE', ( #4984, #7594, #2522, #7247, #737 ) ) ;
#6544 = VERTEX_POINT ( 'NONE', #3556 ) ;
#6545 = AXIS2_PLACEMENT_3D ( 'NONE', #4390, #816, #3616 ) ;
#6546 = CARTESIAN_POINT ( 'NONE',  ( -0.7500000000000000000, -6.400000000000000355, 0.000000000000000000 ) ) ;
#6547 = DIRECTION ( 'NONE',  ( 0.000000000000000000, 1.000000000000000000, 0.000000000000000000 ) ) ;
#6548 = ORIENTED_EDGE ( 'NONE', *, *, #4812, .F. ) ;
#6549 = DIRECTION ( 'NONE',  ( 0.000000000000000000, 0.000000000000000000, -1.000000000000000000 ) ) ;
#6550 = EDGE_LOOP ( 'NONE', ( #3943, #5762, #9069, #980 ) ) ;
#6551 = EDGE_LOOP ( 'NONE', ( #7669, #8244, #1800, #2309 ) ) ;
#6552 = DIRECTION ( 'NONE',  ( 0.000000000000000000, 0.000000000000000000, 1.000000000000000000 ) ) ;
#6553 = EDGE_CURVE ( 'NONE', #5838, #8194, #7900, .T. ) ;
#6554 = ORIENTED_EDGE ( 'NONE', *, *, #5623, .F. ) ;
#6555 = DIRECTION ( 'NONE',  ( -1.010091815958999894E-32, -1.141265444721583757E-16, -1.000000000000000000 ) ) ;
#6556 = CARTESIAN_POINT ( 'NONE',  ( -4.500000000000000000, 6.873989284057759914E-16, -4.299999999999999822 ) ) ;
#6557 = DIRECTION ( 'NONE',  ( -0.000000000000000000, 1.000000000000000000, 0.000000000000000000 ) ) ;
#6558 = FACE_OUTER_BOUND ( 'NONE', #9123, .T. ) ;
#6559 = VERTEX_POINT ( 'NONE', #7756 ) ;
#6560 = CARTESIAN_POINT ( 'NONE',  ( -0.7967663502707699186, 20.89999999999999858, -2.404700010220584883 ) ) ;
#6561 = SURFACE_SIDE_STYLE ('',( #8547 ) ) ;
#6562 = ADVANCED_FACE ( 'NONE', ( #2086 ), #2135, .T. ) ;
#6563 = ORIENTED_EDGE ( 'NONE', *, *, #8664, .T. ) ;
#6564 = EDGE_CURVE ( 'NONE', #8807, #5196, #110, .T. ) ;
#6565 = VECTOR ( 'NONE', #4970, 1000.000000000000000 ) ;
#6566 = CARTESIAN_POINT ( 'NONE',  ( 2.291287847477914585, -6.500000000000002665, 0.9999999999999924505 ) ) ;
#6567 = DIRECTION ( 'NONE',  ( 0.000000000000000000, 0.000000000000000000, 1.000000000000000000 ) ) ;
#6568 = DIRECTION ( 'NONE',  ( 0.000000000000000000, 0.000000000000000000, -1.000000000000000000 ) ) ;
#6569 = CARTESIAN_POINT ( 'NONE',  ( -2.500000000000000000, -6.400000000000000355, -5.750000000000000000 ) ) ;
#6570 = CARTESIAN_POINT ( 'NONE',  ( 0.5000000000000000000, 0.000000000000000000, 0.000000000000000000 ) ) ;
#6571 = LINE ( 'NONE', #7180, #4115 ) ;
#6572 = DIRECTION ( 'NONE',  ( 0.000000000000000000, 0.000000000000000000, 1.000000000000000000 ) ) ;
#6573 = EDGE_CURVE ( 'NONE', #4737, #6523, #5087, .T. ) ;
#6574 = CARTESIAN_POINT ( 'NONE',  ( 4.500000000000000000, 2.849484536082479647, -5.299999999999999822 ) ) ;
#6575 = LINE ( 'NONE', #6615, #491 ) ;
#6576 = EDGE_CURVE ( 'NONE', #3082, #4331, #559, .T. ) ;
#6577 = CARTESIAN_POINT ( 'NONE',  ( -4.500000000000000000, -2.450515463917519732, -0.5999999999999999778 ) ) ;
#6578 = DIRECTION ( 'NONE',  ( 0.000000000000000000, -1.000000000000000000, 0.000000000000000000 ) ) ;
#6579 = CARTESIAN_POINT ( 'NONE',  ( 3.000000000000000000, -3.750000000000000000, 5.599999999999999645 ) ) ;
#6580 = FACE_OUTER_BOUND ( 'NONE', #57, .T. ) ;
#6581 = ORIENTED_EDGE ( 'NONE', *, *, #4696, .F. ) ;
#6582 = AXIS2_PLACEMENT_3D ( 'NONE', #157, #5686, #4992 ) ;
#6583 = ORIENTED_EDGE ( 'NONE', *, *, #812, .F. ) ;
#6584 = ADVANCED_FACE ( 'NONE', ( #3606 ), #2919, .T. ) ;
#6585 = ORIENTED_EDGE ( 'NONE', *, *, #1278, .T. ) ;
#6586 = AXIS2_PLACEMENT_3D ( 'NONE', #4531, #2501, #8737 ) ;
#6587 = ORIENTED_EDGE ( 'NONE', *, *, #3949, .T. ) ;
#6588 = CARTESIAN_POINT ( 'NONE',  ( 2.500000000000000000, -6.400000000000000355, -5.750000000000000000 ) ) ;
#6589 = EDGE_CURVE ( 'NONE', #5429, #6559, #156, .T. ) ;
#6590 = CARTESIAN_POINT ( 'NONE',  ( 4.500000000000000000, -1.550515463917524928, -5.799999999999999822 ) ) ;
#6591 = CARTESIAN_POINT ( 'NONE',  ( -1.750000000000000000, -6.700000000000000178, 1.100000000000000089 ) ) ;
#6592 = VERTEX_POINT ( 'NONE', #941 ) ;
#6593 = ORIENTED_EDGE ( 'NONE', *, *, #1921, .T. ) ;
#6594 = CARTESIAN_POINT ( 'NONE',  ( 4.500000000000000000, -5.150515463917519909, -4.899999999999999467 ) ) ;
#6595 = AXIS2_PLACEMENT_3D ( 'NONE', #3984, #2384, #7456 ) ;
#6596 = EDGE_LOOP ( 'NONE', ( #5630, #3445, #3657, #5024, #5312, #8049 ) ) ;
#6597 = DIRECTION ( 'NONE',  ( 0.000000000000000000, 0.000000000000000000, 1.000000000000000000 ) ) ;
#6598 = DIRECTION ( 'NONE',  ( 0.000000000000000000, 0.000000000000000000, -1.000000000000000000 ) ) ;
#6599 = DIRECTION ( 'NONE',  ( -0.001026138167771968200, 0.000000000000000000, -0.9999994735200917750 ) ) ;
#6600 = VERTEX_POINT ( 'NONE', #4565 ) ;
#6601 = LINE ( 'NONE', #1675, #318 ) ;
#6602 = CYLINDRICAL_SURFACE ( 'NONE', #1480, 0.4000000000000001887 ) ;
#6603 = ORIENTED_EDGE ( 'NONE', *, *, #1565, .T. ) ;
#6604 = CARTESIAN_POINT ( 'NONE',  ( 4.899999999999999467, 4.049484536082480268, -4.899999999999999467 ) ) ;
#6605 = ADVANCED_FACE ( 'NONE', ( #7395 ), #986, .T. ) ;
#6606 = CARTESIAN_POINT ( 'NONE',  ( -4.899999999999999467, -2.550515463917519821, -5.799999999999999822 ) ) ;
#6607 = DIRECTION ( 'NONE',  ( 0.000000000000000000, 0.000000000000000000, 1.000000000000000000 ) ) ;
#6608 = DIRECTION ( 'NONE',  ( 0.7547095802227721251, -1.880199251759926099E-16, -0.6560590289905071648 ) ) ;
#6609 = ORIENTED_EDGE ( 'NONE', *, *, #2516, .F. ) ;
#6610 = DIRECTION ( 'NONE',  ( 1.000000000000000000, 0.000000000000000000, 0.000000000000000000 ) ) ;
#6611 = CARTESIAN_POINT ( 'NONE',  ( -4.598116167910880847, -1.550515463917520043, -7.662869739802290248 ) ) ;
#6612 = VECTOR ( 'NONE', #2353, 1000.000000000000000 ) ;
#6613 = DIRECTION ( 'NONE',  ( 0.000000000000000000, 1.000000000000000000, 0.000000000000000000 ) ) ;
#6614 = VECTOR ( 'NONE', #8073, 1000.000000000000000 ) ;
#6615 = CARTESIAN_POINT ( 'NONE',  ( -2.899999999999999911, -6.700000000000000178, -5.750000000000000000 ) ) ;
#6616 = CARTESIAN_POINT ( 'NONE',  ( 4.500000000000000000, -5.150515463917519909, -5.299999999999999822 ) ) ;
#6617 = ORIENTED_EDGE ( 'NONE', *, *, #2389, .T. ) ;
#6618 = CARTESIAN_POINT ( 'NONE',  ( -0.2999999999999943268, 21.69999999999999929, 0.000000000000000000 ) ) ;
#6619 = EDGE_CURVE ( 'NONE', #3858, #8123, #5856, .T. ) ;
#6620 = CARTESIAN_POINT ( 'NONE',  ( 0.000000000000000000, -0.5505154639175199316, 0.4000000000000000222 ) ) ;
#6621 = VERTEX_POINT ( 'NONE', #248 ) ;
#6622 = SHAPE_DEFINITION_REPRESENTATION ( #3470, #8929 ) ;
#6623 = EDGE_CURVE ( 'NONE', #7483, #7989, #336, .T. ) ;
#6624 = ORIENTED_EDGE ( 'NONE', *, *, #3621, .F. ) ;
#6625 = VECTOR ( 'NONE', #6308, 1000.000000000000000 ) ;
#6626 = ORIENTED_EDGE ( 'NONE', *, *, #3535, .T. ) ;
#6627 = DIRECTION ( 'NONE',  ( 0.000000000000000000, -1.000000000000000000, 0.000000000000000000 ) ) ;
#6628 = AXIS2_PLACEMENT_3D ( 'NONE', #2599, #5411, #4579 ) ;
#6629 = CARTESIAN_POINT ( 'NONE',  ( 1.750000000000000000, -5.549999999999999822, 1.300000000000000044 ) ) ;
#6630 = CARTESIAN_POINT ( 'NONE',  ( 3.500000000000000000, 0.4500000000000000111, 1.800000000000000044 ) ) ;
#6631 = EDGE_CURVE ( 'NONE', #4842, #2286, #2320, .T. ) ;
#6632 = VECTOR ( 'NONE', #7121, 1000.000000000000000 ) ;
#6633 = ORIENTED_EDGE ( 'NONE', *, *, #2580, .T. ) ;
#6634 = ORIENTED_EDGE ( 'NONE', *, *, #3535, .F. ) ;
#6635 = CIRCLE ( 'NONE', #5606, 3.399999999999999911 ) ;
#6636 = DIRECTION ( 'NONE',  ( 1.000000000000000000, 0.000000000000000000, 0.000000000000000000 ) ) ;
#6637 = AXIS2_PLACEMENT_3D ( 'NONE', #7417, #5937, #3855 ) ;
#6638 = EDGE_CURVE ( 'NONE', #6688, #1615, #893, .T. ) ;
#6639 = AXIS2_PLACEMENT_3D ( 'NONE', #5554, #6884, #584 ) ;
#6640 = ORIENTED_EDGE ( 'NONE', *, *, #7926, .F. ) ;
#6641 = DIRECTION ( 'NONE',  ( -1.000000000000000000, 0.000000000000000000, 0.000000000000000000 ) ) ;
#6642 = AXIS2_PLACEMENT_3D ( 'NONE', #4936, #5576, #1385 ) ;
#6643 = FACE_BOUND ( 'NONE', #5567, .T. ) ;
#6644 = ORIENTED_EDGE ( 'NONE', *, *, #376, .T. ) ;
#6645 = CYLINDRICAL_SURFACE ( 'NONE', #454, 0.4000000000000001887 ) ;
#6646 = EDGE_LOOP ( 'NONE', ( #243, #8977, #3842, #6633 ) ) ;
#6647 = EDGE_CURVE ( 'NONE', #660, #8076, #5268, .T. ) ;
#6648 = VECTOR ( 'NONE', #7093, 1000.000000000000000 ) ;
#6649 = DIRECTION ( 'NONE',  ( 0.000000000000000000, 0.000000000000000000, -1.000000000000000000 ) ) ;
#6650 = AXIS2_PLACEMENT_3D ( 'NONE', #4479, #5778, #8083 ) ;
#6651 = EDGE_CURVE ( 'NONE', #1182, #8486, #8684, .T. ) ;
#6652 = FACE_OUTER_BOUND ( 'NONE', #8890, .T. ) ;
#6653 = CARTESIAN_POINT ( 'NONE',  ( 0.6500000000000000222, 0.4500000000000000111, 5.000000000000000000 ) ) ;
#6654 = DIRECTION ( 'NONE',  ( 0.000000000000000000, 1.000000000000000000, 0.000000000000000000 ) ) ;
#6655 = DIRECTION ( 'NONE',  ( 1.000000000000000000, 0.000000000000000000, 0.000000000000000000 ) ) ;
#6656 = ORIENTED_EDGE ( 'NONE', *, *, #123, .F. ) ;
#6657 = LINE ( 'NONE', #1724, #5177 ) ;
#6658 = DIRECTION ( 'NONE',  ( 1.606225440719264641E-16, 1.000000000000000000, 3.102490474962825299E-31 ) ) ;
#6659 = AXIS2_PLACEMENT_3D ( 'NONE', #5716, #9080, #2861 ) ;
#6660 = ADVANCED_FACE ( 'NONE', ( #5133 ), #3827, .F. ) ;
#6661 = CARTESIAN_POINT ( 'NONE',  ( 0.01275798393824549917, 20.89999999999999858, 0.008155582768801669657 ) ) ;
#6662 = EDGE_CURVE ( 'NONE', #178, #999, #2453, .T. ) ;
#6663 = CARTESIAN_POINT ( 'NONE',  ( -3.250000000000000000, -5.549999999999999822, -6.159999999999999254 ) ) ;
#6664 = ORIENTED_EDGE ( 'NONE', *, *, #6459, .T. ) ;
#6665 = LINE ( 'NONE', #8106, #1141 ) ;
#6666 = ORIENTED_EDGE ( 'NONE', *, *, #3350, .T. ) ;
#6667 = DIRECTION ( 'NONE',  ( 0.000000000000000000, 0.000000000000000000, 1.000000000000000000 ) ) ;
#6668 = PLANE ( 'NONE',  #5764 ) ;
#6669 = ORIENTED_EDGE ( 'NONE', *, *, #5854, .F. ) ;
#6670 = ADVANCED_FACE ( 'NONE', ( #5960 ), #3056, .T. ) ;
#6671 = VECTOR ( 'NONE', #3339, 1000.000000000000000 ) ;
#6672 = EDGE_CURVE ( 'NONE', #4350, #7563, #3063, .T. ) ;
#6673 = ORIENTED_EDGE ( 'NONE', *, *, #2678, .F. ) ;
#6674 = EDGE_LOOP ( 'NONE', ( #8940, #2939, #6285, #3357 ) ) ;
#6675 = CARTESIAN_POINT ( 'NONE',  ( 2.600000000000000089, -3.950515463917519732, -5.299999999999999822 ) ) ;
#6676 = DIRECTION ( 'NONE',  ( -0.000000000000000000, 1.000000000000000000, 0.000000000000000000 ) ) ;
#6677 = DIRECTION ( 'NONE',  ( 0.000000000000000000, 1.000000000000000000, 0.000000000000000000 ) ) ;
#6678 = VECTOR ( 'NONE', #6080, 1000.000000000000000 ) ;
#6679 = AXIS2_PLACEMENT_3D ( 'NONE', #9110, #5749, #8560 ) ;
#6680 = ORIENTED_EDGE ( 'NONE', *, *, #1239, .T. ) ;
#6681 = ORIENTED_EDGE ( 'NONE', *, *, #6425, .T. ) ;
#6682 = ORIENTED_EDGE ( 'NONE', *, *, #4335, .F. ) ;
#6683 = CARTESIAN_POINT ( 'NONE',  ( -4.500000000000000000, 2.849484536082479647, -6.799999999999999822 ) ) ;
#6684 = CIRCLE ( 'NONE', #1244, 0.6500000000000000222 ) ;
#6685 = EDGE_CURVE ( 'NONE', #8265, #3623, #6509, .T. ) ;
#6686 = VECTOR ( 'NONE', #3801, 1000.000000000000114 ) ;
#6687 = CARTESIAN_POINT ( 'NONE',  ( -4.500000000000000000, -3.950515463917519732, -4.299999999999999822 ) ) ;
#6688 = VERTEX_POINT ( 'NONE', #1672 ) ;
#6689 = CYLINDRICAL_SURFACE ( 'NONE', #5637, 0.2000000000000000944 ) ;
#6690 = DIRECTION ( 'NONE',  ( -1.495451272393800035E-16, -1.000000000000000000, 0.000000000000000000 ) ) ;
#6691 = ADVANCED_FACE ( 'NONE', ( #7210 ), #3694, .T. ) ;
#6692 = ORIENTED_EDGE ( 'NONE', *, *, #504, .T. ) ;
#6693 = LINE ( 'NONE', #3184, #3812 ) ;
#6694 = VERTEX_POINT ( 'NONE', #289 ) ;
#6695 = ORIENTED_EDGE ( 'NONE', *, *, #7799, .T. ) ;
#6696 = CARTESIAN_POINT ( 'NONE',  ( 2.600000000000000089, -5.150515463917519909, -6.799999999999999822 ) ) ;
#6697 = CARTESIAN_POINT ( 'NONE',  ( -3.000000000000000000, -3.750000000000000000, 5.599999999999999645 ) ) ;
#6698 = DIRECTION ( 'NONE',  ( -1.000000000000000000, 0.000000000000000000, 0.000000000000000000 ) ) ;
#6699 = EDGE_CURVE ( 'NONE', #1106, #5334, #3095, .T. ) ;
#6700 = LINE ( 'NONE', #4621, #363 ) ;
#6701 = DIRECTION ( 'NONE',  ( -0.000000000000000000, 1.000000000000000000, -0.000000000000000000 ) ) ;
#6702 = DIRECTION ( 'NONE',  ( 0.000000000000000000, 1.000000000000000000, 0.000000000000000000 ) ) ;
#6703 = FACE_OUTER_BOUND ( 'NONE', #4557, .T. ) ;
#6704 = AXIS2_PLACEMENT_3D ( 'NONE', #7740, #3536, #1461 ) ;
#6705 = PLANE ( 'NONE',  #1340 ) ;
#6706 = CARTESIAN_POINT ( 'NONE',  ( -4.836441345419219218, -0.5505154639175210418, -10.20000000000000107 ) ) ;
#6707 = VERTEX_POINT ( 'NONE', #2408 ) ;
#6708 = LINE ( 'NONE', #402, #4706 ) ;
#6709 = VECTOR ( 'NONE', #6056, 1000.000000000000000 ) ;
#6710 = CARTESIAN_POINT ( 'NONE',  ( -2.399251774994272779, -6.335082376610527533, 1.164917623389470025 ) ) ;
#6711 = ORIENTED_EDGE ( 'NONE', *, *, #3432, .F. ) ;
#6712 = ORIENTED_EDGE ( 'NONE', *, *, #5799, .T. ) ;
#6713 = VERTEX_POINT ( 'NONE', #4521 ) ;
#6714 = ORIENTED_EDGE ( 'NONE', *, *, #7926, .T. ) ;
#6715 = CYLINDRICAL_SURFACE ( 'NONE', #1641, 0.3500000000000000333 ) ;
#6716 = ADVANCED_FACE ( 'NONE', ( #7351, #1026, #6643, #3141, #8774, #4098 ), #5356, .T. ) ;
#6717 = LINE ( 'NONE', #461, #1898 ) ;
#6718 = LINE ( 'NONE', #4046, #3146 ) ;
#6719 = AXIS2_PLACEMENT_3D ( 'NONE', #767, #7220, #4957 ) ;
#6720 = ORIENTED_EDGE ( 'NONE', *, *, #4281, .T. ) ;
#6721 = ORIENTED_EDGE ( 'NONE', *, *, #2436, .F. ) ;
#6722 = ORIENTED_EDGE ( 'NONE', *, *, #7717, .T. ) ;
#6723 = VECTOR ( 'NONE', #1484, 1000.000000000000000 ) ;
#6724 = DIRECTION ( 'NONE',  ( -0.000000000000000000, 1.000000000000000000, 0.000000000000000000 ) ) ;
#6725 = ORIENTED_EDGE ( 'NONE', *, *, #8542, .F. ) ;
#6726 = DIRECTION ( 'NONE',  ( 0.000000000000000000, 0.000000000000000000, 1.000000000000000000 ) ) ;
#6727 = DIRECTION ( 'NONE',  ( 0.000000000000000000, 0.000000000000000000, -1.000000000000000000 ) ) ;
#6728 = CARTESIAN_POINT ( 'NONE',  ( 0.01275798393824549917, 20.89999999999999858, 0.008155582768801669657 ) ) ;
#6729 = VERTEX_POINT ( 'NONE', #1155 ) ;
#6730 = AXIS2_PLACEMENT_3D ( 'NONE', #7440, #1248, #607 ) ;
#6731 = EDGE_CURVE ( 'NONE', #1208, #8838, #4084, .T. ) ;
#6732 = DIRECTION ( 'NONE',  ( -1.000000000000000000, -8.850629979473508477E-17, -1.535339560257679861E-32 ) ) ;
#6733 = ORIENTED_EDGE ( 'NONE', *, *, #6345, .T. ) ;
#6734 = EDGE_CURVE ( 'NONE', #8903, #8452, #7522, .T. ) ;
#6735 = VECTOR ( 'NONE', #400, 1000.000000000000000 ) ;
#6736 = ORIENTED_EDGE ( 'NONE', *, *, #602, .F. ) ;
#6737 = CARTESIAN_POINT ( 'NONE',  ( -4.500000000000000000, 0.4494845360824795133, -5.799999999999999822 ) ) ;
#6738 = DIRECTION ( 'NONE',  ( -1.000000000000000000, 0.000000000000000000, 0.000000000000000000 ) ) ;
#6739 = DIRECTION ( 'NONE',  ( 1.000000000000000000, 0.000000000000000000, 0.000000000000000000 ) ) ;
#6740 = CARTESIAN_POINT ( 'NONE',  ( -4.500000000000000000, 4.849484536082480091, 0.3999999999999915290 ) ) ;
#6741 = CARTESIAN_POINT ( 'NONE',  ( 0.000000000000000000, -2.700000000000000178, 0.000000000000000000 ) ) ;
#6742 = ORIENTED_EDGE ( 'NONE', *, *, #5183, .T. ) ;
#6743 = FACE_OUTER_BOUND ( 'NONE', #721, .T. ) ;
#6744 = EDGE_CURVE ( 'NONE', #86, #8383, #410, .T. ) ;
#6745 = CARTESIAN_POINT ( 'NONE',  ( 0.7500000000000000000, -6.500000000000000000, 1.100000000000000089 ) ) ;
#6746 = B_SPLINE_CURVE_WITH_KNOTS ( 'NONE', 3,
 ( #6402, #92, #4929, #2904 ),
 .UNSPECIFIED., .F., .F.,
 ( 4, 4 ),
 ( 0.000000000000000000, 0.0007707912170032497337 ),
 .UNSPECIFIED. ) ;
#6747 = EDGE_CURVE ( 'NONE', #4852, #4138, #425, .T. ) ;
#6748 =( REPRESENTATION_RELATIONSHIP ('NONE','NONE', #1981, #8929 ) REPRESENTATION_RELATIONSHIP_WITH_TRANSFORMATION ( #4360 )SHAPE_REPRESENTATION_RELATIONSHIP( ) );
#6749 = FACE_BOUND ( 'NONE', #4799, .T. ) ;
#6750 = LINE ( 'NONE', #8880, #4040 ) ;
#6751 = CARTESIAN_POINT ( 'NONE',  ( -4.836441345419226323, 0.03527097370938427762, -10.20000000000000995 ) ) ;
#6752 = VERTEX_POINT ( 'NONE', #8171 ) ;
#6753 = LINE ( 'NONE', #4586, #4561 ) ;
#6754 = CARTESIAN_POINT ( 'NONE',  ( -4.899999999999999467, 0.4494845360824790137, 0.4000000000000000222 ) ) ;
#6755 = VERTEX_POINT ( 'NONE', #8130 ) ;
#6756 = AXIS2_PLACEMENT_3D ( 'NONE', #4843, #3551, #6364 ) ;
#6757 = EDGE_LOOP ( 'NONE', ( #118, #6448, #4855, #2526, #1922 ) ) ;
#6758 = VERTEX_POINT ( 'NONE', #5397 ) ;
#6759 = CYLINDRICAL_SURFACE ( 'NONE', #2083, 0.4000000000000001887 ) ;
#6760 = EDGE_CURVE ( 'NONE', #6388, #878, #1882, .T. ) ;
#6761 = DIRECTION ( 'NONE',  ( 0.000000000000000000, 0.000000000000000000, -1.000000000000000000 ) ) ;
#6762 = DIRECTION ( 'NONE',  ( 0.000000000000000000, 1.000000000000000000, 0.000000000000000000 ) ) ;
#6763 = DIRECTION ( 'NONE',  ( 0.000000000000000000, 0.000000000000000000, 1.000000000000000000 ) ) ;
#6764 = AXIS2_PLACEMENT_3D ( 'NONE', #7705, #2075, #3504 ) ;
#6765 = VERTEX_POINT ( 'NONE', #563 ) ;
#6766 = VERTEX_POINT ( 'NONE', #4693 ) ;
#6767 = VECTOR ( 'NONE', #3096, 1000.000000000000114 ) ;
#6768 = VECTOR ( 'NONE', #8191, 1000.000000000000000 ) ;
#6769 = CARTESIAN_POINT ( 'NONE',  ( -1.084202172485503941E-16, 0.4500000000000589639, 2.100000000000000089 ) ) ;
#6770 = EDGE_LOOP ( 'NONE', ( #3058, #2154, #3125, #7092 ) ) ;
#6771 = CARTESIAN_POINT ( 'NONE',  ( -2.600000000000000089, -3.950515463917519732, -5.299999999999999822 ) ) ;
#6772 = AXIS2_PLACEMENT_3D ( 'NONE', #2967, #3099, #293 ) ;
#6773 = CYLINDRICAL_SURFACE ( 'NONE', #7930, 0.6500000000000000222 ) ;
#6774 = CARTESIAN_POINT ( 'NONE',  ( 0.000000000000000000, 23.19999999999999929, 0.000000000000000000 ) ) ;
#6775 = VECTOR ( 'NONE', #5053, 1000.000000000000000 ) ;
#6776 = ORIENTED_EDGE ( 'NONE', *, *, #727, .F. ) ;
#6777 = CIRCLE ( 'NONE', #4704, 1.199999999999999956 ) ;
#6778 = DIRECTION ( 'NONE',  ( -0.000000000000000000, -1.000000000000000000, -0.000000000000000000 ) ) ;
#6779 = ORIENTED_EDGE ( 'NONE', *, *, #569, .T. ) ;
#6780 = AXIS2_PLACEMENT_3D ( 'NONE', #8057, #1853, #8183 ) ;
#6781 = AXIS2_PLACEMENT_3D ( 'NONE', #5512, #3296, #5601 ) ;
#6782 = ORIENTED_EDGE ( 'NONE', *, *, #6520, .T. ) ;
#6783 = EDGE_CURVE ( 'NONE', #8522, #7610, #1201, .T. ) ;
#6784 = CARTESIAN_POINT ( 'NONE',  ( -4.400000000000000355, 0.000000000000000000, 0.1000000000000000056 ) ) ;
#6785 = CARTESIAN_POINT ( 'NONE',  ( -1.000000000000000000, 4.426179070414215211, 4.299999999999999822 ) ) ;
#6786 = CARTESIAN_POINT ( 'NONE',  ( -2.600000000000000089, -3.950515463917519732, -4.299999999999999822 ) ) ;
#6787 = DIRECTION ( 'NONE',  ( 0.000000000000000000, -1.000000000000000000, 0.000000000000000000 ) ) ;
#6788 = ORIENTED_EDGE ( 'NONE', *, *, #4427, .F. ) ;
#6789 = DIRECTION ( 'NONE',  ( 1.776356839400250465E-15, 0.000000000000000000, -1.000000000000000000 ) ) ;
#6790 = CARTESIAN_POINT ( 'NONE',  ( 5.236132948075099769, 0.4494845360824790137, -8.396377958773969752 ) ) ;
#6791 = VECTOR ( 'NONE', #7042, 1000.000000000000000 ) ;
#6792 = EDGE_CURVE ( 'NONE', #6981, #7609, #1582, .T. ) ;
#6793 = FACE_BOUND ( 'NONE', #5207, .T. ) ;
#6794 = CIRCLE ( 'NONE', #3261, 0.3500000000000001443 ) ;
#6795 = DIRECTION ( 'NONE',  ( 0.000000000000000000, 0.000000000000000000, 1.000000000000000000 ) ) ;
#6796 = FACE_OUTER_BOUND ( 'NONE', #423, .T. ) ;
#6797 = CARTESIAN_POINT ( 'NONE',  ( 4.500000000000000000, 2.449484536082480179, -4.299999999999999822 ) ) ;
#6798 = ORIENTED_EDGE ( 'NONE', *, *, #3017, .T. ) ;
#6799 = DIRECTION ( 'NONE',  ( -0.000000000000000000, -0.000000000000000000, 1.000000000000000000 ) ) ;
#6800 = EDGE_CURVE ( 'NONE', #8522, #6713, #1733, .T. ) ;
#6801 = CARTESIAN_POINT ( 'NONE',  ( 4.500000000000000000, -5.450515463917520620, 0.4000000000000000222 ) ) ;
#6802 = CIRCLE ( 'NONE', #7402, 4.100000000000000533 ) ;
#6803 = VERTEX_POINT ( 'NONE', #523 ) ;
#6804 =( GEOMETRIC_REPRESENTATION_CONTEXT ( 3 ) GLOBAL_UNCERTAINTY_ASSIGNED_CONTEXT ( ( #2105 ) ) GLOBAL_UNIT_ASSIGNED_CONTEXT ( ( #7434, #6902, #8854 ) ) REPRESENTATION_CONTEXT ( 'NONE', 'WORKASPACE' ) );
#6805 = VERTEX_POINT ( 'NONE', #3362 ) ;
#6806 = EDGE_LOOP ( 'NONE', ( #4787, #3018, #787, #1301, #3716, #6160, #4610, #1366 ) ) ;
#6807 = DIRECTION ( 'NONE',  ( 0.000000000000000000, -1.000000000000000000, 0.000000000000000000 ) ) ;
#6808 = DIRECTION ( 'NONE',  ( 0.000000000000000000, 0.000000000000000000, 1.000000000000000000 ) ) ;
#6809 = DIRECTION ( 'NONE',  ( 0.000000000000000000, 0.000000000000000000, 1.000000000000000000 ) ) ;
#6810 = AXIS2_PLACEMENT_3D ( 'NONE', #8751, #3073, #3624 ) ;
#6811 = ADVANCED_FACE ( 'NONE', ( #3916 ), #2675, .F. ) ;
#6812 = DIRECTION ( 'NONE',  ( 0.000000000000000000, 0.000000000000000000, 1.000000000000000000 ) ) ;
#6813 = VERTEX_POINT ( 'NONE', #8307 ) ;
#6814 = ORIENTED_EDGE ( 'NONE', *, *, #7270, .F. ) ;
#6815 = ORIENTED_EDGE ( 'NONE', *, *, #7751, .T. ) ;
#6816 = CARTESIAN_POINT ( 'NONE',  ( -3.600000000000000089, -5.950000000000000178, 5.000000000000000000 ) ) ;
#6817 = ORIENTED_EDGE ( 'NONE', *, *, #539, .F. ) ;
#6818 = AXIS2_PLACEMENT_3D ( 'NONE', #1498, #2930, #5743 ) ;
#6819 = LINE ( 'NONE', #379, #914 ) ;
#6820 = DIRECTION ( 'NONE',  ( 1.000000000000000000, 0.000000000000000000, 0.000000000000000000 ) ) ;
#6821 = CARTESIAN_POINT ( 'NONE',  ( 4.500000000000000000, -1.550515463917520043, 0.000000000000000000 ) ) ;
#6822 = ORIENTED_EDGE ( 'NONE', *, *, #3091, .T. ) ;
#6823 = FACE_OUTER_BOUND ( 'NONE', #5379, .T. ) ;
#6824 = ORIENTED_EDGE ( 'NONE', *, *, #5826, .F. ) ;
#6825 = CIRCLE ( 'NONE', #6389, 0.6750000000000002665 ) ;
#6826 = AXIS2_PLACEMENT_3D ( 'NONE', #6745, #5371, #8184 ) ;
#6827 = ADVANCED_FACE ( 'NONE', ( #3223 ), #6773, .F. ) ;
#6828 = ORIENTED_EDGE ( 'NONE', *, *, #2663, .T. ) ;
#6829 = DIRECTION ( 'NONE',  ( 0.000000000000000000, -1.000000000000000000, 0.000000000000000000 ) ) ;
#6830 = CARTESIAN_POINT ( 'NONE',  ( 1.000000000000000000, 4.426179070414210770, 2.500000000000000000 ) ) ;
#6831 = VECTOR ( 'NONE', #4066, 1000.000000000000000 ) ;
#6832 = LINE ( 'NONE', #2637, #5218 ) ;
#6833 = ADVANCED_FACE ( 'NONE', ( #6091 ), #8991, .T. ) ;
#6834 = CARTESIAN_POINT ( 'NONE',  ( -5.421010862427520198E-16, 0.4500000000000000111, 0.5000000000000000000 ) ) ;
#6835 = CARTESIAN_POINT ( 'NONE',  ( -1.369999999999999885, 18.50000000000000000, 3.352688591713895327 ) ) ;
#6836 = ORIENTED_EDGE ( 'NONE', *, *, #2969, .F. ) ;
#6837 = LINE ( 'NONE', #625, #2373 ) ;
#6838 = DIRECTION ( 'NONE',  ( -1.000000000000000000, -1.794207403895424777E-16, 0.000000000000000000 ) ) ;
#6839 = EDGE_CURVE ( 'NONE', #4934, #7565, #8860, .T. ) ;
#6840 = FACE_BOUND ( 'NONE', #3726, .T. ) ;
#6841 = CARTESIAN_POINT ( 'NONE',  ( -4.500000000000000000, -5.150515463917519909, -5.299999999999999822 ) ) ;
#6842 = CARTESIAN_POINT ( 'NONE',  ( -0.5000000000000000000, 1.540871211463574975, 0.5000000000000000000 ) ) ;
#6843 = CARTESIAN_POINT ( 'NONE',  ( -1.899999999999999911, 5.100000000000000533, 0.000000000000000000 ) ) ;
#6844 = FACE_OUTER_BOUND ( 'NONE', #3487, .T. ) ;
#6845 = DIRECTION ( 'NONE',  ( 0.000000000000000000, 0.000000000000000000, 1.000000000000000000 ) ) ;
#6846 = LINE ( 'NONE', #6113, #4313 ) ;
#6847 = EDGE_CURVE ( 'NONE', #3185, #2402, #4528, .T. ) ;
#6848 = VECTOR ( 'NONE', #4493, 1000.000000000000000 ) ;
#6849 = VERTEX_POINT ( 'NONE', #4744 ) ;
#6850 = EDGE_CURVE ( 'NONE', #7746, #7089, #7569, .T. ) ;
#6851 = ORIENTED_EDGE ( 'NONE', *, *, #4587, .T. ) ;
#6852 = EDGE_LOOP ( 'NONE', ( #3024, #5691, #4450, #6403 ) ) ;
#6853 = FACE_OUTER_BOUND ( 'NONE', #4546, .T. ) ;
#6854 = FACE_BOUND ( 'NONE', #6206, .T. ) ;
#6855 = CYLINDRICAL_SURFACE ( 'NONE', #69, 3.500000000000000000 ) ;
#6856 = DIRECTION ( 'NONE',  ( 0.000000000000000000, 0.000000000000000000, 1.000000000000000000 ) ) ;
#6857 = EDGE_CURVE ( 'NONE', #4371, #2949, #9041, .T. ) ;
#6858 = ORIENTED_EDGE ( 'NONE', *, *, #1570, .F. ) ;
#6859 = DIRECTION ( 'NONE',  ( 0.000000000000000000, 0.000000000000000000, 1.000000000000000000 ) ) ;
#6860 = ADVANCED_FACE ( 'NONE', ( #2026 ), #920, .T. ) ;
#6861 = EDGE_LOOP ( 'NONE', ( #4950, #7308, #3701, #8589, #5688, #8844 ) ) ;
#6862 = VERTEX_POINT ( 'NONE', #228 ) ;
#6863 = DIRECTION ( 'NONE',  ( 0.000000000000000000, 1.000000000000000000, 0.000000000000000000 ) ) ;
#6864 = DIRECTION ( 'NONE',  ( -1.000000000000000000, 2.491288438666615119E-16, -1.734723475976805122E-15 ) ) ;
#6865 = DIRECTION ( 'NONE',  ( 0.000000000000000000, 0.000000000000000000, 1.000000000000000000 ) ) ;
#6866 = ORIENTED_EDGE ( 'NONE', *, *, #727, .T. ) ;
#6867 = CARTESIAN_POINT ( 'NONE',  ( -4.899999999999999467, 4.349484536082480091, -4.299999999999999822 ) ) ;
#6868 = ORIENTED_EDGE ( 'NONE', *, *, #5769, .F. ) ;
#6869 = VECTOR ( 'NONE', #1540, 1000.000000000000000 ) ;
#6870 = ORIENTED_EDGE ( 'NONE', *, *, #224, .F. ) ;
#6871 = DIRECTION ( 'NONE',  ( 0.000000000000000000, 0.000000000000000000, 1.000000000000000000 ) ) ;
#6872 = DIRECTION ( 'NONE',  ( 0.000000000000000000, 1.000000000000000000, 0.000000000000000000 ) ) ;
#6873 = VECTOR ( 'NONE', #64, 1000.000000000000114 ) ;
#6874 = LINE ( 'NONE', #7536, #1817 ) ;
#6875 = CARTESIAN_POINT ( 'NONE',  ( -3.399999999999999911, 2.949999999999999734, 0.000000000000000000 ) ) ;
#6876 = CARTESIAN_POINT ( 'NONE',  ( 0.5000000000000000000, -2.050000000000000266, 0.000000000000000000 ) ) ;
#6877 = VERTEX_POINT ( 'NONE', #5068 ) ;
#6878 = VERTEX_POINT ( 'NONE', #2987 ) ;
#6879 = AXIS2_PLACEMENT_3D ( 'NONE', #8906, #6129, #8948 ) ;
#6880 = EDGE_CURVE ( 'NONE', #5282, #8910, #2200, .T. ) ;
#6881 = SHAPE_REPRESENTATION ( 'PT01-D125D-A103_Fixed', ( #4451, #3719 ), #7271 ) ;
#6882 = PLANE ( 'NONE',  #1772 ) ;
#6883 = DIRECTION ( 'NONE',  ( -1.000000000000000000, 7.211624427719319127E-17, -6.255087097346259507E-32 ) ) ;
#6884 = DIRECTION ( 'NONE',  ( 0.000000000000000000, 0.000000000000000000, 1.000000000000000000 ) ) ;
#6885 = CARTESIAN_POINT ( 'NONE',  ( 3.000000000000000000, -4.750515463917520442, -1.600000000000000089 ) ) ;
#6886 = ORIENTED_EDGE ( 'NONE', *, *, #5323, .T. ) ;
#6887 = CARTESIAN_POINT ( 'NONE',  ( -5.236132948075079341, 0.4494845360824795133, -8.396377958773980410 ) ) ;
#6888 = DIRECTION ( 'NONE',  ( 0.000000000000000000, -1.000000000000000000, 0.000000000000000000 ) ) ;
#6889 = UNCERTAINTY_MEASURE_WITH_UNIT (LENGTH_MEASURE( 1.000000000000000082E-05 ), #7875, 'distance_accuracy_value', 'NONE');
#6890 = EDGE_LOOP ( 'NONE', ( #7344, #4475, #7574, #6248 ) ) ;
#6891 = VERTEX_POINT ( 'NONE', #5846 ) ;
#6892 = VERTEX_POINT ( 'NONE', #5804 ) ;
#6893 = CARTESIAN_POINT ( 'NONE',  ( 4.400000000000000355, -5.549999999999999822, 1.000000000000000000 ) ) ;
#6894 = EDGE_CURVE ( 'NONE', #7556, #5614, #7879, .T. ) ;
#6895 = FACE_OUTER_BOUND ( 'NONE', #8034, .T. ) ;
#6896 = CARTESIAN_POINT ( 'NONE',  ( 3.000000000000000000, -3.750000000000000000, 5.599999999999999645 ) ) ;
#6897 = DIRECTION ( 'NONE',  ( 0.000000000000000000, 0.000000000000000000, 1.000000000000000000 ) ) ;
#6898 = ORIENTED_EDGE ( 'NONE', *, *, #7810, .T. ) ;
#6899 = EDGE_CURVE ( 'NONE', #1825, #4139, #6145, .T. ) ;
#6900 = EDGE_LOOP ( 'NONE', ( #2038, #502, #8950, #4425, #8220, #8908, #2041, #2165, #5801, #4321, #2622, #2850, #8311, #6450, #5047, #3670, #5075, #5680, #7617, #6393, #1206, #1318, #3882, #9044 ) ) ;
#6901 = VECTOR ( 'NONE', #4795, 1000.000000000000000 ) ;
#6902 =( NAMED_UNIT ( * ) PLANE_ANGLE_UNIT ( ) SI_UNIT ( $, .RADIAN. ) );
#6903 = ORIENTED_EDGE ( 'NONE', *, *, #5141, .F. ) ;
#6904 = VERTEX_POINT ( 'NONE', #3627 ) ;
#6905 = EDGE_CURVE ( 'NONE', #8, #7214, #4259, .T. ) ;
#6906 = AXIS2_PLACEMENT_3D ( 'NONE', #6579, #1599, #2295 ) ;
#6907 = DIRECTION ( 'NONE',  ( 8.850629979473508477E-17, 1.000000000000000000, 0.000000000000000000 ) ) ;
#6908 = FACE_OUTER_BOUND ( 'NONE', #1609, .T. ) ;
#6909 = ORIENTED_EDGE ( 'NONE', *, *, #6211, .F. ) ;
#6910 = EDGE_CURVE ( 'NONE', #3416, #7259, #7188, .T. ) ;
#6911 = DIRECTION ( 'NONE',  ( 0.000000000000000000, -2.168404344971010101E-16, -1.000000000000000000 ) ) ;
#6912 = ORIENTED_EDGE ( 'NONE', *, *, #2366, .F. ) ;
#6913 = CIRCLE ( 'NONE', #2951, 3.500000000000000000 ) ;
#6914 = ORIENTED_EDGE ( 'NONE', *, *, #8941, .F. ) ;
#6915 = DIRECTION ( 'NONE',  ( 0.000000000000000000, 0.000000000000000000, 1.000000000000000000 ) ) ;
#6916 = LINE ( 'NONE', #6785, #8507 ) ;
#6917 = VECTOR ( 'NONE', #9078, 1000.000000000000000 ) ;
#6918 = CARTESIAN_POINT ( 'NONE',  ( 4.500000000000000000, -3.550515463917519821, 0.000000000000000000 ) ) ;
#6919 = VECTOR ( 'NONE', #439, 1000.000000000000000 ) ;
#6921 = DIRECTION ( 'NONE',  ( 0.000000000000000000, 0.000000000000000000, -1.000000000000000000 ) ) ;
#6920 = PRODUCT_DEFINITION_SHAPE ( 'NONE', 'NONE',  #9127 ) ;
#6922 = PLANE ( 'NONE',  #4794 ) ;
#6923 = VERTEX_POINT ( 'NONE', #4306 ) ;
#6924 = CARTESIAN_POINT ( 'NONE',  ( 3.000000000000000000, -3.750000000000000000, 5.000000000000000000 ) ) ;
#6925 = EDGE_CURVE ( 'NONE', #1717, #2345, #8351, .T. ) ;
#6926 = CARTESIAN_POINT ( 'NONE',  ( -2.600000000000000089, 4.049484536082480268, -4.899999999999999467 ) ) ;
#6927 = VERTEX_POINT ( 'NONE', #4840 ) ;
#6928 = AXIS2_PLACEMENT_3D ( 'NONE', #4955, #2096, #6380 ) ;
#6929 = EDGE_CURVE ( 'NONE', #831, #2710, #869, .T. ) ;
#6930 = EDGE_CURVE ( 'NONE', #3326, #6032, #7034, .T. ) ;
#6931 = DIRECTION ( 'NONE',  ( -2.551063935260009998E-16, 1.000000000000000000, 0.000000000000000000 ) ) ;
#6932 = CARTESIAN_POINT ( 'NONE',  ( -2.598076211353316456, 5.499999999999998224, 1.499999999999999334 ) ) ;
#6933 = CARTESIAN_POINT ( 'NONE',  ( -3.399999999999999911, -0.5505154639175199316, 1.399999999999999911 ) ) ;
#6934 = CYLINDRICAL_SURFACE ( 'NONE', #6936, 0.6750000000000002665 ) ;
#6935 = CARTESIAN_POINT ( 'NONE',  ( 0.4710170047248392611, 18.50000000000000000, 0.2824361629302699628 ) ) ;
#6936 = AXIS2_PLACEMENT_3D ( 'NONE', #6885, #585, #3385 ) ;
#6937 = VERTEX_POINT ( 'NONE', #182 ) ;
#6938 = PLANE ( 'NONE',  #8251 ) ;
#6939 = PLANE ( 'NONE',  #4919 ) ;
#6940 = VERTEX_POINT ( 'NONE', #5756 ) ;
#6941 = VECTOR ( 'NONE', #3399, 1000.000000000000000 ) ;
#6942 = EDGE_CURVE ( 'NONE', #7935, #1745, #2338, .T. ) ;
#6943 = ORIENTED_EDGE ( 'NONE', *, *, #7067, .F. ) ;
#6944 = PLANE ( 'NONE',  #1367 ) ;
#6945 = ORIENTED_EDGE ( 'NONE', *, *, #5769, .T. ) ;
#6946 = CARTESIAN_POINT ( 'NONE',  ( -4.899999999999999467, -3.950515463917519732, -4.899999999999999467 ) ) ;
#6947 = AXIS2_PLACEMENT_3D ( 'NONE', #2416, #296, #3104 ) ;
#6948 = LINE ( 'NONE', #644, #1118 ) ;
#6949 = CARTESIAN_POINT ( 'NONE',  ( -1.000000000000000000, 3.804101966249689770, 2.500000000000000000 ) ) ;
#6950 = DIRECTION ( 'NONE',  ( 0.000000000000000000, 1.000000000000000000, -1.355252715606880049E-16 ) ) ;
#6951 = EDGE_CURVE ( 'NONE', #7422, #4822, #1460, .T. ) ;
#6952 = ORIENTED_EDGE ( 'NONE', *, *, #6047, .T. ) ;
#6953 = ORIENTED_EDGE ( 'NONE', *, *, #8343, .F. ) ;
#6954 = APPLICATION_PROTOCOL_DEFINITION ( 'draft international standard', 'automotive_design', 1998, #285 ) ;
#6955 = EDGE_CURVE ( 'NONE', #8491, #1842, #3585, .T. ) ;
#6956 = VECTOR ( 'NONE', #7945, 1000.000000000000000 ) ;
#6957 = ORIENTED_EDGE ( 'NONE', *, *, #8941, .T. ) ;
#6958 = ORIENTED_EDGE ( 'NONE', *, *, #4314, .F. ) ;
#6959 = CARTESIAN_POINT ( 'NONE',  ( 1.899999999999999911, 3.600000000000000089, 0.1000000000000000056 ) ) ;
#6960 = DIRECTION ( 'NONE',  ( -8.850629979473508477E-17, -1.000000000000000000, 0.000000000000000000 ) ) ;
#6961 = PRODUCT_DEFINITION_FORMATION_WITH_SPECIFIED_SOURCE ( 'ANY', '', #1336, .NOT_KNOWN. ) ;
#6962 = ORIENTED_EDGE ( 'NONE', *, *, #1955, .F. ) ;
#6963 = DIRECTION ( 'NONE',  ( -1.000000000000000000, 2.491288438666615119E-16, 0.000000000000000000 ) ) ;
#6964 = ORIENTED_EDGE ( 'NONE', *, *, #4335, .T. ) ;
#6965 = EDGE_CURVE ( 'NONE', #8625, #714, #3720, .T. ) ;
#6966 = AXIS2_PLACEMENT_3D ( 'NONE', #5155, #2253, #1 ) ;
#6967 = AXIS2_PLACEMENT_3D ( 'NONE', #122, #8650, #5004 ) ;
#6968 = EDGE_LOOP ( 'NONE', ( #4820, #5226, #7708, #4963 ) ) ;
#6969 = CARTESIAN_POINT ( 'NONE',  ( 1.090871211463566137, 0.9499999999999999556, 0.5000000000000000000 ) ) ;
#6970 = ADVANCED_FACE ( 'NONE', ( #6442 ), #6296, .T. ) ;
#6971 = CARTESIAN_POINT ( 'NONE',  ( -2.500000000000000000, -6.700000000000000178, -1.350000000000000089 ) ) ;
#6972 = DIRECTION ( 'NONE',  ( 0.000000000000000000, 0.000000000000000000, -1.000000000000000000 ) ) ;
#6973 = DIRECTION ( 'NONE',  ( -0.000000000000000000, 1.000000000000000000, 0.000000000000000000 ) ) ;
#6974 = LINE ( 'NONE', #4238, #4646 ) ;
#6975 = ORIENTED_EDGE ( 'NONE', *, *, #1422, .T. ) ;
#6976 = DIRECTION ( 'NONE',  ( 0.000000000000000000, -1.000000000000000000, 0.000000000000000000 ) ) ;
#6977 = MECHANICAL_DESIGN_GEOMETRIC_PRESENTATION_REPRESENTATION (  '', ( #2269 ), #3291 ) ;
#6978 = FILL_AREA_STYLE ('',( #4952 ) ) ;
#6979 = VECTOR ( 'NONE', #1179, 1000.000000000000000 ) ;
#6980 = ORIENTED_EDGE ( 'NONE', *, *, #1013, .F. ) ;
#6981 = VERTEX_POINT ( 'NONE', #2940 ) ;
#6982 = EDGE_CURVE ( 'NONE', #373, #6388, #1597, .T. ) ;
#6983 = VECTOR ( 'NONE', #6787, 1000.000000000000000 ) ;
#6984 = DIRECTION ( 'NONE',  ( -0.4067366430758017626, 0.000000000000000000, -0.9135454576426002005 ) ) ;
#6985 = EDGE_CURVE ( 'NONE', #4062, #9057, #1644, .T. ) ;
#6986 = PLANE ( 'NONE',  #6436 ) ;
#6987 = DIRECTION ( 'NONE',  ( -0.000000000000000000, 1.000000000000000000, 0.000000000000000000 ) ) ;
#6988 = CARTESIAN_POINT ( 'NONE',  ( -0.7500000000000000000, -6.700000000000000178, 1.100000000000000089 ) ) ;
#6989 = CARTESIAN_POINT ( 'NONE',  ( -4.500000000000000000, 2.849484536082479647, -4.299999999999999822 ) ) ;
#6990 = DIRECTION ( 'NONE',  ( 0.000000000000000000, 3.260780805318075053E-31, -1.000000000000000000 ) ) ;
#6991 = ORIENTED_EDGE ( 'NONE', *, *, #3685, .F. ) ;
#6992 = CARTESIAN_POINT ( 'NONE',  ( -1.091177379365209976, 20.19999999999999929, -0.5047000102205829730 ) ) ;
#6993 = ORIENTED_EDGE ( 'NONE', *, *, #1443, .F. ) ;
#6994 = CARTESIAN_POINT ( 'NONE',  ( -4.899999999999999467, -5.150515463917519909, -4.899999999999999467 ) ) ;
#6995 = VERTEX_POINT ( 'NONE', #6797 ) ;
#6996 = LINE ( 'NONE', #6304, #770 ) ;
#6997 = LINE ( 'NONE', #6305, #4336 ) ;
#6998 = CARTESIAN_POINT ( 'NONE',  ( -4.899999999999999467, -1.550515463917520043, -7.400000000000000355 ) ) ;
#6999 = DIRECTION ( 'NONE',  ( 0.000000000000000000, 0.000000000000000000, -1.000000000000000000 ) ) ;
#7000 = ORIENTED_EDGE ( 'NONE', *, *, #5141, .T. ) ;
#7001 = DIRECTION ( 'NONE',  ( 0.000000000000000000, 0.000000000000000000, 1.000000000000000000 ) ) ;
#7002 = VECTOR ( 'NONE', #7583, 1000.000000000000000 ) ;
#7003 = EDGE_LOOP ( 'NONE', ( #3809, #3972, #8744, #7602 ) ) ;
#7004 = EDGE_CURVE ( 'NONE', #5266, #7876, #6665, .T. ) ;
#7005 = EDGE_LOOP ( 'NONE', ( #6297, #8537, #1014, #747 ) ) ;
#7006 = CARTESIAN_POINT ( 'NONE',  ( -1.000000000000000000, 4.426179070414215211, 4.299999999999999822 ) ) ;
#7007 = DIRECTION ( 'NONE',  ( 0.000000000000000000, 1.000000000000000000, -1.018148511238953935E-16 ) ) ;
#7008 = DIRECTION ( 'NONE',  ( 0.000000000000000000, 0.000000000000000000, -1.000000000000000000 ) ) ;
#7009 = ORIENTED_EDGE ( 'NONE', *, *, #1934, .T. ) ;
#7010 = PLANE ( 'NONE',  #8971 ) ;
#7011 = ORIENTED_EDGE ( 'NONE', *, *, #2245, .F. ) ;
#7012 = EDGE_LOOP ( 'NONE', ( #5234, #2613, #330, #1847 ) ) ;
#7013 = DIRECTION ( 'NONE',  ( -8.850629979473508477E-17, 1.000000000000000000, 0.000000000000000000 ) ) ;
#7014 = CARTESIAN_POINT ( 'NONE',  ( -4.899999999999999467, 2.849484536082479647, -6.799999999999999822 ) ) ;
#7015 = ADVANCED_FACE ( 'NONE', ( #6019 ), #4629, .T. ) ;
#7016 = CYLINDRICAL_SURFACE ( 'NONE', #6238, 0.9999999999999997780 ) ;
#7017 = DIRECTION ( 'NONE',  ( 0.000000000000000000, -1.000000000000000000, 0.000000000000000000 ) ) ;
#7018 = DIRECTION ( 'NONE',  ( 0.000000000000000000, 0.000000000000000000, -1.000000000000000000 ) ) ;
#7019 = VERTEX_POINT ( 'NONE', #5333 ) ;
#7020 = CARTESIAN_POINT ( 'NONE',  ( 2.899999999999999911, -6.700000000000000178, -1.350000000000000089 ) ) ;
#7021 = AXIS2_PLACEMENT_3D ( 'NONE', #4378, #4948, #4198 ) ;
#7022 = CARTESIAN_POINT ( 'NONE',  ( 1.479999999999999982, 20.89999999999999858, 1.200000000000000178 ) ) ;
#7023 = ORIENTED_EDGE ( 'NONE', *, *, #3102, .F. ) ;
#7024 = EDGE_CURVE ( 'NONE', #1404, #7908, #4500, .T. ) ;
#7025 = AXIS2_PLACEMENT_3D ( 'NONE', #5278, #5968, #8783 ) ;
#7026 = CARTESIAN_POINT ( 'NONE',  ( -2.899999999999999911, -6.700000000000000178, -1.350000000000000089 ) ) ;
#7027 = DIRECTION ( 'NONE',  ( 0.000000000000000000, 0.000000000000000000, -1.000000000000000000 ) ) ;
#7028 = ADVANCED_FACE ( 'NONE', ( #312 ), #1092, .T. ) ;
#7029 = CARTESIAN_POINT ( 'NONE',  ( 1.479999999999999982, 20.89999999999999858, 0.4999999999999998890 ) ) ;
#7030 = PLANE ( 'NONE',  #7435 ) ;
#7031 = CARTESIAN_POINT ( 'NONE',  ( -2.100000000000000089, -6.700000000000000178, -5.750000000000000000 ) ) ;
#7032 = LINE ( 'NONE', #2149, #2369 ) ;
#7033 = CARTESIAN_POINT ( 'NONE',  ( -4.500000000000000000, -5.150515463917519909, -6.799999999999999822 ) ) ;
#7034 = CIRCLE ( 'NONE', #8218, 0.6500000000000000222 ) ;
#7035 = EDGE_CURVE ( 'NONE', #6036, #6995, #5978, .T. ) ;
#7036 = VECTOR ( 'NONE', #1043, 1000.000000000000000 ) ;
#7037 = ORIENTED_EDGE ( 'NONE', *, *, #8343, .T. ) ;
#7038 = FILL_AREA_STYLE_COLOUR ( '', #7236 ) ;
#7039 = EDGE_LOOP ( 'NONE', ( #4666, #1929, #3315, #6417, #5671, #2109, #4917, #6531, #1108, #7905, #1703, #2240 ) ) ;
#7040 = FACE_BOUND ( 'NONE', #106, .T. ) ;
#7041 = VERTEX_POINT ( 'NONE', #2472 ) ;
#7042 = DIRECTION ( 'NONE',  ( 0.000000000000000000, -1.000000000000000000, 0.000000000000000000 ) ) ;
#7043 = DIRECTION ( 'NONE',  ( -1.000000000000000000, 0.000000000000000000, 0.000000000000000000 ) ) ;
#7044 = DIRECTION ( 'NONE',  ( 0.000000000000000000, 0.000000000000000000, -1.000000000000000000 ) ) ;
#7045 = CARTESIAN_POINT ( 'NONE',  ( -5.708436666169079743, 0.4494845360824795133, -8.330000000000000071 ) ) ;
#7046 = ORIENTED_EDGE ( 'NONE', *, *, #4527, .T. ) ;
#7047 = EDGE_CURVE ( 'NONE', #9057, #6349, #5203, .T. ) ;
#7048 = CARTESIAN_POINT ( 'NONE',  ( 0.000000000000000000, 0.000000000000000000, 0.000000000000000000 ) ) ;
#7049 = VERTEX_POINT ( 'NONE', #3852 ) ;
#7050 = ADVANCED_FACE ( 'NONE', ( #7499 ), #7329, .F. ) ;
#7051 = EDGE_CURVE ( 'NONE', #8989, #6803, #1134, .T. ) ;
#7052 = VERTEX_POINT ( 'NONE', #1771 ) ;
#7053 = CARTESIAN_POINT ( 'NONE',  ( -4.500000000000000000, 2.449484536082480179, -5.899999999999999467 ) ) ;
#7054 = CARTESIAN_POINT ( 'NONE',  ( 5.238893727143790535, 0.4494845360824790137, -8.400000000000000355 ) ) ;
#7055 = ORIENTED_EDGE ( 'NONE', *, *, #5884, .T. ) ;
#7056 = CARTESIAN_POINT ( 'NONE',  ( 4.500000000000000000, -1.550515463917520043, -7.400000000000000355 ) ) ;
#7057 = EDGE_CURVE ( 'NONE', #8495, #5489, #1821, .T. ) ;
#7058 = ORIENTED_EDGE ( 'NONE', *, *, #476, .T. ) ;
#7059 = CIRCLE ( 'NONE', #4103, 3.300000000000000711 ) ;
#7060 = ORIENTED_EDGE ( 'NONE', *, *, #5341, .T. ) ;
#7061 = DIRECTION ( 'NONE',  ( 0.000000000000000000, -1.000000000000000000, 0.000000000000000000 ) ) ;
#7062 = CARTESIAN_POINT ( 'NONE',  ( -3.400030506350375070, -0.5505154639175210418, -9.416434827598699542 ) ) ;
#7063 = CARTESIAN_POINT ( 'NONE',  ( 1.479999999999999982, 21.69999999999999929, 0.8499999999999999778 ) ) ;
#7064 = VERTEX_POINT ( 'NONE', #4673 ) ;
#7065 = FACE_OUTER_BOUND ( 'NONE', #3228, .T. ) ;
#7066 = CARTESIAN_POINT ( 'NONE',  ( 0.000000000000000000, -4.200000000000000178, 0.000000000000000000 ) ) ;
#7067 = EDGE_CURVE ( 'NONE', #7720, #7339, #2517, .T. ) ;
#7068 = VERTEX_POINT ( 'NONE', #6616 ) ;
#7069 = AXIS2_PLACEMENT_3D ( 'NONE', #6887, #8331, #587 ) ;
#7070 = ORIENTED_EDGE ( 'NONE', *, *, #3598, .T. ) ;
#7071 = EDGE_CURVE ( 'NONE', #4737, #2152, #8954, .T. ) ;
#7072 = AXIS2_PLACEMENT_3D ( 'NONE', #4431, #3786, #8594 ) ;
#7073 = DIRECTION ( 'NONE',  ( -0.6560590289905088301, 0.000000000000000000, 0.7547095802227707928 ) ) ;
#7074 = VECTOR ( 'NONE', #8754, 1000.000000000000000 ) ;
#7075 = DIRECTION ( 'NONE',  ( 1.000000000000000000, 0.000000000000000000, 0.000000000000000000 ) ) ;
#7076 = DIRECTION ( 'NONE',  ( 0.000000000000000000, 0.000000000000000000, 1.000000000000000000 ) ) ;
#7077 = CARTESIAN_POINT ( 'NONE',  ( -1.734723475976804925E-15, 0.4500000000000000111, 2.500000000000000000 ) ) ;
#7078 = AXIS2_PLACEMENT_3D ( 'NONE', #8415, #2092, #7763 ) ;
#7079 = PLANE ( 'NONE',  #982 ) ;
#7080 = VERTEX_POINT ( 'NONE', #3937 ) ;
#7081 = DIRECTION ( 'NONE',  ( 1.000000000000000000, -2.491288438666615119E-16, 0.000000000000000000 ) ) ;
#7082 = DIRECTION ( 'NONE',  ( 0.000000000000000000, 0.000000000000000000, 1.000000000000000000 ) ) ;
#7083 = VECTOR ( 'NONE', #308, 1000.000000000000000 ) ;
#7084 = VECTOR ( 'NONE', #1275, 1000.000000000000000 ) ;
#7085 = AXIS2_PLACEMENT_3D ( 'NONE', #3610, #7760, #7215 ) ;
#7086 = ORIENTED_EDGE ( 'NONE', *, *, #4170, .T. ) ;
#7087 = EDGE_CURVE ( 'NONE', #7265, #3013, #446, .T. ) ;
#7088 = CARTESIAN_POINT ( 'NONE',  ( -0.6700000000000000400, 20.89999999999999858, -0.5999999999999999778 ) ) ;
#7089 = VERTEX_POINT ( 'NONE', #8022 ) ;
#7090 = CIRCLE ( 'NONE', #5181, 0.5000000000000000000 ) ;
#7091 = DIRECTION ( 'NONE',  ( 0.000000000000000000, 0.000000000000000000, -1.000000000000000000 ) ) ;
#7092 = ORIENTED_EDGE ( 'NONE', *, *, #545, .T. ) ;
#7093 = DIRECTION ( 'NONE',  ( 0.000000000000000000, 1.000000000000000000, 0.000000000000000000 ) ) ;
#7094 = EDGE_CURVE ( 'NONE', #8917, #701, #8881, .T. ) ;
#7095 = DIRECTION ( 'NONE',  ( 0.000000000000000000, 0.000000000000000000, 1.000000000000000000 ) ) ;
#7096 = LINE ( 'NONE', #5710, #4050 ) ;
#7097 = PLANE ( 'NONE',  #9038 ) ;
#7098 = CARTESIAN_POINT ( 'NONE',  ( 5.598656062889760143, -1.550515463917520043, -8.565425263470260120 ) ) ;
#7099 = ORIENTED_EDGE ( 'NONE', *, *, #7850, .F. ) ;
#7100 = VECTOR ( 'NONE', #2573, 1000.000000000000000 ) ;
#7101 = SHAPE_DEFINITION_REPRESENTATION ( #1561, #6881 ) ;
#7102 = VECTOR ( 'NONE', #7852, 1000.000000000000000 ) ;
#7103 = EDGE_LOOP ( 'NONE', ( #8587, #3081, #5295, #1526 ) ) ;
#7104 = ORIENTED_EDGE ( 'NONE', *, *, #7591, .T. ) ;
#7105 = LINE ( 'NONE', #695, #8715 ) ;
#7106 = ADVANCED_FACE ( 'NONE', ( #1176 ), #8189, .F. ) ;
#7107 = DIRECTION ( 'NONE',  ( -1.000000000000000000, 0.000000000000000000, 0.000000000000000000 ) ) ;
#7108 = VERTEX_POINT ( 'NONE', #5248 ) ;
#7109 = DIRECTION ( 'NONE',  ( 0.000000000000000000, 0.000000000000000000, 1.000000000000000000 ) ) ;
#7110 = AXIS2_PLACEMENT_3D ( 'NONE', #1243, #8206, #4687 ) ;
#7111 = ORIENTED_EDGE ( 'NONE', *, *, #2796, .F. ) ;
#7112 = EDGE_CURVE ( 'NONE', #7746, #6862, #8062, .T. ) ;
#7113 = ORIENTED_EDGE ( 'NONE', *, *, #2973, .F. ) ;
#7114 = PLANE ( 'NONE',  #8138 ) ;
#7115 = CIRCLE ( 'NONE', #3133, 0.4000000000000001887 ) ;
#7116 = DIRECTION ( 'NONE',  ( 0.000000000000000000, 0.000000000000000000, -1.000000000000000000 ) ) ;
#7117 = CARTESIAN_POINT ( 'NONE',  ( 3.000000000000000000, -4.750515463917520442, -1.600000000000000089 ) ) ;
#7118 = PLANE ( 'NONE',  #1123 ) ;
#7119 = ORIENTED_EDGE ( 'NONE', *, *, #497, .F. ) ;
#7120 = FACE_OUTER_BOUND ( 'NONE', #7665, .T. ) ;
#7121 = DIRECTION ( 'NONE',  ( 0.000000000000000000, 0.000000000000000000, 1.000000000000000000 ) ) ;
#7122 = ORIENTED_EDGE ( 'NONE', *, *, #7903, .T. ) ;
#7123 = VECTOR ( 'NONE', #1933, 1000.000000000000000 ) ;
#7124 = EDGE_CURVE ( 'NONE', #6006, #648, #6152, .T. ) ;
#7125 = VECTOR ( 'NONE', #297, 1000.000000000000000 ) ;
#7126 = CARTESIAN_POINT ( 'NONE',  ( -3.399999999999999911, 0.000000000000000000, 0.000000000000000000 ) ) ;
#7127 = EDGE_CURVE ( 'NONE', #4139, #1825, #2774, .T. ) ;
#7128 = CARTESIAN_POINT ( 'NONE',  ( 4.500000000000000000, 2.449484536082480179, -5.899999999999999467 ) ) ;
#7129 = AXIS2_PLACEMENT_3D ( 'NONE', #4734, #371, #2531 ) ;
#7130 = CARTESIAN_POINT ( 'NONE',  ( 4.500000000000000000, -1.550515463917520043, -5.799999999999999822 ) ) ;
#7131 = CIRCLE ( 'NONE', #2119, 0.4999999999999995559 ) ;
#7132 = DIRECTION ( 'NONE',  ( 0.000000000000000000, 1.000000000000000000, 0.000000000000000000 ) ) ;
#7133 = ORIENTED_EDGE ( 'NONE', *, *, #3848, .T. ) ;
#7134 = DIRECTION ( 'NONE',  ( -5.757523350966299651E-34, -9.293161478447178662E-18, -1.000000000000000000 ) ) ;
#7135 = EDGE_CURVE ( 'NONE', #4701, #8762, #8286, .T. ) ;
#7136 = CARTESIAN_POINT ( 'NONE',  ( -4.899999999999999467, -2.450515463917519732, -0.5999999999999999778 ) ) ;
#7137 = AXIS2_PLACEMENT_3D ( 'NONE', #3154, #956, #997 ) ;
#7138 = AXIS2_PLACEMENT_3D ( 'NONE', #5455, #8097, #6192 ) ;
#7139 = CARTESIAN_POINT ( 'NONE',  ( -0.7967663502707699186, 20.19999999999999929, -0.8947000102205827643 ) ) ;
#7140 = ORIENTED_EDGE ( 'NONE', *, *, #7637, .F. ) ;
#7141 = DIRECTION ( 'NONE',  ( 1.000000000000000000, 0.000000000000000000, 0.000000000000000000 ) ) ;
#7142 = ORIENTED_EDGE ( 'NONE', *, *, #8494, .T. ) ;
#7143 = DIRECTION ( 'NONE',  ( 0.000000000000000000, 1.000000000000000000, 0.000000000000000000 ) ) ;
#7144 = CARTESIAN_POINT ( 'NONE',  ( 0.000000000000000000, -6.500000000000000000, 1.300000000000000044 ) ) ;
#7145 = LINE ( 'NONE', #1373, #7745 ) ;
#7146 = FACE_OUTER_BOUND ( 'NONE', #667, .T. ) ;
#7147 = ADVANCED_FACE ( 'NONE', ( #498 ), #9018, .F. ) ;
#7148 = DIRECTION ( 'NONE',  ( -1.734723475976808672E-15, 0.000000000000000000, 1.000000000000000000 ) ) ;
#7149 = ORIENTED_EDGE ( 'NONE', *, *, #5700, .F. ) ;
#7150 = AXIS2_PLACEMENT_3D ( 'NONE', #1903, #7546, #1223 ) ;
#7151 = ADVANCED_FACE ( 'NONE', ( #2047 ), #8970, .T. ) ;
#7152 = ORIENTED_EDGE ( 'NONE', *, *, #8481, .T. ) ;
#7153 = ORIENTED_EDGE ( 'NONE', *, *, #9119, .T. ) ;
#7154 = DIRECTION ( 'NONE',  ( 1.931541112668180039E-15, 0.000000000000000000, -1.000000000000000000 ) ) ;
#7155 = DIRECTION ( 'NONE',  ( 0.000000000000000000, 0.000000000000000000, 1.000000000000000000 ) ) ;
#7156 = ADVANCED_FACE ( 'NONE', ( #6844 ), #8237, .F. ) ;
#7157 = ORIENTED_EDGE ( 'NONE', *, *, #2823, .F. ) ;
#7158 = DIRECTION ( 'NONE',  ( -1.000000000000000000, 0.000000000000000000, 0.000000000000000000 ) ) ;
#7159 = ORIENTED_EDGE ( 'NONE', *, *, #302, .F. ) ;
#7160 = VECTOR ( 'NONE', #1635, 1000.000000000000000 ) ;
#7161 = EDGE_CURVE ( 'NONE', #47, #8304, #4861, .T. ) ;
#7162 = ORIENTED_EDGE ( 'NONE', *, *, #5505, .T. ) ;
#7163 = FACE_OUTER_BOUND ( 'NONE', #3747, .T. ) ;
#7164 =( BOUNDED_CURVE ( )  B_SPLINE_CURVE ( 3, ( #5660, #5104, #1454, #821 ),
 .UNSPECIFIED., .F., .F. ) 
 B_SPLINE_CURVE_WITH_KNOTS ( ( 4, 4 ),
 ( 1.570796326794895004, 4.712388980384689674 ),
 .UNSPECIFIED. ) 
 CURVE ( )  GEOMETRIC_REPRESENTATION_ITEM ( )  RATIONAL_B_SPLINE_CURVE ( ( 1.000000000000000000, 0.3333333333333329818, 0.3333333333333329818, 1.000000000000000000 ) ) 
 REPRESENTATION_ITEM ( '' )  );
#7165 = CARTESIAN_POINT ( 'NONE',  ( -4.899999999999999467, -1.827374759166199717E-18, -7.400446128206090712 ) ) ;
#7166 = AXIS2_PLACEMENT_3D ( 'NONE', #6235, #9054, #2739 ) ;
#7167 = DIRECTION ( 'NONE',  ( 0.000000000000000000, 1.000000000000000000, 0.000000000000000000 ) ) ;
#7168 = DIRECTION ( 'NONE',  ( 1.334402673828311860E-16, -1.000000000000000000, 0.000000000000000000 ) ) ;
#7169 = ORIENTED_EDGE ( 'NONE', *, *, #4154, .F. ) ;
#7170 = DIRECTION ( 'NONE',  ( -1.000000000000000000, -0.000000000000000000, -0.000000000000000000 ) ) ;
#7171 =( NAMED_UNIT ( * ) PLANE_ANGLE_UNIT ( ) SI_UNIT ( $, .RADIAN. ) );
#7172 = ORIENTED_EDGE ( 'NONE', *, *, #6647, .T. ) ;
#7173 = DIRECTION ( 'NONE',  ( 1.000000000000000000, 8.850629979473508477E-17, 1.535339560257679861E-32 ) ) ;
#7174 = CARTESIAN_POINT ( 'NONE',  ( 1.899999999999999911, -2.700000000000000178, 0.1000000000000000056 ) ) ;
#7175 = VECTOR ( 'NONE', #4075, 1000.000000000000000 ) ;
#7176 = FACE_OUTER_BOUND ( 'NONE', #4042, .T. ) ;
#7177 = DIRECTION ( 'NONE',  ( 0.000000000000000000, 0.000000000000000000, -1.000000000000000000 ) ) ;
#7178 = FACE_OUTER_BOUND ( 'NONE', #5256, .T. ) ;
#7179 = ORIENTED_EDGE ( 'NONE', *, *, #5618, .T. ) ;
#7180 = CARTESIAN_POINT ( 'NONE',  ( 4.400000000000000355, -5.549999999999999822, 1.300000000000000044 ) ) ;
#7181 = FACE_OUTER_BOUND ( 'NONE', #2730, .T. ) ;
#7182 = ADVANCED_FACE ( 'NONE', ( #7683 ), #4913, .F. ) ;
#7183 = TOROIDAL_SURFACE ( 'NONE', #257, 0.1500000000000000500, 0.2000000000000000111 ) ;
#7184 = FACE_OUTER_BOUND ( 'NONE', #8043, .T. ) ;
#7185 = ORIENTED_EDGE ( 'NONE', *, *, #5428, .F. ) ;
#7186 = CARTESIAN_POINT ( 'NONE',  ( -1.479999999999999982, 21.69999999999999929, 0.6999999999999998446 ) ) ;
#7187 = VERTEX_POINT ( 'NONE', #8329 ) ;
#7188 = LINE ( 'NONE', #5019, #7481 ) ;
#7189 = DIRECTION ( 'NONE',  ( 0.000000000000000000, 0.000000000000000000, -1.000000000000000000 ) ) ;
#7190 = CYLINDRICAL_SURFACE ( 'NONE', #6087, 4.100000000000000533 ) ;
#7191 = CARTESIAN_POINT ( 'NONE',  ( 4.500000000000000000, 0.000000000000000000, 0.4000000000000000222 ) ) ;
#7192 = VECTOR ( 'NONE', #6738, 1000.000000000000000 ) ;
#7193 = DIRECTION ( 'NONE',  ( -1.000000000000000000, 0.000000000000000000, 0.000000000000000000 ) ) ;
#7194 = ORIENTED_EDGE ( 'NONE', *, *, #5948, .T. ) ;
#7195 = EDGE_CURVE ( 'NONE', #6319, #1320, #8859, .T. ) ;
#7196 = VECTOR ( 'NONE', #5532, 1000.000000000000000 ) ;
#7197 = EDGE_CURVE ( 'NONE', #7064, #1015, #1272, .T. ) ;
#7198 = ORIENTED_EDGE ( 'NONE', *, *, #1470, .T. ) ;
#7199 = AXIS2_PLACEMENT_3D ( 'NONE', #5065, #310, #132 ) ;
#7200 = ORIENTED_EDGE ( 'NONE', *, *, #4044, .F. ) ;
#7201 = CARTESIAN_POINT ( 'NONE',  ( 0.000000000000000000, -0.5505154639175199316, 4.599999999999999645 ) ) ;
#7202 = DIRECTION ( 'NONE',  ( 0.000000000000000000, 0.000000000000000000, 1.000000000000000000 ) ) ;
#7203 = ORIENTED_EDGE ( 'NONE', *, *, #8378, .T. ) ;
#7204 = DIRECTION ( 'NONE',  ( 0.000000000000000000, 1.000000000000000000, 0.000000000000000000 ) ) ;
#7205 = ORIENTED_EDGE ( 'NONE', *, *, #3123, .T. ) ;
#7206 = CARTESIAN_POINT ( 'NONE',  ( 1.899999999999999911, 0.000000000000000000, 0.000000000000000000 ) ) ;
#7207 = ADVANCED_FACE ( 'NONE', ( #8925 ), #2791, .T. ) ;
#7208 = VERTEX_POINT ( 'NONE', #6988 ) ;
#7209 = DIRECTION ( 'NONE',  ( 0.000000000000000000, 0.000000000000000000, 1.000000000000000000 ) ) ;
#7210 = FACE_OUTER_BOUND ( 'NONE', #7012, .T. ) ;
#7211 = EDGE_CURVE ( 'NONE', #5614, #8917, #4814, .T. ) ;
#7212 = PLANE ( 'NONE',  #8648 ) ;
#7213 = CARTESIAN_POINT ( 'NONE',  ( 0.5000000000000000000, -2.050000000000000266, 0.5000000000000000000 ) ) ;
#7214 = VERTEX_POINT ( 'NONE', #4118 ) ;
#7215 = DIRECTION ( 'NONE',  ( 0.000000000000000000, -0.000000000000000000, -1.000000000000000000 ) ) ;
#7216 = DIRECTION ( 'NONE',  ( -0.000000000000000000, 1.000000000000000000, -0.000000000000000000 ) ) ;
#7217 = ORIENTED_EDGE ( 'NONE', *, *, #1554, .T. ) ;
#7218 = AXIS2_PLACEMENT_3D ( 'NONE', #7056, #659, #3462 ) ;
#7219 = DIRECTION ( 'NONE',  ( 1.000000000000000000, 0.000000000000000000, 0.000000000000000000 ) ) ;
#7220 = DIRECTION ( 'NONE',  ( 0.000000000000000000, -1.000000000000000000, 0.000000000000000000 ) ) ;
#7221 = FACE_OUTER_BOUND ( 'NONE', #4508, .T. ) ;
#7222 = ADVANCED_FACE ( 'NONE', ( #5417 ), #6934, .F. ) ;
#7223 = AXIS2_PLACEMENT_3D ( 'NONE', #5892, #5021, #8662 ) ;
#7224 = LINE ( 'NONE', #719, #4485 ) ;
#7225 = CARTESIAN_POINT ( 'NONE',  ( 4.400000000000000355, 0.000000000000000000, 0.1000000000000000056 ) ) ;
#7226 = ORIENTED_EDGE ( 'NONE', *, *, #4941, .T. ) ;
#7227 = LINE ( 'NONE', #3572, #7373 ) ;
#7228 = LINE ( 'NONE', #3712, #2709 ) ;
#7229 = AXIS2_PLACEMENT_3D ( 'NONE', #6386, #127, #861 ) ;
#7230 = CARTESIAN_POINT ( 'NONE',  ( -4.500000000000000000, -3.950515463917519732, -4.299999999999999822 ) ) ;
#7231 = ORIENTED_EDGE ( 'NONE', *, *, #5078, .T. ) ;
#7232 = VECTOR ( 'NONE', #6732, 1000.000000000000000 ) ;
#7233 = DIRECTION ( 'NONE',  ( 1.000000000000000000, 0.000000000000000000, 0.000000000000000000 ) ) ;
#7234 = ORIENTED_EDGE ( 'NONE', *, *, #5505, .F. ) ;
#7235 = CARTESIAN_POINT ( 'NONE',  ( 3.399999999999999911, 0.000000000000000000, 0.000000000000000000 ) ) ;
#7236 = COLOUR_RGB ( '',0.7921568627450980005, 0.8196078431372548767, 0.9333333333333333481 ) ;
#7237 = CARTESIAN_POINT ( 'NONE',  ( 0.6700000000000000400, 20.89999999999999858, 0.5999999999999999778 ) ) ;
#7238 = VECTOR ( 'NONE', #6446, 1000.000000000000000 ) ;
#7239 = DIRECTION ( 'NONE',  ( 0.000000000000000000, 0.000000000000000000, -1.000000000000000000 ) ) ;
#7240 = DIRECTION ( 'NONE',  ( 0.000000000000000000, 0.000000000000000000, 1.000000000000000000 ) ) ;
#7241 = VECTOR ( 'NONE', #2966, 1000.000000000000000 ) ;
#7242 = EDGE_LOOP ( 'NONE', ( #3312, #1099, #4938, #4653, #614, #6824, #6721, #1469, #2533, #3165, #3322, #8797, #6836, #6241, #431, #7513, #6460, #5172, #3959, #896, #3131, #6347, #3948, #8539, #4872, #2677, #6451, #2607 ) ) ;
#7243 = EDGE_CURVE ( 'NONE', #1182, #1653, #6247, .T. ) ;
#7244 = ORIENTED_EDGE ( 'NONE', *, *, #888, .T. ) ;
#7245 = VECTOR ( 'NONE', #2024, 1000.000000000000000 ) ;
#7246 = ORIENTED_EDGE ( 'NONE', *, *, #5656, .T. ) ;
#7247 = ORIENTED_EDGE ( 'NONE', *, *, #324, .F. ) ;
#7248 = CARTESIAN_POINT ( 'NONE',  ( 4.899999999999999467, 1.349484536082478092, 0.4000000000000000222 ) ) ;
#7249 = EDGE_CURVE ( 'NONE', #1177, #1536, #5771, .T. ) ;
#7250 = LINE ( 'NONE', #6629, #739 ) ;
#7251 = DIRECTION ( 'NONE',  ( 0.4788843252279000318, 0.000000000000000000, -0.8778780114862309025 ) ) ;
#7252 = AXIS2_PLACEMENT_3D ( 'NONE', #3448, #2112, #7694 ) ;
#7253 = ORIENTED_EDGE ( 'NONE', *, *, #1287, .T. ) ;
#7254 = EDGE_CURVE ( 'NONE', #8734, #6752, #8421, .T. ) ;
#7255 = DIRECTION ( 'NONE',  ( -0.000000000000000000, -1.000000000000000000, -0.000000000000000000 ) ) ;
#7256 = EDGE_LOOP ( 'NONE', ( #590, #5678 ) ) ;
#7257 = FACE_OUTER_BOUND ( 'NONE', #3779, .T. ) ;
#7258 = VECTOR ( 'NONE', #2108, 1000.000000000000000 ) ;
#7259 = VERTEX_POINT ( 'NONE', #3319 ) ;
#7260 = DIRECTION ( 'NONE',  ( -1.000000000000000000, 0.000000000000000000, 0.000000000000000000 ) ) ;
#7261 = CARTESIAN_POINT ( 'NONE',  ( -2.500000000000000000, -6.500000000000000000, 1.300000000000000044 ) ) ;
#7262 = AXIS2_PLACEMENT_3D ( 'NONE', #1752, #6555, #2406 ) ;
#7263 = LINE ( 'NONE', #943, #553 ) ;
#7264 = CARTESIAN_POINT ( 'NONE',  ( -4.400000000000000355, -5.150000000000000355, 0.000000000000000000 ) ) ;
#7265 = VERTEX_POINT ( 'NONE', #2538 ) ;
#7266 = CARTESIAN_POINT ( 'NONE',  ( -0.2999999999999943268, 21.69999999999999929, 2.299999999999999822 ) ) ;
#7267 = EDGE_CURVE ( 'NONE', #8801, #8850, #3954, .T. ) ;
#7268 = CARTESIAN_POINT ( 'NONE',  ( 1.750000000000000000, -6.400000000000000355, 1.000000000000000000 ) ) ;
#7269 = ORIENTED_EDGE ( 'NONE', *, *, #3781, .T. ) ;
#7270 = EDGE_CURVE ( 'NONE', #5644, #6438, #7090, .T. ) ;
#7271 =( GEOMETRIC_REPRESENTATION_CONTEXT ( 3 ) GLOBAL_UNCERTAINTY_ASSIGNED_CONTEXT ( ( #8379 ) ) GLOBAL_UNIT_ASSIGNED_CONTEXT ( ( #3632, #741, #9034 ) ) REPRESENTATION_CONTEXT ( 'NONE', 'WORKASPACE' ) );
#7272 = CARTESIAN_POINT ( 'NONE',  ( -3.250000000000000000, -5.549999999999999822, 1.000000000000000000 ) ) ;
#7273 = PLANE ( 'NONE',  #7025 ) ;
#7274 = CARTESIAN_POINT ( 'NONE',  ( 4.500000000000000000, 1.349484536082480091, 0.000000000000000000 ) ) ;
#7275 = CARTESIAN_POINT ( 'NONE',  ( 0.000000000000000000, 20.19999999999999929, 0.000000000000000000 ) ) ;
#7276 = EDGE_LOOP ( 'NONE', ( #338, #605, #7944, #3062 ) ) ;
#7277 = AXIS2_PLACEMENT_3D ( 'NONE', #2088, #4282, #7855 ) ;
#7278 = CARTESIAN_POINT ( 'NONE',  ( -4.500000000000000000, 2.849484536082479647, -4.899999999999999467 ) ) ;
#7279 = EDGE_CURVE ( 'NONE', #7754, #988, #7394, .T. ) ;
#7280 = DIRECTION ( 'NONE',  ( 0.000000000000000000, 0.000000000000000000, 1.000000000000000000 ) ) ;
#7281 = ADVANCED_FACE ( 'NONE', ( #6128 ), #1930, .F. ) ;
#7282 = AXIS2_PLACEMENT_3D ( 'NONE', #4307, #137, #2941 ) ;
#7283 = VECTOR ( 'NONE', #2781, 1000.000000000000000 ) ;
#7284 = CARTESIAN_POINT ( 'NONE',  ( 4.400000000000000355, 0.000000000000000000, 0.000000000000000000 ) ) ;
#7285 = CIRCLE ( 'NONE', #5811, 0.7999999999999999334 ) ;
#7286 = CARTESIAN_POINT ( 'NONE',  ( 4.400000000000000355, 5.950000000000000178, 5.000000000000000000 ) ) ;
#7287 = ORIENTED_EDGE ( 'NONE', *, *, #5938, .F. ) ;
#7288 = DIRECTION ( 'NONE',  ( 1.000000000000000000, 0.000000000000000000, 0.000000000000000000 ) ) ;
#7289 = PLANE ( 'NONE',  #1377 ) ;
#7290 = FACE_OUTER_BOUND ( 'NONE', #3950, .T. ) ;
#7291 = CARTESIAN_POINT ( 'NONE',  ( 4.466912950640279530E-14, 0.4500000000000499711, 0.000000000000000000 ) ) ;
#7292 = VERTEX_POINT ( 'NONE', #1881 ) ;
#7293 = CIRCLE ( 'NONE', #5501, 4.100000000000000533 ) ;
#7294 = AXIS2_PLACEMENT_3D ( 'NONE', #3666, #7919, #4537 ) ;
#7295 = PRODUCT_CONTEXT ( 'NONE', #6408, 'mechanical' ) ;
#7296 = VERTEX_POINT ( 'NONE', #4650 ) ;
#7297 = ORIENTED_EDGE ( 'NONE', *, *, #5675, .F. ) ;
#7298 = VECTOR ( 'NONE', #9006, 1000.000000000000000 ) ;
#7299 = DIRECTION ( 'NONE',  ( 0.000000000000000000, 0.000000000000000000, 1.000000000000000000 ) ) ;
#7300 = EDGE_CURVE ( 'NONE', #7746, #468, #6819, .T. ) ;
#7301 = DIRECTION ( 'NONE',  ( 0.000000000000000000, 0.000000000000000000, 1.000000000000000000 ) ) ;
#7302 = CARTESIAN_POINT ( 'NONE',  ( -2.598076211353316456, 5.499999999999998224, 1.499999999999999334 ) ) ;
#7303 = ORIENTED_EDGE ( 'NONE', *, *, #8986, .T. ) ;
#7304 = ORIENTED_EDGE ( 'NONE', *, *, #5723, .F. ) ;
#7305 = LINE ( 'NONE', #4515, #3565 ) ;
#7306 = ORIENTED_EDGE ( 'NONE', *, *, #2146, .T. ) ;
#7307 = EDGE_CURVE ( 'NONE', #1027, #4473, #562, .T. ) ;
#7308 = ORIENTED_EDGE ( 'NONE', *, *, #8788, .T. ) ;
#7309 = FACE_OUTER_BOUND ( 'NONE', #8841, .T. ) ;
#7310 = DIRECTION ( 'NONE',  ( 1.000000000000000000, 0.000000000000000000, 0.000000000000000000 ) ) ;
#7311 = CARTESIAN_POINT ( 'NONE',  ( -0.4500000000000000111, -3.020950878361714942, 2.100000000000000089 ) ) ;
#7312 = ORIENTED_EDGE ( 'NONE', *, *, #8175, .T. ) ;
#7313 = CARTESIAN_POINT ( 'NONE',  ( 4.500000000000000000, 0.000000000000000000, 0.4000000000000000222 ) ) ;
#7314 = CARTESIAN_POINT ( 'NONE',  ( 0.000000000000000000, -6.500000000000002665, 0.000000000000000000 ) ) ;
#7315 = EDGE_LOOP ( 'NONE', ( #7982, #7055, #6003, #1697 ) ) ;
#7316 = EDGE_CURVE ( 'NONE', #7754, #4083, #5355, .T. ) ;
#7317 = CARTESIAN_POINT ( 'NONE',  ( 0.8032336497292300592, 21.69999999999999929, -2.404700010220584883 ) ) ;
#7318 = FACE_OUTER_BOUND ( 'NONE', #7946, .T. ) ;
#7319 = DIRECTION ( 'NONE',  ( 0.000000000000000000, 0.000000000000000000, -1.000000000000000000 ) ) ;
#7320 = DIRECTION ( 'NONE',  ( -1.000000000000000000, 8.850629979473510942E-17, 0.000000000000000000 ) ) ;
#7321 = CARTESIAN_POINT ( 'NONE',  ( -1.734723475976804925E-15, 0.4500000000000000111, 2.500000000000000000 ) ) ;
#7322 = EDGE_LOOP ( 'NONE', ( #842, #2205, #6327, #3734 ) ) ;
#7323 = CYLINDRICAL_SURFACE ( 'NONE', #5761, 0.4000000000000001887 ) ;
#7324 = ADVANCED_FACE ( 'NONE', ( #6039 ), #2673, .T. ) ;
#7325 = CARTESIAN_POINT ( 'NONE',  ( -2.100000000000000089, -6.700000000000000178, -1.350000000000000089 ) ) ;
#7326 = ADVANCED_FACE ( 'NONE', ( #7438 ), #1113, .F. ) ;
#7327 = DIRECTION ( 'NONE',  ( 0.000000000000000000, -1.000000000000000000, 0.000000000000000000 ) ) ;
#7328 = CARTESIAN_POINT ( 'NONE',  ( -0.5000000000000000000, 1.540871211463574975, 0.000000000000000000 ) ) ;
#7329 = PLANE ( 'NONE',  #863 ) ;
#7330 = ORIENTED_EDGE ( 'NONE', *, *, #637, .F. ) ;
#7331 = DIRECTION ( 'NONE',  ( -2.710505431213760099E-16, -1.000000000000000000, -3.559366888705205049E-31 ) ) ;
#7332 = ADVANCED_FACE ( 'NONE', ( #1154 ), #3221, .T. ) ;
#7333 = CYLINDRICAL_SURFACE ( 'NONE', #8562, 0.5000000000000000000 ) ;
#7334 = ORIENTED_EDGE ( 'NONE', *, *, #221, .F. ) ;
#7335 = AXIS2_PLACEMENT_3D ( 'NONE', #3294, #6107, #8923 ) ;
#7336 = ORIENTED_EDGE ( 'NONE', *, *, #5723, .T. ) ;
#7337 = VERTEX_POINT ( 'NONE', #6771 ) ;
#7338 = AXIS2_PLACEMENT_3D ( 'NONE', #2224, #2175, #3466 ) ;
#7339 = VERTEX_POINT ( 'NONE', #469 ) ;
#7340 = LINE ( 'NONE', #2441, #1196 ) ;
#7341 = LINE ( 'NONE', #3683, #5302 ) ;
#7342 = DIRECTION ( 'NONE',  ( 1.000000000000000000, 0.000000000000000000, 0.000000000000000000 ) ) ;
#7343 = EDGE_CURVE ( 'NONE', #5257, #4003, #2626, .T. ) ;
#7344 = ORIENTED_EDGE ( 'NONE', *, *, #4696, .T. ) ;
#7345 = ORIENTED_EDGE ( 'NONE', *, *, #5750, .T. ) ;
#7346 = VERTEX_POINT ( 'NONE', #2585 ) ;
#7347 = CARTESIAN_POINT ( 'NONE',  ( 0.000000000000000000, -0.5505154639175199316, 4.599999999999999645 ) ) ;
#7348 = VECTOR ( 'NONE', #358, 1000.000000000000000 ) ;
#7349 = VERTEX_POINT ( 'NONE', #7521 ) ;
#7350 = LINE ( 'NONE', #8728, #7410 ) ;
#7351 = FACE_BOUND ( 'NONE', #8023, .T. ) ;
#7352 = EDGE_LOOP ( 'NONE', ( #3527, #839, #3866, #7759 ) ) ;
#7353 = DIRECTION ( 'NONE',  ( 8.850629979473508477E-17, -1.000000000000000000, 0.000000000000000000 ) ) ;
#7354 = ORIENTED_EDGE ( 'NONE', *, *, #7473, .T. ) ;
#7355 = LINE ( 'NONE', #6517, #8433 ) ;
#7356 = FACE_OUTER_BOUND ( 'NONE', #278, .T. ) ;
#7357 = DIRECTION ( 'NONE',  ( 0.000000000000000000, 0.000000000000000000, 1.000000000000000000 ) ) ;
#7358 = EDGE_CURVE ( 'NONE', #2395, #2947, #8566, .T. ) ;
#7359 = DIRECTION ( 'NONE',  ( 0.000000000000000000, 1.000000000000000000, 0.000000000000000000 ) ) ;
#7360 = LINE ( 'NONE', #1723, #7160 ) ;
#7361 = DIRECTION ( 'NONE',  ( 0.000000000000000000, 1.000000000000000000, 0.000000000000000000 ) ) ;
#7362 = LINE ( 'NONE', #3845, #955 ) ;
#7363 = EDGE_CURVE ( 'NONE', #7563, #7019, #5435, .T. ) ;
#7364 = PLANE ( 'NONE',  #2069 ) ;
#7365 = AXIS2_PLACEMENT_3D ( 'NONE', #1785, #3731, #3045 ) ;
#7366 = DIRECTION ( 'NONE',  ( -1.419004388030919839E-16, -1.000000000000000000, 1.233521695418291933E-16 ) ) ;
#7367 = CARTESIAN_POINT ( 'NONE',  ( 3.206271600917504738, -0.5505154639175210418, -8.171628500994101429 ) ) ;
#7368 = VERTEX_POINT ( 'NONE', #8306 ) ;
#7369 = DIRECTION ( 'NONE',  ( 1.000000000000000000, -1.495451272393800035E-16, 0.000000000000000000 ) ) ;
#7370 = CARTESIAN_POINT ( 'NONE',  ( 4.500000000000000000, -3.550515463917519821, -4.299999999999999822 ) ) ;
#7371 = VERTEX_POINT ( 'NONE', #4790 ) ;
#7372 = ADVANCED_FACE ( 'NONE', ( #1247 ), #7613, .F. ) ;
#7373 = VECTOR ( 'NONE', #2934, 1000.000000000000000 ) ;
#7374 = SHAPE_DEFINITION_REPRESENTATION ( #2072, #5329 ) ;
#7375 = EDGE_CURVE ( 'NONE', #7080, #4457, #7105, .T. ) ;
#7376 = ORIENTED_EDGE ( 'NONE', *, *, #2014, .T. ) ;
#7377 = CIRCLE ( 'NONE', #8254, 3.000000000000000000 ) ;
#7378 = ORIENTED_EDGE ( 'NONE', *, *, #3976, .T. ) ;
#7379 = CARTESIAN_POINT ( 'NONE',  ( -1.750000000000000000, 0.4000000000000000222, 1.300000000000000044 ) ) ;
#7380 = VECTOR ( 'NONE', #5500, 1000.000000000000000 ) ;
#7381 = DIRECTION ( 'NONE',  ( 0.000000000000000000, 0.000000000000000000, 1.000000000000000000 ) ) ;
#7382 = DIRECTION ( 'NONE',  ( 0.000000000000000000, -1.000000000000000000, 0.000000000000000000 ) ) ;
#7383 = VECTOR ( 'NONE', #1204, 1000.000000000000000 ) ;
#7384 = VERTEX_POINT ( 'NONE', #9039 ) ;
#7385 = VERTEX_POINT ( 'NONE', #794 ) ;
#7386 = ORIENTED_EDGE ( 'NONE', *, *, #8332, .T. ) ;
#7387 = VECTOR ( 'NONE', #2788, 1000.000000000000000 ) ;
#7388 = CARTESIAN_POINT ( 'NONE',  ( 0.000000000000000000, 20.89999999999999858, 0.000000000000000000 ) ) ;
#7389 = CIRCLE ( 'NONE', #1187, 3.100000000000000089 ) ;
#7390 = ADVANCED_FACE ( 'NONE', ( #3597 ), #2818, .F. ) ;
#7391 = PLANE ( 'NONE',  #2532 ) ;
#7392 = ORIENTED_EDGE ( 'NONE', *, *, #4190, .F. ) ;
#7393 = CARTESIAN_POINT ( 'NONE',  ( 6.123233995736751245E-17, 23.19999999999999929, 0.3999999999999975797 ) ) ;
#7394 = CIRCLE ( 'NONE', #8129, 0.2000000000000000944 ) ;
#7395 = FACE_OUTER_BOUND ( 'NONE', #7507, .T. ) ;
#7396 = ORIENTED_EDGE ( 'NONE', *, *, #1539, .T. ) ;
#7397 = DIRECTION ( 'NONE',  ( 0.000000000000000000, 0.000000000000000000, 1.000000000000000000 ) ) ;
#7398 = ORIENTED_EDGE ( 'NONE', *, *, #6638, .F. ) ;
#7399 = STYLED_ITEM ( 'NONE', ( #1068 ), #7965 ) ;
#7400 = EDGE_LOOP ( 'NONE', ( #4226, #7504, #5575, #4091 ) ) ;
#7401 = DIRECTION ( 'NONE',  ( 0.000000000000000000, -1.000000000000000000, 0.000000000000000000 ) ) ;
#7402 = AXIS2_PLACEMENT_3D ( 'NONE', #3792, #904, #8692 ) ;
#7403 = CARTESIAN_POINT ( 'NONE',  ( -0.2999999999999943268, 21.69999999999999929, 1.500000000000000000 ) ) ;
#7404 = CARTESIAN_POINT ( 'NONE',  ( 2.600000000000000089, 4.049484536082480268, -4.899999999999999467 ) ) ;
#7405 = DIRECTION ( 'NONE',  ( -8.850629979473508477E-17, 1.000000000000000000, -1.358334161808126159E-32 ) ) ;
#7406 = LINE ( 'NONE', #4020, #6709 ) ;
#7407 = EDGE_CURVE ( 'NONE', #3458, #8938, #2074, .T. ) ;
#7408 = LINE ( 'NONE', #6015, #8409 ) ;
#7409 = LINE ( 'NONE', #2600, #364 ) ;
#7410 = VECTOR ( 'NONE', #1024, 1000.000000000000114 ) ;
#7411 = EDGE_CURVE ( 'NONE', #6813, #2, #6265, .T. ) ;
#7412 = CARTESIAN_POINT ( 'NONE',  ( 4.598116167910890617, -1.550515463917520043, -7.662869739802279589 ) ) ;
#7413 = PLANE ( 'NONE',  #1872 ) ;
#7414 = CARTESIAN_POINT ( 'NONE',  ( 1.899999999999999911, 3.600000000000000089, 0.1000000000000000056 ) ) ;
#7415 = EDGE_LOOP ( 'NONE', ( #3942, #2773 ) ) ;
#7416 = LINE ( 'NONE', #5936, #7964 ) ;
#7417 = CARTESIAN_POINT ( 'NONE',  ( 5.708436666169090401, -1.550515463917520043, -8.330000000000000071 ) ) ;
#7418 = ORIENTED_EDGE ( 'NONE', *, *, #8664, .F. ) ;
#7419 = VECTOR ( 'NONE', #5757, 1000.000000000000114 ) ;
#7420 = ORIENTED_EDGE ( 'NONE', *, *, #5841, .T. ) ;
#7421 = AXIS2_PLACEMENT_3D ( 'NONE', #7913, #4246, #768 ) ;
#7422 = VERTEX_POINT ( 'NONE', #101 ) ;
#7423 = ORIENTED_EDGE ( 'NONE', *, *, #4254, .T. ) ;
#7424 = CARTESIAN_POINT ( 'NONE',  ( -0.7967663502707699186, 21.69999999999999929, -1.604700010220585060 ) ) ;
#7425 = EDGE_CURVE ( 'NONE', #742, #8495, #4886, .T. ) ;
#7426 = CARTESIAN_POINT ( 'NONE',  ( 3.100000000000000089, -0.5505154639175199316, 1.399999999999999911 ) ) ;
#7427 = CARTESIAN_POINT ( 'NONE',  ( -4.500000000000000000, 1.349484536082480091, 0.000000000000000000 ) ) ;
#7428 = VECTOR ( 'NONE', #838, 1000.000000000000000 ) ;
#7429 = CIRCLE ( 'NONE', #8750, 0.5999999999999999778 ) ;
#7430 = EDGE_LOOP ( 'NONE', ( #1424, #1993 ) ) ;
#7431 = ADVANCED_FACE ( 'NONE', ( #5722 ), #2724, .T. ) ;
#7432 = ORIENTED_EDGE ( 'NONE', *, *, #7921, .F. ) ;
#7433 = ORIENTED_EDGE ( 'NONE', *, *, #7591, .F. ) ;
#7434 =( LENGTH_UNIT ( ) NAMED_UNIT ( * ) SI_UNIT ( .MILLI., .METRE. ) );
#7435 = AXIS2_PLACEMENT_3D ( 'NONE', #6333, #2931, #7132 ) ;
#7436 = LINE ( 'NONE', #8211, #29 ) ;
#7437 = ORIENTED_EDGE ( 'NONE', *, *, #8081, .T. ) ;
#7438 = FACE_OUTER_BOUND ( 'NONE', #3369, .T. ) ;
#7439 = EDGE_CURVE ( 'NONE', #4457, #6367, #9084, .T. ) ;
#7440 = CARTESIAN_POINT ( 'NONE',  ( 0.000000000000000000, 0.000000000000000000, 0.4000000000000000222 ) ) ;
#7441 = ORIENTED_EDGE ( 'NONE', *, *, #8550, .T. ) ;
#7442 = EDGE_CURVE ( 'NONE', #2593, #1182, #5531, .T. ) ;
#7443 = CARTESIAN_POINT ( 'NONE',  ( 3.250000000000000000, -5.549999999999999822, 1.000000000000000000 ) ) ;
#7444 = ORIENTED_EDGE ( 'NONE', *, *, #7634, .F. ) ;
#7445 = ORIENTED_EDGE ( 'NONE', *, *, #5235, .F. ) ;
#7446 = FACE_OUTER_BOUND ( 'NONE', #3097, .T. ) ;
#7447 = CARTESIAN_POINT ( 'NONE',  ( -3.600000000000000089, 5.150000000000000355, 5.000000000000000000 ) ) ;
#7448 = CARTESIAN_POINT ( 'NONE',  ( -4.500000000000000000, 1.449484536082480179, -5.799999999999999822 ) ) ;
#7449 = CARTESIAN_POINT ( 'NONE',  ( -0.9762697651501759388, 18.89999999999999858, 3.152284464583361867 ) ) ;
#7450 = CARTESIAN_POINT ( 'NONE',  ( 4.500000000000000000, -3.550515463917519821, -4.299999999999999822 ) ) ;
#7451 = ORIENTED_EDGE ( 'NONE', *, *, #8099, .T. ) ;
#7452 = DIRECTION ( 'NONE',  ( 0.000000000000000000, 0.000000000000000000, 1.000000000000000000 ) ) ;
#7453 = CARTESIAN_POINT ( 'NONE',  ( 3.250000000000000000, -6.700000000000000178, -1.350000000000000089 ) ) ;
#7454 = AXIS2_PLACEMENT_3D ( 'NONE', #229, #7189, #870 ) ;
#7455 = DIRECTION ( 'NONE',  ( 0.000000000000000000, 0.000000000000000000, 1.000000000000000000 ) ) ;
#7456 = DIRECTION ( 'NONE',  ( -1.000000000000000000, 0.000000000000000000, 0.000000000000000000 ) ) ;
#7457 = ORIENTED_EDGE ( 'NONE', *, *, #5799, .F. ) ;
#7458 = CARTESIAN_POINT ( 'NONE',  ( 4.500000000000000000, -3.550515463917519821, -4.299999999999999822 ) ) ;
#7459 = VECTOR ( 'NONE', #7719, 1000.000000000000000 ) ;
#7460 = CARTESIAN_POINT ( 'NONE',  ( -4.899999999999999467, -5.450515463917520620, -4.299999999999999822 ) ) ;
#7461 = ADVANCED_FACE ( 'NONE', ( #7790 ), #5673, .F. ) ;
#7462 = ORIENTED_EDGE ( 'NONE', *, *, #6253, .T. ) ;
#7463 = EDGE_LOOP ( 'NONE', ( #1963, #7185, #8488, #1655 ) ) ;
#7464 = ORIENTED_EDGE ( 'NONE', *, *, #2907, .T. ) ;
#7465 = DIRECTION ( 'NONE',  ( -1.000000000000000000, 0.000000000000000000, 0.000000000000000000 ) ) ;
#7466 = DIRECTION ( 'NONE',  ( 1.000000000000000000, 0.000000000000000000, 0.000000000000000000 ) ) ;
#7467 = FACE_OUTER_BOUND ( 'NONE', #8595, .T. ) ;
#7468 = AXIS2_PLACEMENT_3D ( 'NONE', #4909, #2929, #6518 ) ;
#7469 = PLANE ( 'NONE',  #2803 ) ;
#7470 = ORIENTED_EDGE ( 'NONE', *, *, #1116, .F. ) ;
#7471 = ORIENTED_EDGE ( 'NONE', *, *, #3924, .F. ) ;
#7472 = ORIENTED_EDGE ( 'NONE', *, *, #3345, .F. ) ;
#7473 = EDGE_CURVE ( 'NONE', #5590, #3684, #8395, .T. ) ;
#7474 = AXIS2_PLACEMENT_3D ( 'NONE', #5638, #6321, #4195 ) ;
#7475 = PLANE ( 'NONE',  #5039 ) ;
#7476 = ORIENTED_EDGE ( 'NONE', *, *, #8068, .F. ) ;
#7477 = CARTESIAN_POINT ( 'NONE',  ( 4.899999999999999467, 4.349484536082480091, -4.299999999999999822 ) ) ;
#7478 = CARTESIAN_POINT ( 'NONE',  ( -1.091177379365209976, 20.89999999999999858, -0.5047000102205829730 ) ) ;
#7479 = CARTESIAN_POINT ( 'NONE',  ( -0.6700000000000000400, 21.69999999999999929, -0.5999999999999999778 ) ) ;
#7480 = VERTEX_POINT ( 'NONE', #7053 ) ;
#7481 = VECTOR ( 'NONE', #7832, 1000.000000000000000 ) ;
#7482 = CARTESIAN_POINT ( 'NONE',  ( 4.500000000000000000, 2.849484536082479647, -4.899999999999999467 ) ) ;
#7483 = VERTEX_POINT ( 'NONE', #655 ) ;
#7484 = ADVANCED_FACE ( 'NONE', ( #606 ), #744, .F. ) ;
#7485 = VECTOR ( 'NONE', #4165, 1000.000000000000000 ) ;
#7486 = ORIENTED_EDGE ( 'NONE', *, *, #6985, .F. ) ;
#7487 = PLANE ( 'NONE',  #8725 ) ;
#7488 = EDGE_CURVE ( 'NONE', #548, #3654, #3411, .T. ) ;
#7489 = DIRECTION ( 'NONE',  ( 1.000000000000000000, -0.000000000000000000, -0.000000000000000000 ) ) ;
#7490 = PLANE ( 'NONE',  #6089 ) ;
#7491 = LINE ( 'NONE', #484, #8168 ) ;
#7492 = CARTESIAN_POINT ( 'NONE',  ( 1.369999999999999440, 18.50000000000000000, 3.349876971653937829 ) ) ;
#7493 = EDGE_LOOP ( 'NONE', ( #430, #7451, #751, #749 ) ) ;
#7494 = CARTESIAN_POINT ( 'NONE',  ( -2.598076211353316456, 5.499999999999998224, 1.499999999999999334 ) ) ;
#7495 =( LENGTH_UNIT ( ) NAMED_UNIT ( * ) SI_UNIT ( .MILLI., .METRE. ) );
#7496 = CARTESIAN_POINT ( 'NONE',  ( 0.5000000000000000000, 2.949999999999999734, 0.5000000000000000000 ) ) ;
#7497 = EDGE_CURVE ( 'NONE', #5951, #2916, #192, .T. ) ;
#7498 = CARTESIAN_POINT ( 'NONE',  ( 1.479999999999999982, 21.69999999999999929, 0.8499999999999999778 ) ) ;
#7499 = FACE_OUTER_BOUND ( 'NONE', #2190, .T. ) ;
#7500 = ORIENTED_EDGE ( 'NONE', *, *, #3681, .F. ) ;
#7501 = LINE ( 'NONE', #3987, #599 ) ;
#7502 = CARTESIAN_POINT ( 'NONE',  ( -1.899999999999999911, -4.200000000000000178, 0.1000000000000000056 ) ) ;
#7503 = EDGE_CURVE ( 'NONE', #8194, #8357, #2346, .T. ) ;
#7504 = ORIENTED_EDGE ( 'NONE', *, *, #6496, .F. ) ;
#7505 = VECTOR ( 'NONE', #2170, 1000.000000000000000 ) ;
#7506 = ORIENTED_EDGE ( 'NONE', *, *, #5432, .F. ) ;
#7507 = EDGE_LOOP ( 'NONE', ( #2768, #3783 ) ) ;
#7508 = LINE ( 'NONE', #1189, #5470 ) ;
#7509 = CARTESIAN_POINT ( 'NONE',  ( 4.500000000000000000, 4.349484536082480091, -4.299999999999999822 ) ) ;
#7510 = CARTESIAN_POINT ( 'NONE',  ( 4.500000000000000000, -5.450515463917520620, 8.673617379884040205E-15 ) ) ;
#7511 = CARTESIAN_POINT ( 'NONE',  ( 4.500000000000000000, -5.450515463917520620, -4.299999999999999822 ) ) ;
#7512 = AXIS2_PLACEMENT_3D ( 'NONE', #5768, #7007, #53 ) ;
#7513 = ORIENTED_EDGE ( 'NONE', *, *, #3650, .F. ) ;
#7514 = EDGE_CURVE ( 'NONE', #6208, #4793, #6452, .T. ) ;
#7515 = VERTEX_POINT ( 'NONE', #323 ) ;
#7516 = ORIENTED_EDGE ( 'NONE', *, *, #6024, .T. ) ;
#7517 = EDGE_CURVE ( 'NONE', #2691, #3297, #2304, .T. ) ;
#7518 = AXIS2_PLACEMENT_3D ( 'NONE', #5377, #8883, #1775 ) ;
#7519 = DIRECTION ( 'NONE',  ( 2.491288438666615119E-16, 1.000000000000000000, 0.000000000000000000 ) ) ;
#7520 = VERTEX_POINT ( 'NONE', #8072 ) ;
#7521 = CARTESIAN_POINT ( 'NONE',  ( -4.500000000000000000, -5.150515463917519909, -4.899999999999999467 ) ) ;
#7522 = LINE ( 'NONE', #8214, #1009 ) ;
#7523 = DIRECTION ( 'NONE',  ( 0.000000000000000000, 0.000000000000000000, -1.000000000000000000 ) ) ;
#7524 = ADVANCED_FACE ( 'NONE', ( #879 ), #3043, .F. ) ;
#7525 = AXIS2_PLACEMENT_3D ( 'NONE', #5330, #3803, #8791 ) ;
#7526 = ORIENTED_EDGE ( 'NONE', *, *, #2794, .T. ) ;
#7527 = VECTOR ( 'NONE', #501, 1000.000000000000000 ) ;
#7528 = FACE_OUTER_BOUND ( 'NONE', #4649, .T. ) ;
#7529 = ORIENTED_EDGE ( 'NONE', *, *, #4243, .T. ) ;
#7530 = AXIS2_PLACEMENT_3D ( 'NONE', #3515, #6976, #7540 ) ;
#7531 = AXIS2_PLACEMENT_3D ( 'NONE', #5465, #2702, #7549 ) ;
#7532 = EDGE_LOOP ( 'NONE', ( #2399, #287, #3167, #2268 ) ) ;
#7533 = CARTESIAN_POINT ( 'NONE',  ( -3.600000000000000089, -5.950000000000000178, 0.000000000000000000 ) ) ;
#7534 = DIRECTION ( 'NONE',  ( 0.000000000000000000, -1.000000000000000000, 0.000000000000000000 ) ) ;
#7535 = ADVANCED_FACE ( 'NONE', ( #1705 ), #4412, .T. ) ;
#7536 = CARTESIAN_POINT ( 'NONE',  ( -0.5000000000000000000, 21.49999999999999645, 2.299999999999999822 ) ) ;
#7537 = CARTESIAN_POINT ( 'NONE',  ( 0.5000000000000000000, 21.69999999999999929, 2.299999999999999822 ) ) ;
#7538 = DIRECTION ( 'NONE',  ( 1.000000000000000000, 0.000000000000000000, 0.000000000000000000 ) ) ;
#7539 = EDGE_LOOP ( 'NONE', ( #4776, #152, #6477, #4385, #6126 ) ) ;
#7540 = DIRECTION ( 'NONE',  ( 0.000000000000000000, 0.000000000000000000, 1.000000000000000000 ) ) ;
#7541 = LINE ( 'NONE', #8278, #4319 ) ;
#7542 = CIRCLE ( 'NONE', #6357, 3.100000000000000089 ) ;
#7543 = EDGE_CURVE ( 'NONE', #1139, #3859, #8764, .T. ) ;
#7544 = VECTOR ( 'NONE', #752, 1000.000000000000000 ) ;
#7545 = CARTESIAN_POINT ( 'NONE',  ( -4.400000000000000355, -4.200000000000000178, 0.1000000000000000056 ) ) ;
#7546 = DIRECTION ( 'NONE',  ( 0.000000000000000000, 0.000000000000000000, -1.000000000000000000 ) ) ;
#7547 = EDGE_CURVE ( 'NONE', #4742, #2661, #3083, .T. ) ;
#7548 = DIRECTION ( 'NONE',  ( 0.000000000000000000, -1.000000000000000000, 0.000000000000000000 ) ) ;
#7549 = DIRECTION ( 'NONE',  ( 1.000000000000000000, 0.000000000000000000, 0.000000000000000000 ) ) ;
#7550 = DIRECTION ( 'NONE',  ( -1.000000000000000000, 0.000000000000000000, 0.000000000000000000 ) ) ;
#7551 = CARTESIAN_POINT ( 'NONE',  ( -4.500000000000000000, 0.000000000000000000, 0.000000000000000000 ) ) ;
#7552 = AXIS2_PLACEMENT_3D ( 'NONE', #202, #3094, #2452 ) ;
#7553 = EDGE_CURVE ( 'NONE', #3571, #9031, #7340, .T. ) ;
#7554 = VERTEX_POINT ( 'NONE', #4466 ) ;
#7555 = PRODUCT_DEFINITION_FORMATION_WITH_SPECIFIED_SOURCE ( 'ANY', '', #8335, .NOT_KNOWN. ) ;
#7556 = VERTEX_POINT ( 'NONE', #3816 ) ;
#7557 = ORIENTED_EDGE ( 'NONE', *, *, #1744, .T. ) ;
#7558 = DIRECTION ( 'NONE',  ( -1.000000000000000000, 2.491288438666615119E-16, -1.734723475976805122E-15 ) ) ;
#7559 = PLANE ( 'NONE',  #5436 ) ;
#7560 = DIRECTION ( 'NONE',  ( -1.000000000000000000, 0.000000000000000000, 0.000000000000000000 ) ) ;
#7561 = DIRECTION ( 'NONE',  ( -1.000000000000000000, 1.734723475976804876E-16, 0.000000000000000000 ) ) ;
#7562 = ORIENTED_EDGE ( 'NONE', *, *, #2068, .F. ) ;
#7563 = VERTEX_POINT ( 'NONE', #8672 ) ;
#7564 = CARTESIAN_POINT ( 'NONE',  ( 0.000000000000000000, 1.000515463917999837, 5.000000000000000000 ) ) ;
#7565 = VERTEX_POINT ( 'NONE', #5899 ) ;
#7566 = EDGE_LOOP ( 'NONE', ( #4129, #8150, #6220, #273 ) ) ;
#7567 = VECTOR ( 'NONE', #815, 1000.000000000000000 ) ;
#7568 = CARTESIAN_POINT ( 'NONE',  ( 0.000000000000000000, 0.000000000000000000, 0.5000000000000000000 ) ) ;
#7569 = LINE ( 'NONE', #4055, #5864 ) ;
#7570 = DIRECTION ( 'NONE',  ( 0.000000000000000000, 0.000000000000000000, -1.000000000000000000 ) ) ;
#7571 = ORIENTED_EDGE ( 'NONE', *, *, #1239, .F. ) ;
#7572 = CARTESIAN_POINT ( 'NONE',  ( -1.479999999999999982, 21.69999999999999929, 0.8499999999999999778 ) ) ;
#7573 = EDGE_CURVE ( 'NONE', #6937, #2537, #2997, .T. ) ;
#7574 = ORIENTED_EDGE ( 'NONE', *, *, #6510, .T. ) ;
#7575 = CIRCLE ( 'NONE', #8894, 0.4000000000000001887 ) ;
#7576 = PRESENTATION_LAYER_ASSIGNMENT (  '', '', ( #4766 ) ) ;
#7577 = EDGE_LOOP ( 'NONE', ( #7663, #5906, #6828, #8686 ) ) ;
#7578 = CARTESIAN_POINT ( 'NONE',  ( -4.899999999999999467, -1.550515463917520043, -5.799999999999999822 ) ) ;
#7579 = CARTESIAN_POINT ( 'NONE',  ( -1.091177379365209976, 20.89999999999999858, -0.5047000102205829730 ) ) ;
#7580 = VECTOR ( 'NONE', #9097, 1000.000000000000000 ) ;
#7581 = CARTESIAN_POINT ( 'NONE',  ( 1.899999999999999911, -4.200000000000000178, 0.1000000000000000056 ) ) ;
#7582 = CARTESIAN_POINT ( 'NONE',  ( -0.0008203932499368549484, 21.69999999999999929, 1.279727070297659974E-17 ) ) ;
#7583 = DIRECTION ( 'NONE',  ( 1.000000000000000000, 8.850629979473508477E-17, 0.000000000000000000 ) ) ;
#7584 = ORIENTED_EDGE ( 'NONE', *, *, #4089, .T. ) ;
#7585 = PLANE ( 'NONE',  #8988 ) ;
#7586 = DIRECTION ( 'NONE',  ( -1.000000000000000000, -1.355252715606879803E-16, 0.000000000000000000 ) ) ;
#7587 = ORIENTED_EDGE ( 'NONE', *, *, #5052, .F. ) ;
#7588 = EDGE_CURVE ( 'NONE', #4940, #7385, #6501, .T. ) ;
#7589 = FACE_OUTER_BOUND ( 'NONE', #3179, .T. ) ;
#7590 = DIRECTION ( 'NONE',  ( 1.000000000000000000, 0.000000000000000000, 0.000000000000000000 ) ) ;
#7591 = EDGE_CURVE ( 'NONE', #6216, #7068, #1657, .T. ) ;
#7592 = FACE_OUTER_BOUND ( 'NONE', #4885, .T. ) ;
#7593 = DIRECTION ( 'NONE',  ( -1.734723475976808672E-15, 0.000000000000000000, 1.000000000000000000 ) ) ;
#7594 = ORIENTED_EDGE ( 'NONE', *, *, #573, .F. ) ;
#7595 = CARTESIAN_POINT ( 'NONE',  ( -4.500000000000000000, -5.950515463917519732, 0.3999999999999935274 ) ) ;
#7596 = CARTESIAN_POINT ( 'NONE',  ( 3.399999999999999911, -0.05000000000000100198, 0.5000000000000000000 ) ) ;
#7597 = AXIS2_PLACEMENT_3D ( 'NONE', #3757, #8010, #5837 ) ;
#7598 = PRODUCT_DEFINITION_SHAPE ( 'NONE', 'NONE',  #8302 ) ;
#7599 = ORIENTED_EDGE ( 'NONE', *, *, #4833, .F. ) ;
#7600 = EDGE_CURVE ( 'NONE', #1096, #3636, #5816, .T. ) ;
#7601 = ORIENTED_EDGE ( 'NONE', *, *, #276, .T. ) ;
#7602 = ORIENTED_EDGE ( 'NONE', *, *, #9003, .T. ) ;
#7603 = FACE_OUTER_BOUND ( 'NONE', #1701, .T. ) ;
#7604 = AXIS2_PLACEMENT_3D ( 'NONE', #3889, #1306, #4949 ) ;
#7605 = EDGE_CURVE ( 'NONE', #1604, #8416, #7937, .T. ) ;
#7606 = CARTESIAN_POINT ( 'NONE',  ( 4.899999999999999467, -5.450515463917520620, 0.000000000000000000 ) ) ;
#7607 = PLANE ( 'NONE',  #1525 ) ;
#7608 = CARTESIAN_POINT ( 'NONE',  ( 2.556853995623905342E-49, -4.050515463917520265, -1.517883041479705222E-16 ) ) ;
#7609 = VERTEX_POINT ( 'NONE', #1606 ) ;
#7610 = VERTEX_POINT ( 'NONE', #2396 ) ;
#7611 = ORIENTED_EDGE ( 'NONE', *, *, #7004, .T. ) ;
#7612 = VERTEX_POINT ( 'NONE', #3680 ) ;
#7613 = PLANE ( 'NONE',  #917 ) ;
#7614 = ADVANCED_FACE ( 'NONE', ( #4364 ), #5214, .F. ) ;
#7615 = DIRECTION ( 'NONE',  ( -1.000000000000000000, 0.000000000000000000, 0.000000000000000000 ) ) ;
#7616 = DIRECTION ( 'NONE',  ( -8.850629979473508477E-17, 1.000000000000000000, 0.000000000000000000 ) ) ;
#7617 = ORIENTED_EDGE ( 'NONE', *, *, #7211, .F. ) ;
#7618 = DIRECTION ( 'NONE',  ( -0.000000000000000000, -1.000000000000000000, -0.000000000000000000 ) ) ;
#7619 = VERTEX_POINT ( 'NONE', #3127 ) ;
#7620 = EDGE_CURVE ( 'NONE', #3268, #9087, #1200, .T. ) ;
#7621 = AXIS2_PLACEMENT_3D ( 'NONE', #1806, #8005, #6567 ) ;
#7622 = VERTEX_POINT ( 'NONE', #1742 ) ;
#7623 = LINE ( 'NONE', #6737, #5199 ) ;
#7624 = EDGE_CURVE ( 'NONE', #8309, #9111, #508, .T. ) ;
#7625 = CARTESIAN_POINT ( 'NONE',  ( 4.899999999999999467, -3.550515463917519821, -5.899999999999999467 ) ) ;
#7626 = AXIS2_PLACEMENT_3D ( 'NONE', #4017, #9050, #5406 ) ;
#7627 = CARTESIAN_POINT ( 'NONE',  ( 5.238893727143790535, -1.550515463917520043, -8.400000000000000355 ) ) ;
#7628 = CYLINDRICAL_SURFACE ( 'NONE', #8013, 1.199999999999999956 ) ;
#7629 = PLANE ( 'NONE',  #7166 ) ;
#7630 = ORIENTED_EDGE ( 'NONE', *, *, #8118, .F. ) ;
#7631 = PLANE ( 'NONE',  #906 ) ;
#7632 = DIRECTION ( 'NONE',  ( 0.000000000000000000, 0.000000000000000000, -1.000000000000000000 ) ) ;
#7633 = EDGE_LOOP ( 'NONE', ( #8422, #6048, #1344, #3501 ) ) ;
#7634 = EDGE_CURVE ( 'NONE', #5904, #547, #550, .T. ) ;
#7635 = VECTOR ( 'NONE', #2901, 1000.000000000000114 ) ;
#7636 = DIRECTION ( 'NONE',  ( 0.000000000000000000, 1.000000000000000000, 0.000000000000000000 ) ) ;
#7637 = EDGE_CURVE ( 'NONE', #2344, #3386, #7542, .T. ) ;
#7638 = LINE ( 'NONE', #8234, #2008 ) ;
#7639 = DIRECTION ( 'NONE',  ( 1.000000000000000000, 0.000000000000000000, 0.000000000000000000 ) ) ;
#7640 = DIRECTION ( 'NONE',  ( -1.000000000000000000, 0.000000000000000000, 0.000000000000000000 ) ) ;
#7641 = CARTESIAN_POINT ( 'NONE',  ( 0.000000000000000000, 18.89999999999999858, 0.000000000000000000 ) ) ;
#7642 = ORIENTED_EDGE ( 'NONE', *, *, #4190, .T. ) ;
#7643 = CARTESIAN_POINT ( 'NONE',  ( -4.500000000000000000, -1.550515463917520043, -5.799999999999999822 ) ) ;
#7644 = ADVANCED_FACE ( 'NONE', ( #4596 ), #5989, .F. ) ;
#7645 = DIRECTION ( 'NONE',  ( -1.000000000000000000, 1.121588454295350027E-16, 0.000000000000000000 ) ) ;
#7646 = ORIENTED_EDGE ( 'NONE', *, *, #7799, .F. ) ;
#7647 = ORIENTED_EDGE ( 'NONE', *, *, #1110, .F. ) ;
#7648 = PLANE ( 'NONE',  #2992 ) ;
#7649 = EDGE_LOOP ( 'NONE', ( #5725, #4637, #929, #2318 ) ) ;
#7650 = CARTESIAN_POINT ( 'NONE',  ( -3.399999999999999911, 0.9499999999999999556, 0.5000000000000000000 ) ) ;
#7651 = DIRECTION ( 'NONE',  ( 0.000000000000000000, 0.000000000000000000, -1.000000000000000000 ) ) ;
#7652 = CARTESIAN_POINT ( 'NONE',  ( 4.500000000000000000, 1.349484536082480091, 0.4000000000000090150 ) ) ;
#7653 = ADVANCED_FACE ( 'NONE', ( #3349 ), #6759, .T. ) ;
#7654 = CARTESIAN_POINT ( 'NONE',  ( 3.035766082959410049E-15, 0.4500000000000090039, 0.5000000000000000000 ) ) ;
#7655 = ORIENTED_EDGE ( 'NONE', *, *, #97, .T. ) ;
#7656 = ORIENTED_EDGE ( 'NONE', *, *, #7051, .F. ) ;
#7657 = EDGE_CURVE ( 'NONE', #2286, #3993, #1931, .T. ) ;
#7658 = ORIENTED_EDGE ( 'NONE', *, *, #4798, .F. ) ;
#7659 = VERTEX_POINT ( 'NONE', #6161 ) ;
#7660 = AXIS2_PLACEMENT_3D ( 'NONE', #3817, #5167, #8037 ) ;
#7661 = DIRECTION ( 'NONE',  ( 0.000000000000000000, 0.000000000000000000, -1.000000000000000000 ) ) ;
#7662 = DIRECTION ( 'NONE',  ( -1.000000000000000000, 0.000000000000000000, 0.000000000000000000 ) ) ;
#7663 = ORIENTED_EDGE ( 'NONE', *, *, #8443, .T. ) ;
#7664 = LINE ( 'NONE', #4985, #5739 ) ;
#7665 = EDGE_LOOP ( 'NONE', ( #8714, #8722, #2298 ) ) ;
#7666 = EDGE_CURVE ( 'NONE', #2740, #7857, #2482, .T. ) ;
#7667 = VECTOR ( 'NONE', #4961, 999.9999999999998863 ) ;
#7668 = MECHANICAL_DESIGN_GEOMETRIC_PRESENTATION_REPRESENTATION (  '', ( #6483 ), #4267 ) ;
#7669 = ORIENTED_EDGE ( 'NONE', *, *, #4753, .T. ) ;
#7670 = LINE ( 'NONE', #1434, #4146 ) ;
#7671 = DIRECTION ( 'NONE',  ( -1.606225440719264641E-16, -1.000000000000000000, -3.102490474962830116E-31 ) ) ;
#7672 = LINE ( 'NONE', #2596, #512 ) ;
#7673 = AXIS2_PLACEMENT_3D ( 'NONE', #6560, #761, #3561 ) ;
#7674 = LINE ( 'NONE', #1851, #6831 ) ;
#7675 = LINE ( 'NONE', #1400, #8639 ) ;
#7676 = CARTESIAN_POINT ( 'NONE',  ( -0.7967663502707699186, 21.69999999999999929, -2.404700010220584883 ) ) ;
#7677 = DIRECTION ( 'NONE',  ( -1.000000000000000000, 0.000000000000000000, 0.000000000000000000 ) ) ;
#7678 = ORIENTED_EDGE ( 'NONE', *, *, #4812, .T. ) ;
#7679 = VECTOR ( 'NONE', #6649, 1000.000000000000000 ) ;
#7680 = FACE_BOUND ( 'NONE', #1382, .T. ) ;
#7681 = LINE ( 'NONE', #5509, #8201 ) ;
#7682 = DIRECTION ( 'NONE',  ( 0.000000000000000000, 0.000000000000000000, -1.000000000000000000 ) ) ;
#7683 = FACE_OUTER_BOUND ( 'NONE', #1072, .T. ) ;
#7684 = VECTOR ( 'NONE', #2770, 1000.000000000000000 ) ;
#7685 = DIRECTION ( 'NONE',  ( 0.000000000000000000, -1.000000000000000000, 0.000000000000000000 ) ) ;
#7686 = LINE ( 'NONE', #4251, #216 ) ;
#7687 = EDGE_CURVE ( 'NONE', #6755, #6171, #1143, .T. ) ;
#7688 = EDGE_LOOP ( 'NONE', ( #2385, #8269, #9037, #4487 ) ) ;
#7689 = AXIS2_PLACEMENT_3D ( 'NONE', #8802, #6807, #4552 ) ;
#7690 = DIRECTION ( 'NONE',  ( 1.000000000000000000, 0.000000000000000000, 0.000000000000000000 ) ) ;
#7691 = ORIENTED_EDGE ( 'NONE', *, *, #4887, .T. ) ;
#7692 = CARTESIAN_POINT ( 'NONE',  ( -3.399999999999999911, -2.050000000000000266, 0.5000000000000000000 ) ) ;
#7693 = ORIENTED_EDGE ( 'NONE', *, *, #6156, .T. ) ;
#7694 = DIRECTION ( 'NONE',  ( 0.000000000000000000, 0.000000000000000000, 1.000000000000000000 ) ) ;
#7695 = AXIS2_PLACEMENT_3D ( 'NONE', #4896, #1395, #5180 ) ;
#7696 = DIRECTION ( 'NONE',  ( -1.931541112668180039E-15, 0.000000000000000000, 1.000000000000000000 ) ) ;
#7697 = DIRECTION ( 'NONE',  ( 1.000000000000000000, 0.000000000000000000, 0.000000000000000000 ) ) ;
#7698 = LINE ( 'NONE', #2805, #7238 ) ;
#7699 = CARTESIAN_POINT ( 'NONE',  ( 0.000000000000000000, 0.4500000000000000111, 23.59999999999999787 ) ) ;
#7700 = AXIS2_PLACEMENT_3D ( 'NONE', #4268, #96, #2810 ) ;
#7701 = EDGE_CURVE ( 'NONE', #7520, #3367, #2528, .T. ) ;
#7702 = ORIENTED_EDGE ( 'NONE', *, *, #25, .F. ) ;
#7703 = ORIENTED_EDGE ( 'NONE', *, *, #2121, .F. ) ;
#7704 = DIRECTION ( 'NONE',  ( 0.000000000000000000, 0.000000000000000000, 1.000000000000000000 ) ) ;
#7705 = CARTESIAN_POINT ( 'NONE',  ( 3.600000000000000089, 5.150000000000000355, 5.000000000000000000 ) ) ;
#7706 = LINE ( 'NONE', #3033, #2555 ) ;
#7707 = ADVANCED_FACE ( 'NONE', ( #6853 ), #8246, .F. ) ;
#7708 = ORIENTED_EDGE ( 'NONE', *, *, #4497, .T. ) ;
#7709 = ORIENTED_EDGE ( 'NONE', *, *, #2454, .F. ) ;
#7710 = AXIS2_PLACEMENT_3D ( 'NONE', #183, #7008, #3505 ) ;
#7711 = AXIS2_PLACEMENT_3D ( 'NONE', #2838, #6332, #8285 ) ;
#7712 = ADVANCED_FACE ( 'NONE', ( #3904 ), #6715, .T. ) ;
#7713 = ORIENTED_EDGE ( 'NONE', *, *, #2777, .T. ) ;
#7714 = CARTESIAN_POINT ( 'NONE',  ( 1.750000000000000000, -5.549999999999999822, 1.000000000000000000 ) ) ;
#7715 = CARTESIAN_POINT ( 'NONE',  ( 0.000000000000000000, 21.69999999999999929, 0.000000000000000000 ) ) ;
#7716 = CARTESIAN_POINT ( 'NONE',  ( 5.538016780164209507, 0.4494845360824790137, -8.133954347177770217 ) ) ;
#7717 = EDGE_CURVE ( 'NONE', #6559, #4085, #2662, .T. ) ;
#7718 = DIRECTION ( 'NONE',  ( 1.000000000000000000, 0.000000000000000000, 1.931541112668180039E-15 ) ) ;
#7719 = DIRECTION ( 'NONE',  ( -0.000000000000000000, 1.000000000000000000, -0.000000000000000000 ) ) ;
#7720 = VERTEX_POINT ( 'NONE', #6675 ) ;
#7721 = CARTESIAN_POINT ( 'NONE',  ( 0.5999999999999999778, 23.19999999999999929, 0.000000000000000000 ) ) ;
#7722 = VECTOR ( 'NONE', #3776, 1000.000000000000000 ) ;
#7723 = CARTESIAN_POINT ( 'NONE',  ( -1.734723475976804925E-15, 0.4500000000000000111, 2.500000000000000000 ) ) ;
#7724 = VECTOR ( 'NONE', #2935, 1000.000000000000114 ) ;
#7725 = ORIENTED_EDGE ( 'NONE', *, *, #8089, .F. ) ;
#7726 = AXIS2_PLACEMENT_3D ( 'NONE', #3587, #6260, #9077 ) ;
#7727 = CARTESIAN_POINT ( 'NONE',  ( -3.000000000000000000, 3.649484536082480357, 0.000000000000000000 ) ) ;
#7728 = CARTESIAN_POINT ( 'NONE',  ( -3.000000000000000000, -3.750000000000000000, 5.599999999999999645 ) ) ;
#7729 = CARTESIAN_POINT ( 'NONE',  ( -0.0008203932499368549484, 21.69999999999999929, 1.279727070297659974E-17 ) ) ;
#7730 = EDGE_CURVE ( 'NONE', #4287, #5838, #8891, .T. ) ;
#7731 = CARTESIAN_POINT ( 'NONE',  ( 1.750000000000000000, -5.549999999999999822, 1.000000000000000000 ) ) ;
#7732 = DIRECTION ( 'NONE',  ( 0.000000000000000000, 0.000000000000000000, 1.000000000000000000 ) ) ;
#7733 = DIRECTION ( 'NONE',  ( 0.5142627263715392472, 0.000000000000000000, -0.8576327000907273401 ) ) ;
#7734 = ORIENTED_EDGE ( 'NONE', *, *, #1768, .T. ) ;
#7735 = DIRECTION ( 'NONE',  ( 0.000000000000000000, 1.000000000000000000, 0.000000000000000000 ) ) ;
#7736 = ORIENTED_EDGE ( 'NONE', *, *, #7503, .T. ) ;
#7737 = LINE ( 'NONE', #7692, #4298 ) ;
#7738 = ORIENTED_EDGE ( 'NONE', *, *, #7517, .F. ) ;
#7739 = LINE ( 'NONE', #4218, #7986 ) ;
#7740 = CARTESIAN_POINT ( 'NONE',  ( 2.899999999999999911, -6.700000000000000178, 4.928191693115930030E-17 ) ) ;
#7741 = CARTESIAN_POINT ( 'NONE',  ( -4.500000000000000000, 0.4494845360824790137, -7.550000000000000711 ) ) ;
#7742 = DIRECTION ( 'NONE',  ( 0.000000000000000000, 0.000000000000000000, -1.000000000000000000 ) ) ;
#7743 = ORIENTED_EDGE ( 'NONE', *, *, #60, .T. ) ;
#7744 = CARTESIAN_POINT ( 'NONE',  ( 0.000000000000000000, 0.000000000000000000, 0.000000000000000000 ) ) ;
#7745 = VECTOR ( 'NONE', #733, 1000.000000000000000 ) ;
#7746 = VERTEX_POINT ( 'NONE', #5382 ) ;
#7747 = EDGE_LOOP ( 'NONE', ( #4691, #1788, #5362, #4323, #3914, #7111 ) ) ;
#7748 = DIRECTION ( 'NONE',  ( -1.000000000000000000, 0.000000000000000000, 0.000000000000000000 ) ) ;
#7749 = FACE_OUTER_BOUND ( 'NONE', #8631, .T. ) ;
#7750 = ORIENTED_EDGE ( 'NONE', *, *, #2068, .T. ) ;
#7751 = EDGE_CURVE ( 'NONE', #6592, #5359, #8198, .T. ) ;
#7752 = DIRECTION ( 'NONE',  ( -1.931541112668180039E-15, 0.000000000000000000, 1.000000000000000000 ) ) ;
#7753 = ORIENTED_EDGE ( 'NONE', *, *, #5881, .F. ) ;
#7754 = VERTEX_POINT ( 'NONE', #4680 ) ;
#7755 = CARTESIAN_POINT ( 'NONE',  ( 4.899999999999999467, 4.349484536082480091, 0.4000000000000000222 ) ) ;
#7756 = CARTESIAN_POINT ( 'NONE',  ( -1.750000000000000000, -6.500000000000000000, 1.300000000000000044 ) ) ;
#7757 = DIRECTION ( 'NONE',  ( 0.000000000000000000, 0.000000000000000000, 1.000000000000000000 ) ) ;
#7758 = LINE ( 'NONE', #9098, #2449 ) ;
#7759 = ORIENTED_EDGE ( 'NONE', *, *, #1396, .T. ) ;
#7760 = DIRECTION ( 'NONE',  ( 0.000000000000000000, -1.000000000000000000, 0.000000000000000000 ) ) ;
#7761 = CIRCLE ( 'NONE', #5115, 0.1500000000000000777 ) ;
#7762 = EDGE_CURVE ( 'NONE', #4698, #5257, #7508, .T. ) ;
#7763 = DIRECTION ( 'NONE',  ( 0.000000000000000000, 0.000000000000000000, -1.000000000000000000 ) ) ;
#7764 = ORIENTED_EDGE ( 'NONE', *, *, #60, .F. ) ;
#7765 = ADVANCED_FACE ( 'NONE', ( #1916 ), #4043, .T. ) ;
#7766 = AXIS2_PLACEMENT_3D ( 'NONE', #6697, #3190, #8647 ) ;
#7767 = LINE ( 'NONE', #74, #2518 ) ;
#7768 = LINE ( 'NONE', #2886, #8067 ) ;
#7769 = DIRECTION ( 'NONE',  ( 1.000000000000000000, 0.000000000000000000, 1.776356839400249281E-15 ) ) ;
#7770 = CARTESIAN_POINT ( 'NONE',  ( -2.350000000000000089, 4.649999999999999467, 5.599999999999999645 ) ) ;
#7771 = ORIENTED_EDGE ( 'NONE', *, *, #1492, .F. ) ;
#7772 = DIRECTION ( 'NONE',  ( 0.000000000000000000, -1.000000000000000000, 0.000000000000000000 ) ) ;
#7773 = CARTESIAN_POINT ( 'NONE',  ( 0.000000000000000000, 20.19999999999999929, 0.000000000000000000 ) ) ;
#7774 = AXIS2_PLACEMENT_3D ( 'NONE', #7367, #1044, #3074 ) ;
#7775 = VECTOR ( 'NONE', #1695, 1000.000000000000000 ) ;
#7776 = EDGE_LOOP ( 'NONE', ( #848, #2179, #4060, #7234 ) ) ;
#7777 = ADVANCED_FACE ( 'NONE', ( #1323 ), #4876, .T. ) ;
#7778 = CARTESIAN_POINT ( 'NONE',  ( 3.000000000000000000, 3.649484536082480357, -1.600000000000000089 ) ) ;
#7779 = ORIENTED_EDGE ( 'NONE', *, *, #4587, .F. ) ;
#7780 = FACE_BOUND ( 'NONE', #8158, .T. ) ;
#7781 = ORIENTED_EDGE ( 'NONE', *, *, #6631, .F. ) ;
#7782 = DIRECTION ( 'NONE',  ( 0.000000000000000000, 1.000000000000000000, 0.000000000000000000 ) ) ;
#7783 = CARTESIAN_POINT ( 'NONE',  ( -4.500000000000000000, -5.450515463917520620, 0.3999999999999915290 ) ) ;
#7784 = CARTESIAN_POINT ( 'NONE',  ( 5.708436666169090401, -1.550515463917520043, -8.330000000000000071 ) ) ;
#7785 = CARTESIAN_POINT ( 'NONE',  ( 4.500000000000000000, -5.450515463917520620, 0.000000000000000000 ) ) ;
#7786 = ORIENTED_EDGE ( 'NONE', *, *, #7197, .T. ) ;
#7787 = APPLICATION_PROTOCOL_DEFINITION ( 'draft international standard', 'automotive_design', 1998, #2817 ) ;
#7788 = ORIENTED_EDGE ( 'NONE', *, *, #8042, .T. ) ;
#7789 = ORIENTED_EDGE ( 'NONE', *, *, #5656, .F. ) ;
#7790 = FACE_OUTER_BOUND ( 'NONE', #7103, .T. ) ;
#7791 = CARTESIAN_POINT ( 'NONE',  ( 4.899999999999999467, 2.449484536082480179, -4.299999999999999822 ) ) ;
#7792 = ADVANCED_FACE ( 'NONE', ( #8294 ), #2060, .T. ) ;
#7793 = ORIENTED_EDGE ( 'NONE', *, *, #8952, .T. ) ;
#7794 = LINE ( 'NONE', #4939, #6167 ) ;
#7795 = ORIENTED_EDGE ( 'NONE', *, *, #5286, .T. ) ;
#7796 = ADVANCED_FACE ( 'NONE', ( #7603 ), #8386, .T. ) ;
#7797 = CIRCLE ( 'NONE', #889, 0.4000000000000001887 ) ;
#7798 = VERTEX_POINT ( 'NONE', #1372 ) ;
#7799 = EDGE_CURVE ( 'NONE', #5564, #2657, #8477, .T. ) ;
#7800 = LINE ( 'NONE', #6969, #3120 ) ;
#7801 = DIRECTION ( 'NONE',  ( 0.000000000000000000, -1.000000000000000000, 0.000000000000000000 ) ) ;
#7802 = LINE ( 'NONE', #2828, #3920 ) ;
#7803 = LINE ( 'NONE', #5733, #6270 ) ;
#7804 = ORIENTED_EDGE ( 'NONE', *, *, #802, .T. ) ;
#7805 = CARTESIAN_POINT ( 'NONE',  ( 1.000000000000000000, 3.804101966249689770, 2.500000000000000000 ) ) ;
#7806 = CARTESIAN_POINT ( 'NONE',  ( -4.899999999999999467, -3.550515463917519821, -5.899999999999999467 ) ) ;
#7807 = ORIENTED_EDGE ( 'NONE', *, *, #6850, .T. ) ;
#7808 = VECTOR ( 'NONE', #2520, 1000.000000000000000 ) ;
#7809 = AXIS2_PLACEMENT_3D ( 'NONE', #1240, #6950, #5229 ) ;
#7810 = EDGE_CURVE ( 'NONE', #878, #5282, #2094, .T. ) ;
#7811 = CARTESIAN_POINT ( 'NONE',  ( 0.000000000000000000, -2.050000000000000266, 0.000000000000000000 ) ) ;
#7812 = VECTOR ( 'NONE', #3426, 1000.000000000000000 ) ;
#7813 = CARTESIAN_POINT ( 'NONE',  ( -1.734723475976804925E-15, 0.4500000000000000111, 5.000000000000000000 ) ) ;
#7814 = PLANE ( 'NONE',  #6818 ) ;
#7815 = CARTESIAN_POINT ( 'NONE',  ( 3.035766082959410049E-15, 0.4500000000000090039, 0.5000000000000000000 ) ) ;
#7816 = AXIS2_PLACEMENT_3D ( 'NONE', #7314, #7216, #5187 ) ;
#7817 = DIRECTION ( 'NONE',  ( 0.000000000000000000, 0.000000000000000000, 1.000000000000000000 ) ) ;
#7818 = ORIENTED_EDGE ( 'NONE', *, *, #4324, .T. ) ;
#7819 = LINE ( 'NONE', #2241, #298 ) ;
#7820 = EDGE_CURVE ( 'NONE', #2213, #3709, #4778, .T. ) ;
#7821 = DIRECTION ( 'NONE',  ( -1.931541112668180039E-15, 1.551245237481414839E-31, 1.000000000000000000 ) ) ;
#7822 = AXIS2_PLACEMENT_3D ( 'NONE', #3518, #3658, #9104 ) ;
#7823 = AXIS2_PLACEMENT_3D ( 'NONE', #8373, #1904, #7548 ) ;
#7824 = ORIENTED_EDGE ( 'NONE', *, *, #7279, .T. ) ;
#7825 = EDGE_CURVE ( 'NONE', #4679, #2392, #6996, .T. ) ;
#7826 = DIRECTION ( 'NONE',  ( 0.000000000000000000, 0.000000000000000000, 1.000000000000000000 ) ) ;
#7827 = ORIENTED_EDGE ( 'NONE', *, *, #773, .F. ) ;
#7828 = VECTOR ( 'NONE', #3729, 1000.000000000000000 ) ;
#7829 = LINE ( 'NONE', #4923, #5940 ) ;
#7830 = ORIENTED_EDGE ( 'NONE', *, *, #4137, .T. ) ;
#7831 = CARTESIAN_POINT ( 'NONE',  ( 1.899999999999999911, 5.100000000000000533, 0.000000000000000000 ) ) ;
#7832 = DIRECTION ( 'NONE',  ( 0.000000000000000000, 0.000000000000000000, 1.000000000000000000 ) ) ;
#7833 = LINE ( 'NONE', #9120, #1258 ) ;
#7834 = CARTESIAN_POINT ( 'NONE',  ( 4.500000000000000000, 0.4494845360824785141, -7.400446128206080054 ) ) ;
#7835 = EDGE_CURVE ( 'NONE', #8355, #2280, #3493, .T. ) ;
#7836 = DIRECTION ( 'NONE',  ( -1.794207403895424777E-16, 1.000000000000000000, 0.000000000000000000 ) ) ;
#7837 = ORIENTED_EDGE ( 'NONE', *, *, #7375, .T. ) ;
#7838 = ORIENTED_EDGE ( 'NONE', *, *, #8281, .T. ) ;
#7839 = AXIS2_PLACEMENT_3D ( 'NONE', #6441, #5018, #134 ) ;
#7840 = EDGE_CURVE ( 'NONE', #2345, #5564, #1968, .T. ) ;
#7841 = VECTOR ( 'NONE', #3230, 1000.000000000000000 ) ;
#7842 = ORIENTED_EDGE ( 'NONE', *, *, #1537, .T. ) ;
#7843 = ORIENTED_EDGE ( 'NONE', *, *, #4740, .T. ) ;
#7844 = CARTESIAN_POINT ( 'NONE',  ( -4.500000000000000000, 2.849484536082479647, -5.299999999999999822 ) ) ;
#7845 = CYLINDRICAL_SURFACE ( 'NONE', #1614, 3.500000000000000000 ) ;
#7846 = ORIENTED_EDGE ( 'NONE', *, *, #7921, .T. ) ;
#7847 = CARTESIAN_POINT ( 'NONE',  ( 0.000000000000000000, -6.400000000000000355, 1.000000000000000000 ) ) ;
#7848 = AXIS2_PLACEMENT_3D ( 'NONE', #8041, #375, #5084 ) ;
#7849 = EDGE_LOOP ( 'NONE', ( #2479, #7656, #6587, #8806 ) ) ;
#7850 = EDGE_CURVE ( 'NONE', #1320, #7878, #2157, .T. ) ;
#7851 = ORIENTED_EDGE ( 'NONE', *, *, #6792, .T. ) ;
#7852 = DIRECTION ( 'NONE',  ( -0.5147285590694874458, -0.000000000000000000, -0.8573532005412058954 ) ) ;
#7853 = DIRECTION ( 'NONE',  ( 0.000000000000000000, -1.000000000000000000, -0.000000000000000000 ) ) ;
#7854 = EDGE_CURVE ( 'NONE', #3560, #261, #7739, .T. ) ;
#7855 = DIRECTION ( 'NONE',  ( 0.000000000000000000, 0.000000000000000000, 1.000000000000000000 ) ) ;
#7856 = DIRECTION ( 'NONE',  ( -0.5142627263715392472, -0.000000000000000000, 0.8576327000907273401 ) ) ;
#7857 = VERTEX_POINT ( 'NONE', #3534 ) ;
#7858 = LINE ( 'NONE', #7953, #1335 ) ;
#7859 = CYLINDRICAL_SURFACE ( 'NONE', #7816, 3.000000000000000000 ) ;
#7860 = EDGE_LOOP ( 'NONE', ( #6310, #4034, #2776, #3646, #4559 ) ) ;
#7861 = AXIS2_PLACEMENT_3D ( 'NONE', #472, #6092, #1841 ) ;
#7862 = DIRECTION ( 'NONE',  ( 0.000000000000000000, 0.000000000000000000, 1.000000000000000000 ) ) ;
#7863 = DIRECTION ( 'NONE',  ( -0.7071067811865474617, 0.7071067811865476838, -0.000000000000000000 ) ) ;
#7864 = AXIS2_PLACEMENT_3D ( 'NONE', #1060, #511, #3308 ) ;
#7865 = DIRECTION ( 'NONE',  ( 0.000000000000000000, 0.000000000000000000, -1.000000000000000000 ) ) ;
#7866 = DIRECTION ( 'NONE',  ( -6.981915977383690225E-47, -1.000000000000000000, 7.860938548519329298E-32 ) ) ;
#7867 = CARTESIAN_POINT ( 'NONE',  ( -2.600000000000000089, 2.849484536082479647, -4.899999999999999467 ) ) ;
#7868 = ORIENTED_EDGE ( 'NONE', *, *, #8100, .T. ) ;
#7869 = CARTESIAN_POINT ( 'NONE',  ( 1.899999999999999911, 0.000000000000000000, 0.000000000000000000 ) ) ;
#7870 = PLANE ( 'NONE',  #1965 ) ;
#7871 = EDGE_CURVE ( 'NONE', #5222, #7292, #6350, .T. ) ;
#7872 = VECTOR ( 'NONE', #5145, 1000.000000000000000 ) ;
#7873 = AXIS2_PLACEMENT_3D ( 'NONE', #3071, #6572, #960 ) ;
#7874 = EDGE_CURVE ( 'NONE', #1334, #3367, #1459, .T. ) ;
#7875 =( LENGTH_UNIT ( ) NAMED_UNIT ( * ) SI_UNIT ( .MILLI., .METRE. ) );
#7876 = VERTEX_POINT ( 'NONE', #781 ) ;
#7877 = CARTESIAN_POINT ( 'NONE',  ( 0.000000000000000000, 18.89999999999999858, 0.000000000000000000 ) ) ;
#7878 = VERTEX_POINT ( 'NONE', #595 ) ;
#7879 = LINE ( 'NONE', #3671, #1868 ) ;
#7880 = DIRECTION ( 'NONE',  ( 0.000000000000000000, 1.000000000000000000, 0.000000000000000000 ) ) ;
#7881 = FACE_OUTER_BOUND ( 'NONE', #945, .T. ) ;
#7882 = LINE ( 'NONE', #786, #8843 ) ;
#7883 = VERTEX_POINT ( 'NONE', #3584 ) ;
#7884 =( REPRESENTATION_RELATIONSHIP ('NONE','NONE', #4407, #5329 ) REPRESENTATION_RELATIONSHIP_WITH_TRANSFORMATION ( #8759 )SHAPE_REPRESENTATION_RELATIONSHIP( ) );
#7885 = ADVANCED_FACE ( 'NONE', ( #6396 ), #1281, .F. ) ;
#7886 = ORIENTED_EDGE ( 'NONE', *, *, #9089, .T. ) ;
#7887 = EDGE_CURVE ( 'NONE', #5838, #8348, #6209, .T. ) ;
#7888 = VERTEX_POINT ( 'NONE', #9027 ) ;
#7889 = ORIENTED_EDGE ( 'NONE', *, *, #4887, .F. ) ;
#7890 = CARTESIAN_POINT ( 'NONE',  ( 0.2999999999999943268, 21.69999999999999929, 1.500000000000000000 ) ) ;
#7891 = CARTESIAN_POINT ( 'NONE',  ( -4.100000000000000533, 0.4500000000000000111, 5.000000000000000000 ) ) ;
#7892 = LINE ( 'NONE', #881, #4026 ) ;
#7893 = ORIENTED_EDGE ( 'NONE', *, *, #6469, .T. ) ;
#7894 = CARTESIAN_POINT ( 'NONE',  ( 3.250000000000000000, -5.549999999999999822, -1.350000000000000089 ) ) ;
#7895 = ORIENTED_EDGE ( 'NONE', *, *, #2981, .T. ) ;
#7896 = DIRECTION ( 'NONE',  ( 0.000000000000000000, 1.734723475976804876E-16, -1.000000000000000000 ) ) ;
#7897 = EDGE_CURVE ( 'NONE', #8345, #4138, #5521, .T. ) ;
#7898 = ORIENTED_EDGE ( 'NONE', *, *, #6149, .T. ) ;
#7899 = DIRECTION ( 'NONE',  ( 8.850629979473508477E-17, 1.000000000000000000, 0.000000000000000000 ) ) ;
#7900 = LINE ( 'NONE', #5586, #6723 ) ;
#7901 = CIRCLE ( 'NONE', #3177, 0.7999999999999999334 ) ;
#7902 = CARTESIAN_POINT ( 'NONE',  ( 4.911598099521950367, 0.4494845360824795133, -9.101887738487539181 ) ) ;
#7903 = EDGE_CURVE ( 'NONE', #8253, #4934, #4827, .T. ) ;
#7904 = LINE ( 'NONE', #4283, #9075 ) ;
#7905 = ORIENTED_EDGE ( 'NONE', *, *, #5670, .F. ) ;
#7906 = CARTESIAN_POINT ( 'NONE',  ( 4.500000000000000000, 0.000000000000000000, 0.4000000000000000222 ) ) ;
#7907 = FACE_OUTER_BOUND ( 'NONE', #328, .T. ) ;
#7908 = VERTEX_POINT ( 'NONE', #3626 ) ;
#7909 = ORIENTED_EDGE ( 'NONE', *, *, #4538, .F. ) ;
#7910 = CARTESIAN_POINT ( 'NONE',  ( 0.9827370646086355244, 18.89999999999999858, 3.150274251846082674 ) ) ;
#7911 = DIRECTION ( 'NONE',  ( -0.9999994735200916640, -0.000000000000000000, 0.001026138167772433323 ) ) ;
#7912 = AXIS2_PLACEMENT_3D ( 'NONE', #2045, #4859, #494 ) ;
#7913 = CARTESIAN_POINT ( 'NONE',  ( 3.000000000000000000, -4.750515463917520442, 0.4000000000000000222 ) ) ;
#7914 = DIRECTION ( 'NONE',  ( 1.000000000000000000, 0.000000000000000000, 0.000000000000000000 ) ) ;
#7915 = LINE ( 'NONE', #4341, #4947 ) ;
#7916 = ORIENTED_EDGE ( 'NONE', *, *, #7954, .T. ) ;
#7917 = ADVANCED_FACE ( 'NONE', ( #825 ), #1509, .F. ) ;
#7918 = LINE ( 'NONE', #173, #900 ) ;
#7919 = DIRECTION ( 'NONE',  ( 1.000000000000000000, 2.551063935260009998E-16, 0.000000000000000000 ) ) ;
#7920 = VECTOR ( 'NONE', #707, 1000.000000000000000 ) ;
#7921 = EDGE_CURVE ( 'NONE', #660, #6388, #3850, .T. ) ;
#7922 = CARTESIAN_POINT ( 'NONE',  ( -3.250000000000000000, -5.950000000000000178, -6.159999999999999254 ) ) ;
#7923 = VERTEX_POINT ( 'NONE', #7831 ) ;
#7924 = CARTESIAN_POINT ( 'NONE',  ( 4.500000000000000000, -3.540251991789405240E-17, -4.299999999999999822 ) ) ;
#7925 = ORIENTED_EDGE ( 'NONE', *, *, #874, .T. ) ;
#7926 = EDGE_CURVE ( 'NONE', #6523, #2634, #965, .T. ) ;
#7927 = CARTESIAN_POINT ( 'NONE',  ( -1.899999999999999911, 5.100000000000000533, 0.1000000000000000056 ) ) ;
#7928 = CARTESIAN_POINT ( 'NONE',  ( 4.400000000000000355, -5.950000000000000178, 0.1000000000000000056 ) ) ;
#7929 = LINE ( 'NONE', #4403, #4556 ) ;
#7930 = AXIS2_PLACEMENT_3D ( 'NONE', #1840, #3320, #1979 ) ;
#7931 = DIRECTION ( 'NONE',  ( -1.000000000000000000, 0.000000000000000000, -8.346192215206439610E-17 ) ) ;
#7932 = VERTEX_POINT ( 'NONE', #3267 ) ;
#7933 = ORIENTED_EDGE ( 'NONE', *, *, #7051, .T. ) ;
#7934 = AXIS2_PLACEMENT_3D ( 'NONE', #4077, #1905, #5555 ) ;
#7935 = VERTEX_POINT ( 'NONE', #4871 ) ;
#7936 = ORIENTED_EDGE ( 'NONE', *, *, #669, .F. ) ;
#7937 = LINE ( 'NONE', #7890, #1055 ) ;
#7938 = ADVANCED_FACE ( 'NONE', ( #8080 ), #7391, .F. ) ;
#7939 = CARTESIAN_POINT ( 'NONE',  ( 4.500000000000000000, 4.849484536082480091, 0.4000000000000000222 ) ) ;
#7940 = PLANE ( 'NONE',  #3443 ) ;
#7941 = EDGE_LOOP ( 'NONE', ( #2198, #206, #7153, #2859 ) ) ;
#7942 = ADVANCED_FACE ( 'NONE', ( #422 ), #4173, .T. ) ;
#7943 = LINE ( 'NONE', #799, #5431 ) ;
#7944 = ORIENTED_EDGE ( 'NONE', *, *, #2993, .T. ) ;
#7945 = DIRECTION ( 'NONE',  ( 0.000000000000000000, 0.000000000000000000, -1.000000000000000000 ) ) ;
#7946 = EDGE_LOOP ( 'NONE', ( #7334, #8770, #3675, #2084 ) ) ;
#7947 = DIRECTION ( 'NONE',  ( 0.000000000000000000, -1.000000000000000000, 0.000000000000000000 ) ) ;
#7948 = ADVANCED_FACE ( 'NONE', ( #3869 ), #7475, .T. ) ;
#7949 = CARTESIAN_POINT ( 'NONE',  ( -2.899999999999999911, -6.700000000000000178, -1.350000000000000089 ) ) ;
#7950 = DIRECTION ( 'NONE',  ( 0.000000000000000000, 0.000000000000000000, 1.000000000000000000 ) ) ;
#7951 = LINE ( 'NONE', #1620, #6767 ) ;
#7952 = EDGE_LOOP ( 'NONE', ( #3563, #2527, #7486, #6415 ) ) ;
#7953 = CARTESIAN_POINT ( 'NONE',  ( 0.000000000000000000, 5.100000000000000533, 0.000000000000000000 ) ) ;
#7954 = EDGE_CURVE ( 'NONE', #5633, #4934, #2536, .T. ) ;
#7955 = ORIENTED_EDGE ( 'NONE', *, *, #8316, .F. ) ;
#7956 = FACE_OUTER_BOUND ( 'NONE', #1157, .T. ) ;
#7957 = LINE ( 'NONE', #3149, #1865 ) ;
#7958 = CARTESIAN_POINT ( 'NONE',  ( -1.899999999999999911, 0.000000000000000000, 0.000000000000000000 ) ) ;
#7959 = CARTESIAN_POINT ( 'NONE',  ( 4.899999999999999467, -2.450515463917519732, 0.000000000000000000 ) ) ;
#7960 = PLANE ( 'NONE',  #7597 ) ;
#7961 = ORIENTED_EDGE ( 'NONE', *, *, #1121, .F. ) ;
#7962 = FACE_OUTER_BOUND ( 'NONE', #1524, .T. ) ;
#7963 = CARTESIAN_POINT ( 'NONE',  ( 4.500000000000000000, 1.349484536082480091, 0.4000000000000090150 ) ) ;
#7964 = VECTOR ( 'NONE', #7369, 1000.000000000000000 ) ;
#7965 = MANIFOLD_SOLID_BREP ( 'NONE', #349 ) ;
#7966 = CARTESIAN_POINT ( 'NONE',  ( 3.674999999999999822, -4.750515463917520442, -1.600000000000000089 ) ) ;
#7967 = DIRECTION ( 'NONE',  ( 0.000000000000000000, 1.000000000000000000, 0.000000000000000000 ) ) ;
#7968 = ORIENTED_EDGE ( 'NONE', *, *, #7835, .T. ) ;
#7969 = DIRECTION ( 'NONE',  ( 0.000000000000000000, 1.000000000000000000, 0.000000000000000000 ) ) ;
#7970 = VECTOR ( 'NONE', #4965, 1000.000000000000000 ) ;
#7971 = LINE ( 'NONE', #7237, #948 ) ;
#7972 = AXIS2_PLACEMENT_3D ( 'NONE', #2064, #2990, #4588 ) ;
#7973 = CARTESIAN_POINT ( 'NONE',  ( 1.000000000000000000, 4.426179070414210770, 2.500000000000000000 ) ) ;
#7974 = DIRECTION ( 'NONE',  ( 0.000000000000000000, 0.000000000000000000, 1.000000000000000000 ) ) ;
#7975 = ADVANCED_FACE ( 'NONE', ( #8127 ), #3316, .T. ) ;
#7976 = VECTOR ( 'NONE', #8963, 1000.000000000000000 ) ;
#7977 = VERTEX_POINT ( 'NONE', #6299 ) ;
#7978 = APPLICATION_PROTOCOL_DEFINITION ( 'draft international standard', 'automotive_design', 1998, #8007 ) ;
#7979 = VERTEX_POINT ( 'NONE', #1750 ) ;
#7980 = VECTOR ( 'NONE', #5395, 1000.000000000000000 ) ;
#7981 = ORIENTED_EDGE ( 'NONE', *, *, #4527, .F. ) ;
#7982 = ORIENTED_EDGE ( 'NONE', *, *, #8002, .F. ) ;
#7983 = CARTESIAN_POINT ( 'NONE',  ( 5.538016780164209507, -1.550515463917520043, -8.133954347177770217 ) ) ;
#7984 = LINE ( 'NONE', #370, #3380 ) ;
#7985 = CARTESIAN_POINT ( 'NONE',  ( 2.600000000000000089, -5.150515463917519909, -5.299999999999999822 ) ) ;
#7986 = VECTOR ( 'NONE', #732, 1000.000000000000000 ) ;
#7987 = VERTEX_POINT ( 'NONE', #6687 ) ;
#7988 = DIRECTION ( 'NONE',  ( -2.551063935260009998E-16, 1.000000000000000000, 0.000000000000000000 ) ) ;
#7989 = VERTEX_POINT ( 'NONE', #5998 ) ;
#7990 = CARTESIAN_POINT ( 'NONE',  ( -4.500000000000000000, -2.550515463917519821, -8.691935007006809980E-15 ) ) ;
#7991 = EDGE_CURVE ( 'NONE', #3287, #8265, #1111, .T. ) ;
#7992 = AXIS2_PLACEMENT_3D ( 'NONE', #7922, #8613, #5703 ) ;
#7993 = EDGE_LOOP ( 'NONE', ( #1442, #5340, #4796, #2031 ) ) ;
#7994 = LINE ( 'NONE', #8044, #928 ) ;
#7995 = EDGE_CURVE ( 'NONE', #8626, #6236, #5393, .T. ) ;
#7996 = CARTESIAN_POINT ( 'NONE',  ( 4.500000000000000000, 4.349484536082480091, 0.000000000000000000 ) ) ;
#7997 = VECTOR ( 'NONE', #6829, 1000.000000000000000 ) ;
#7998 = FACE_OUTER_BOUND ( 'NONE', #1601, .T. ) ;
#7999 = ORIENTED_EDGE ( 'NONE', *, *, #6358, .F. ) ;
#8000 = DIRECTION ( 'NONE',  ( 0.000000000000000000, 0.000000000000000000, 1.000000000000000000 ) ) ;
#8001 = ORIENTED_EDGE ( 'NONE', *, *, #2529, .T. ) ;
#8002 = EDGE_CURVE ( 'NONE', #6502, #7515, #7436, .T. ) ;
#8003 = CARTESIAN_POINT ( 'NONE',  ( 3.399999999999999911, -2.050000000000000266, 0.000000000000000000 ) ) ;
#8004 = EDGE_CURVE ( 'NONE', #9031, #2213, #5921, .T. ) ;
#8005 = DIRECTION ( 'NONE',  ( 1.000000000000000000, 0.000000000000000000, 0.000000000000000000 ) ) ;
#8006 = AXIS2_PLACEMENT_3D ( 'NONE', #7286, #8615, #5106 ) ;
#8007 = APPLICATION_CONTEXT ( 'automotive_design' ) ;
#8008 = CARTESIAN_POINT ( 'NONE',  ( 4.500000000000000000, -2.550515463917519821, -5.799999999999999822 ) ) ;
#8009 = CARTESIAN_POINT ( 'NONE',  ( -3.250000000000000000, -5.549999999999999822, 1.300000000000000044 ) ) ;
#8010 = DIRECTION ( 'NONE',  ( 1.000000000000000000, -0.000000000000000000, 0.000000000000000000 ) ) ;
#8011 = VECTOR ( 'NONE', #3271, 1000.000000000000000 ) ;
#8012 = ORIENTED_EDGE ( 'NONE', *, *, #3796, .F. ) ;
#8013 = AXIS2_PLACEMENT_3D ( 'NONE', #6834, #3330, #6141 ) ;
#8014 = LINE ( 'NONE', #818, #3092 ) ;
#8015 = CARTESIAN_POINT ( 'NONE',  ( 0.01275798393824549917, 20.19999999999999929, 0.008155582768801669657 ) ) ;
#8016 = VECTOR ( 'NONE', #6960, 1000.000000000000000 ) ;
#8017 = AXIS2_PLACEMENT_3D ( 'NONE', #8093, #7319, #6698 ) ;
#8018 = FACE_BOUND ( 'NONE', #6176, .T. ) ;
#8019 = ADVANCED_FACE ( 'NONE', ( #6254 ), #6481, .F. ) ;
#8020 = VECTOR ( 'NONE', #862, 1000.000000000000000 ) ;
#8021 = DIRECTION ( 'NONE',  ( 1.000000000000000000, 0.000000000000000000, 0.000000000000000000 ) ) ;
#8022 = CARTESIAN_POINT ( 'NONE',  ( -4.899999999999999467, 4.349484536082480091, -4.299999999999999822 ) ) ;
#8023 = EDGE_LOOP ( 'NONE', ( #7895, #2923 ) ) ;
#8024 = LINE ( 'NONE', #6618, #8402 ) ;
#8025 = DIRECTION ( 'NONE',  ( 1.000000000000000000, 0.000000000000000000, 0.000000000000000000 ) ) ;
#8026 = EDGE_CURVE ( 'NONE', #6600, #2691, #728, .T. ) ;
#8027 = ORIENTED_EDGE ( 'NONE', *, *, #2312, .T. ) ;
#8028 = VECTOR ( 'NONE', #7382, 1000.000000000000000 ) ;
#8029 = VECTOR ( 'NONE', #2379, 1000.000000000000000 ) ;
#8030 = SHAPE_DEFINITION_REPRESENTATION ( #4788, #9094 ) ;
#8031 = ORIENTED_EDGE ( 'NONE', *, *, #3877, .F. ) ;
#8032 = ORIENTED_EDGE ( 'NONE', *, *, #8378, .F. ) ;
#8033 = ADVANCED_FACE ( 'NONE', ( #7184 ), #5610, .T. ) ;
#8034 = EDGE_LOOP ( 'NONE', ( #5528, #1827, #8482, #8978 ) ) ;
#8035 = VECTOR ( 'NONE', #8651, 1000.000000000000000 ) ;
#8036 = DIRECTION ( 'NONE',  ( 0.7071067811865474617, -0.7071067811865476838, -0.000000000000000000 ) ) ;
#8037 = DIRECTION ( 'NONE',  ( 1.000000000000000000, 0.000000000000000000, 0.000000000000000000 ) ) ;
#8038 = FACE_OUTER_BOUND ( 'NONE', #6008, .T. ) ;
#8039 = ORIENTED_EDGE ( 'NONE', *, *, #6520, .F. ) ;
#8040 = VERTEX_POINT ( 'NONE', #7088 ) ;
#8041 = CARTESIAN_POINT ( 'NONE',  ( 1.369999999999999440, 18.50000000000000000, 3.349876971653937829 ) ) ;
#8042 = EDGE_CURVE ( 'NONE', #5582, #3678, #4921, .T. ) ;
#8043 = EDGE_LOOP ( 'NONE', ( #3540, #2965, #4038, #5952 ) ) ;
#8044 = CARTESIAN_POINT ( 'NONE',  ( -3.250000000000000000, -5.549999999999999822, 1.000000000000000000 ) ) ;
#8045 = DIRECTION ( 'NONE',  ( -1.000000000000000000, 1.495451272393800035E-16, 0.000000000000000000 ) ) ;
#8046 = EDGE_CURVE ( 'NONE', #2022, #4409, #6794, .T. ) ;
#8047 = ORIENTED_EDGE ( 'NONE', *, *, #5183, .F. ) ;
#8048 = DIRECTION ( 'NONE',  ( 1.000000000000000000, 8.850629979473510942E-17, 0.000000000000000000 ) ) ;
#8049 = ORIENTED_EDGE ( 'NONE', *, *, #2454, .T. ) ;
#8050 = AXIS2_PLACEMENT_3D ( 'NONE', #4577, #3841, #7538 ) ;
#8051 = CARTESIAN_POINT ( 'NONE',  ( -2.100000000000000089, -6.700000000000000178, -5.750000000000000000 ) ) ;
#8052 = DIRECTION ( 'NONE',  ( -0.000000000000000000, 1.000000000000000000, -0.000000000000000000 ) ) ;
#8053 = EDGE_CURVE ( 'NONE', #2519, #7659, #1650, .T. ) ;
#8054 = DIRECTION ( 'NONE',  ( 1.000000000000000000, 8.850629979473508477E-17, -3.070679120515364649E-32 ) ) ;
#8055 = CARTESIAN_POINT ( 'NONE',  ( 4.500000000000000000, 0.000000000000000000, 0.000000000000000000 ) ) ;
#8056 = LINE ( 'NONE', #125, #2884 ) ;
#8057 = CARTESIAN_POINT ( 'NONE',  ( 4.500000000000000000, -2.450515463917519732, 0.000000000000000000 ) ) ;
#8058 = DIRECTION ( 'NONE',  ( 7.836629005481910297E-31, 0.000000000000000000, 1.000000000000000000 ) ) ;
#8059 = ADVANCED_FACE ( 'NONE', ( #1414 ), #5752, .T. ) ;
#8060 = CARTESIAN_POINT ( 'NONE',  ( -1.479999999999999982, 21.50000000000000000, 1.200000000000000178 ) ) ;
#8061 = LINE ( 'NONE', #867, #1667 ) ;
#8062 = LINE ( 'NONE', #9062, #5134 ) ;
#8063 = ORIENTED_EDGE ( 'NONE', *, *, #2407, .F. ) ;
#8064 = LINE ( 'NONE', #3161, #7074 ) ;
#8065 = CARTESIAN_POINT ( 'NONE',  ( -0.5000000000000000000, 0.9499999999999999556, 0.5000000000000000000 ) ) ;
#8066 = VERTEX_POINT ( 'NONE', #177 ) ;
#8067 = VECTOR ( 'NONE', #7863, 1000.000000000000000 ) ;
#8068 = EDGE_CURVE ( 'NONE', #1107, #6378, #5800, .T. ) ;
#8069 = ORIENTED_EDGE ( 'NONE', *, *, #7343, .F. ) ;
#8070 = AXIS2_PLACEMENT_3D ( 'NONE', #6419, #5779, #11 ) ;
#8071 = VERTEX_POINT ( 'NONE', #4302 ) ;
#8072 = CARTESIAN_POINT ( 'NONE',  ( -3.250000000000000000, -5.549999999999999822, 1.000000000000000000 ) ) ;
#8073 = DIRECTION ( 'NONE',  ( -1.606225440719264641E-16, -1.000000000000000000, -3.102490474962825299E-31 ) ) ;
#8074 =( NAMED_UNIT ( * ) PLANE_ANGLE_UNIT ( ) SI_UNIT ( $, .RADIAN. ) );
#8075 = ORIENTED_EDGE ( 'NONE', *, *, #1749, .T. ) ;
#8076 = VERTEX_POINT ( 'NONE', #7139 ) ;
#8077 = VERTEX_POINT ( 'NONE', #4214 ) ;
#8078 = PLANE ( 'NONE',  #4739 ) ;
#8079 = VECTOR ( 'NONE', #8830, 1000.000000000000000 ) ;
#8080 = FACE_OUTER_BOUND ( 'NONE', #5471, .T. ) ;
#8081 = EDGE_CURVE ( 'NONE', #2955, #4832, #7164, .T. ) ;
#8082 = ORIENTED_EDGE ( 'NONE', *, *, #3314, .T. ) ;
#8083 = DIRECTION ( 'NONE',  ( -1.000000000000000000, 0.000000000000000000, 0.000000000000000000 ) ) ;
#8084 = DIRECTION ( 'NONE',  ( -1.606225440719264641E-16, -1.000000000000000000, -3.102490474962825299E-31 ) ) ;
#8085 = ORIENTED_EDGE ( 'NONE', *, *, #6211, .T. ) ;
#8086 = CARTESIAN_POINT ( 'NONE',  ( 3.500000000000000000, 0.4500000000000000111, 1.800000000000000044 ) ) ;
#8087 = EDGE_CURVE ( 'NONE', #6813, #7987, #4395, .T. ) ;
#8088 = ORIENTED_EDGE ( 'NONE', *, *, #3528, .F. ) ;
#8089 = EDGE_CURVE ( 'NONE', #6995, #3050, #915, .T. ) ;
#8090 = ORIENTED_EDGE ( 'NONE', *, *, #1100, .T. ) ;
#8091 = CARTESIAN_POINT ( 'NONE',  ( -0.4500000000000000111, -3.020950878361714942, 1.800000000000000044 ) ) ;
#8092 = DIRECTION ( 'NONE',  ( 0.000000000000000000, 0.000000000000000000, -1.000000000000000000 ) ) ;
#8093 = CARTESIAN_POINT ( 'NONE',  ( -1.734723475976804925E-15, 0.4500000000000000111, 0.000000000000000000 ) ) ;
#8094 = PLANE ( 'NONE',  #4317 ) ;
#8095 = DIRECTION ( 'NONE',  ( 0.000000000000000000, -1.000000000000000000, 0.000000000000000000 ) ) ;
#8096 = LINE ( 'NONE', #1767, #3101 ) ;
#8097 = DIRECTION ( 'NONE',  ( 8.850629979473508477E-17, 1.000000000000000000, 0.000000000000000000 ) ) ;
#8098 = VECTOR ( 'NONE', #1936, 1000.000000000000000 ) ;
#8099 = EDGE_CURVE ( 'NONE', #366, #3560, #6392, .T. ) ;
#8100 = EDGE_CURVE ( 'NONE', #7754, #1837, #6530, .T. ) ;
#8101 = MANIFOLD_SOLID_BREP ( 'NONE', #4013 ) ;
#8102 = DIRECTION ( 'NONE',  ( 0.000000000000000000, 0.000000000000000000, 1.000000000000000000 ) ) ;
#8103 = AXIS2_PLACEMENT_3D ( 'NONE', #8980, #7466, #3906 ) ;
#8104 = CARTESIAN_POINT ( 'NONE',  ( -4.899999999999999467, 1.449484536082480179, -5.799999999999999822 ) ) ;
#8105 = ADVANCED_FACE ( 'NONE', ( #1004 ), #2246, .T. ) ;
#8106 = CARTESIAN_POINT ( 'NONE',  ( -4.899999999999999467, 4.349484536082480091, -7.400000000000000355 ) ) ;
#8107 = VERTEX_POINT ( 'NONE', #397 ) ;
#8108 = CYLINDRICAL_SURFACE ( 'NONE', #7518, 0.6500000000000000222 ) ;
#8109 = CARTESIAN_POINT ( 'NONE',  ( -0.7500000000000000000, -5.549999999999999822, -1.350000000000000089 ) ) ;
#8110 = ORIENTED_EDGE ( 'NONE', *, *, #4954, .F. ) ;
#8111 = AXIS2_PLACEMENT_3D ( 'NONE', #3710, #8654, #3759 ) ;
#8112 = PRODUCT_DEFINITION_CONTEXT ( 'detailed design', #8649, 'design' ) ;
#8113 = VERTEX_POINT ( 'NONE', #963 ) ;
#8114 = ADVANCED_FACE ( 'NONE', ( #225 ), #3157, .F. ) ;
#8115 = ORIENTED_EDGE ( 'NONE', *, *, #5795, .T. ) ;
#8116 = ORIENTED_EDGE ( 'NONE', *, *, #4979, .F. ) ;
#8117 = DIRECTION ( 'NONE',  ( 0.000000000000000000, -1.000000000000000000, 0.000000000000000000 ) ) ;
#8118 = EDGE_CURVE ( 'NONE', #3858, #2800, #5907, .T. ) ;
#8119 = VECTOR ( 'NONE', #5370, 1000.000000000000000 ) ;
#8120 = CARTESIAN_POINT ( 'NONE',  ( -1.249999999999996669, 18.89999999999999858, 3.152565349772895154 ) ) ;
#8121 = DIRECTION ( 'NONE',  ( 0.000000000000000000, 3.614007241618350250E-16, -1.000000000000000000 ) ) ;
#8122 = ORIENTED_EDGE ( 'NONE', *, *, #3892, .T. ) ;
#8123 = VERTEX_POINT ( 'NONE', #8060 ) ;
#8124 = ORIENTED_EDGE ( 'NONE', *, *, #3976, .F. ) ;
#8125 = VECTOR ( 'NONE', #7173, 1000.000000000000000 ) ;
#8126 = DIRECTION ( 'NONE',  ( 1.000000000000000000, 0.000000000000000000, 0.000000000000000000 ) ) ;
#8127 = FACE_OUTER_BOUND ( 'NONE', #7993, .T. ) ;
#8128 = VERTEX_POINT ( 'NONE', #5932 ) ;
#8129 = AXIS2_PLACEMENT_3D ( 'NONE', #1978, #4608, #3360 ) ;
#8130 = CARTESIAN_POINT ( 'NONE',  ( -0.7967663502707699186, 21.69999999999999929, -1.604700010220585060 ) ) ;
#8131 = ORIENTED_EDGE ( 'NONE', *, *, #8100, .F. ) ;
#8132 = CARTESIAN_POINT ( 'NONE',  ( -1.565936075841835029, 18.89999999999999858, -3.517150011924015107 ) ) ;
#8133 = ORIENTED_EDGE ( 'NONE', *, *, #48, .F. ) ;
#8134 = EDGE_CURVE ( 'NONE', #3049, #7883, #4447, .T. ) ;
#8135 = VECTOR ( 'NONE', #1784, 1000.000000000000000 ) ;
#8136 = EDGE_LOOP ( 'NONE', ( #2720, #5939, #3668, #6497 ) ) ;
#8137 = CARTESIAN_POINT ( 'NONE',  ( 3.673940397442059868E-16, -6.000000000000005329, -3.000000000000000000 ) ) ;
#8138 = AXIS2_PLACEMENT_3D ( 'NONE', #4944, #1527, #3605 ) ;
#8139 = PLANE ( 'NONE',  #2021 ) ;
#8140 = DIRECTION ( 'NONE',  ( 0.000000000000000000, 1.000000000000000000, 0.000000000000000000 ) ) ;
#8141 = DIRECTION ( 'NONE',  ( -1.000000000000000000, 0.000000000000000000, 0.000000000000000000 ) ) ;
#8142 = DIRECTION ( 'NONE',  ( 0.000000000000000000, 0.000000000000000000, 1.000000000000000000 ) ) ;
#8143 = CARTESIAN_POINT ( 'NONE',  ( 1.479999999999999982, 21.50000000000000000, 0.8499999999999999778 ) ) ;
#8144 = FACE_OUTER_BOUND ( 'NONE', #51, .T. ) ;
#8145 = AXIS2_PLACEMENT_3D ( 'NONE', #7564, #6859, #557 ) ;
#8146 = LINE ( 'NONE', #2427, #3240 ) ;
#8147 = VECTOR ( 'NONE', #1156, 1000.000000000000000 ) ;
#8148 = CARTESIAN_POINT ( 'NONE',  ( 3.100000000000000089, -0.5505154639175199316, 0.4000000000000000222 ) ) ;
#8149 = DIRECTION ( 'NONE',  ( -1.000000000000000000, -8.850629979473508477E-17, 0.000000000000000000 ) ) ;
#8150 = ORIENTED_EDGE ( 'NONE', *, *, #8026, .T. ) ;
#8151 = DIRECTION ( 'NONE',  ( -1.000000000000000000, 0.000000000000000000, 0.000000000000000000 ) ) ;
#8152 = ADVANCED_FACE ( 'NONE', ( #1694 ), #6705, .T. ) ;
#8153 = CARTESIAN_POINT ( 'NONE',  ( -0.5000000000000000000, 21.49999999999999645, 1.500000000000000000 ) ) ;
#8154 = VECTOR ( 'NONE', #3672, 1000.000000000000000 ) ;
#8155 = VERTEX_POINT ( 'NONE', #8828 ) ;
#8156 = VECTOR ( 'NONE', #5878, 1000.000000000000000 ) ;
#8157 = ORIENTED_EDGE ( 'NONE', *, *, #2752, .T. ) ;
#8158 = EDGE_LOOP ( 'NONE', ( #6165, #62 ) ) ;
#8159 = DIRECTION ( 'NONE',  ( 0.000000000000000000, 1.000000000000000000, 0.000000000000000000 ) ) ;
#8160 = CARTESIAN_POINT ( 'NONE',  ( 4.500000000000000000, -7.582039682415640099E-16, 8.691935007006809980E-15 ) ) ;
#8161 = DIRECTION ( 'NONE',  ( 0.000000000000000000, 0.000000000000000000, -1.000000000000000000 ) ) ;
#8162 = EDGE_CURVE ( 'NONE', #9008, #1307, #2514, .T. ) ;
#8163 = LINE ( 'NONE', #1832, #5163 ) ;
#8164 = VECTOR ( 'NONE', #5468, 1000.000000000000000 ) ;
#8165 = ORIENTED_EDGE ( 'NONE', *, *, #5604, .T. ) ;
#8166 = ORIENTED_EDGE ( 'NONE', *, *, #7161, .F. ) ;
#8167 = EDGE_CURVE ( 'NONE', #3216, #5342, #8657, .T. ) ;
#8168 = VECTOR ( 'NONE', #533, 1000.000000000000000 ) ;
#8169 = ORIENTED_EDGE ( 'NONE', *, *, #6857, .T. ) ;
#8170 = DIRECTION ( 'NONE',  ( 0.000000000000000000, 0.000000000000000000, 1.000000000000000000 ) ) ;
#8171 = CARTESIAN_POINT ( 'NONE',  ( 3.673940397442059868E-16, 18.50000000000000000, -3.000000000000000000 ) ) ;
#8172 = EDGE_LOOP ( 'NONE', ( #5821, #5051, #6681, #919 ) ) ;
#8173 = DIRECTION ( 'NONE',  ( -0.000000000000000000, -1.000000000000000000, -0.000000000000000000 ) ) ;
#8174 = EDGE_LOOP ( 'NONE', ( #1935, #1064, #3079, #2207 ) ) ;
#8175 = EDGE_CURVE ( 'NONE', #5504, #2303, #5975, .T. ) ;
#8176 = ORIENTED_EDGE ( 'NONE', *, *, #8186, .T. ) ;
#8177 = DIRECTION ( 'NONE',  ( 0.000000000000000000, 0.000000000000000000, 1.000000000000000000 ) ) ;
#8178 = DIRECTION ( 'NONE',  ( -1.931541112668180039E-15, 1.551245237481414839E-31, 1.000000000000000000 ) ) ;
#8179 = LINE ( 'NONE', #1035, #4300 ) ;
#8180 = CARTESIAN_POINT ( 'NONE',  ( -0.5000000000000000000, -0.6408712114635670698, 0.5000000000000000000 ) ) ;
#8181 = FACE_OUTER_BOUND ( 'NONE', #3236, .T. ) ;
#8182 = ORIENTED_EDGE ( 'NONE', *, *, #4626, .F. ) ;
#8183 = DIRECTION ( 'NONE',  ( 1.000000000000000000, 0.000000000000000000, 0.000000000000000000 ) ) ;
#8184 = DIRECTION ( 'NONE',  ( 0.000000000000000000, 0.000000000000000000, 1.000000000000000000 ) ) ;
#8185 = CARTESIAN_POINT ( 'NONE',  ( -0.2999999999999942712, 21.69999999999999929, 2.299999999999999822 ) ) ;
#8186 = EDGE_CURVE ( 'NONE', #4966, #8066, #5287, .T. ) ;
#8187 = DIRECTION ( 'NONE',  ( 8.850629979473508477E-17, 1.000000000000000000, 0.000000000000000000 ) ) ;
#8188 = EDGE_CURVE ( 'NONE', #5979, #8253, #8146, .T. ) ;
#8189 = PLANE ( 'NONE',  #2332 ) ;
#8190 = ORIENTED_EDGE ( 'NONE', *, *, #1443, .T. ) ;
#8191 = DIRECTION ( 'NONE',  ( -0.000000000000000000, 1.000000000000000000, -0.000000000000000000 ) ) ;
#8192 = DIRECTION ( 'NONE',  ( 0.000000000000000000, -1.000000000000000000, 0.000000000000000000 ) ) ;
#8193 = EDGE_CURVE ( 'NONE', #4465, #699, #3028, .T. ) ;
#8194 = VERTEX_POINT ( 'NONE', #1728 ) ;
#8195 = EDGE_CURVE ( 'NONE', #6765, #4419, #6635, .T. ) ;
#8196 = ORIENTED_EDGE ( 'NONE', *, *, #6267, .T. ) ;
#8197 = VERTEX_POINT ( 'NONE', #5200 ) ;
#8198 = LINE ( 'NONE', #1870, #3115 ) ;
#8199 = LINE ( 'NONE', #8847, #1174 ) ;
#8200 = CARTESIAN_POINT ( 'NONE',  ( -4.899999999999999467, 2.449484536082480179, 0.4000000000000000222 ) ) ;
#8201 = VECTOR ( 'NONE', #1270, 1000.000000000000000 ) ;
#8202 = DIRECTION ( 'NONE',  ( -1.000000000000000000, 0.000000000000000000, 0.000000000000000000 ) ) ;
#8203 = ORIENTED_EDGE ( 'NONE', *, *, #2733, .T. ) ;
#8204 = EDGE_CURVE ( 'NONE', #7609, #7659, #5885, .T. ) ;
#8205 = ORIENTED_EDGE ( 'NONE', *, *, #4727, .T. ) ;
#8206 = DIRECTION ( 'NONE',  ( 0.000000000000000000, 0.000000000000000000, 1.000000000000000000 ) ) ;
#8207 = ADVANCED_BREP_SHAPE_REPRESENTATION ( '', ( #7965, #2053, #1962, #4942, #7110 ), #2393 ) ;
#8208 = VECTOR ( 'NONE', #1034, 1000.000000000000000 ) ;
#8209 = ADVANCED_FACE ( 'NONE', ( #1640, #3072, #8702, #2381, #8018 ), #7364, .T. ) ;
#8210 = EDGE_LOOP ( 'NONE', ( #6020, #7601, #1188, #4838 ) ) ;
#8211 = CARTESIAN_POINT ( 'NONE',  ( 3.250000000000000000, 0.4000000000000000222, 1.000000000000000000 ) ) ;
#8212 = ORIENTED_EDGE ( 'NONE', *, *, #4291, .T. ) ;
#8213 = CARTESIAN_POINT ( 'NONE',  ( 0.5000000000000000000, 20.89999999999999858, 1.500000000000000000 ) ) ;
#8214 = CARTESIAN_POINT ( 'NONE',  ( 1.899999999999999911, -2.700000000000000178, 0.1000000000000000056 ) ) ;
#8215 = CARTESIAN_POINT ( 'NONE',  ( -4.400000000000000355, -5.150000000000000355, 5.000000000000000000 ) ) ;
#8216 = ADVANCED_FACE ( 'NONE', ( #442 ), #629, .F. ) ;
#8217 = ORIENTED_EDGE ( 'NONE', *, *, #6462, .F. ) ;
#8218 = AXIS2_PLACEMENT_3D ( 'NONE', #8618, #7661, #2293 ) ;
#8219 = CARTESIAN_POINT ( 'NONE',  ( -1.734723475976804925E-15, 0.4500000000000000111, 1.800000000000000044 ) ) ;
#8220 = ORIENTED_EDGE ( 'NONE', *, *, #7751, .F. ) ;
#8221 = AXIS2_PLACEMENT_3D ( 'NONE', #1729, #2248, #3804 ) ;
#8222 = EDGE_CURVE ( 'NONE', #6171, #2010, #3980, .T. ) ;
#8223 = ORIENTED_EDGE ( 'NONE', *, *, #7657, .F. ) ;
#8224 = CARTESIAN_POINT ( 'NONE',  ( 4.500000000000000000, 1.349484536082480091, 0.4000000000000000222 ) ) ;
#8225 = DIRECTION ( 'NONE',  ( 0.000000000000000000, 1.000000000000000000, 0.000000000000000000 ) ) ;
#8226 = LINE ( 'NONE', #7627, #4763 ) ;
#8227 = ADVANCED_FACE ( 'NONE', ( #7680, #1269, #6840, #6793, #6749, #538 ), #9014, .F. ) ;
#8228 = LINE ( 'NONE', #4707, #1392 ) ;
#8229 = LINE ( 'NONE', #1168, #383 ) ;
#8230 = VERTEX_POINT ( 'NONE', #3336 ) ;
#8231 = FACE_OUTER_BOUND ( 'NONE', #8945, .T. ) ;
#8232 = CARTESIAN_POINT ( 'NONE',  ( 4.500000000000000000, 4.349484536082480091, -4.299999999999999822 ) ) ;
#8233 = CARTESIAN_POINT ( 'NONE',  ( 0.000000000000000000, -6.500000000000002665, 0.000000000000000000 ) ) ;
#8234 = CARTESIAN_POINT ( 'NONE',  ( -4.899999999999999467, 4.349484536082480091, -4.299999999999999822 ) ) ;
#8235 = DIRECTION ( 'NONE',  ( 0.000000000000000000, 1.000000000000000000, 0.000000000000000000 ) ) ;
#8236 = DIRECTION ( 'NONE',  ( 0.000000000000000000, 0.000000000000000000, -1.000000000000000000 ) ) ;
#8237 = PLANE ( 'NONE',  #4581 ) ;
#8238 = EDGE_LOOP ( 'NONE', ( #7386, #3173 ) ) ;
#8239 = LINE ( 'NONE', #4724, #2806 ) ;
#8240 = CARTESIAN_POINT ( 'NONE',  ( 1.000000000000000000, 3.804101966249689770, 4.299999999999999822 ) ) ;
#8241 = ORIENTED_EDGE ( 'NONE', *, *, #7243, .T. ) ;
#8242 = VECTOR ( 'NONE', #7381, 1000.000000000000000 ) ;
#8243 = VECTOR ( 'NONE', #7158, 1000.000000000000000 ) ;
#8244 = ORIENTED_EDGE ( 'NONE', *, *, #7517, .T. ) ;
#8245 = ORIENTED_EDGE ( 'NONE', *, *, #4116, .F. ) ;
#8246 = PLANE ( 'NONE',  #5331 ) ;
#8247 = EDGE_CURVE ( 'NONE', #1615, #4062, #3542, .T. ) ;
#8248 = CARTESIAN_POINT ( 'NONE',  ( -4.500000000000000000, -3.950515463917519732, -5.299999999999999822 ) ) ;
#8249 = CARTESIAN_POINT ( 'NONE',  ( -0.5000000000000000000, 21.69999999999999929, 2.299999999999999822 ) ) ;
#8250 = DIRECTION ( 'NONE',  ( 1.000000000000000000, -2.491288438666615119E-16, 0.000000000000000000 ) ) ;
#8251 = AXIS2_PLACEMENT_3D ( 'NONE', #634, #3440, #6249 ) ;
#8252 = VERTEX_POINT ( 'NONE', #4114 ) ;
#8253 = VERTEX_POINT ( 'NONE', #9059 ) ;
#8254 = AXIS2_PLACEMENT_3D ( 'NONE', #4133, #1972, #1193 ) ;
#8255 = ORIENTED_EDGE ( 'NONE', *, *, #2337, .T. ) ;
#8256 = VECTOR ( 'NONE', #4853, 999.9999999999998863 ) ;
#8257 = VERTEX_POINT ( 'NONE', #8185 ) ;
#8258 = CARTESIAN_POINT ( 'NONE',  ( 3.674999999999999822, 3.649484536082480357, -1.600000000000000089 ) ) ;
#8259 = CARTESIAN_POINT ( 'NONE',  ( 3.000000000000000000, 4.649999999999999467, 5.599999999999999645 ) ) ;
#8260 = CARTESIAN_POINT ( 'NONE',  ( 0.000000000000000000, 0.9499999999999999556, 0.000000000000000000 ) ) ;
#8261 = AXIS2_PLACEMENT_3D ( 'NONE', #6244, #8283, #1951 ) ;
#8262 = ORIENTED_EDGE ( 'NONE', *, *, #6905, .T. ) ;
#8263 = ADVANCED_FACE ( 'NONE', ( #492 ), #2697, .T. ) ;
#8264 = CARTESIAN_POINT ( 'NONE',  ( -0.5000000000000000000, -2.050000000000000266, 0.5000000000000000000 ) ) ;
#8265 = VERTEX_POINT ( 'NONE', #581 ) ;
#8266 = TOROIDAL_SURFACE ( 'NONE', #2218, 0.1500000000000000500, 0.2000000000000000111 ) ;
#8267 = ADVANCED_FACE ( 'NONE', ( #7589 ), #6882, .T. ) ;
#8268 = AXIS2_PLACEMENT_3D ( 'NONE', #676, #3482, #6291 ) ;
#8269 = ORIENTED_EDGE ( 'NONE', *, *, #2566, .T. ) ;
#8270 = DIRECTION ( 'NONE',  ( 0.000000000000000000, 1.000000000000000000, 0.000000000000000000 ) ) ;
#8271 = CARTESIAN_POINT ( 'NONE',  ( -4.400000000000000355, -5.950000000000000178, 5.000000000000000000 ) ) ;
#8272 = PLANE ( 'NONE',  #1521 ) ;
#8273 = LINE ( 'NONE', #3471, #3015 ) ;
#8274 = CARTESIAN_POINT ( 'NONE',  ( -0.7500000000000000000, -6.700000000000000178, 0.000000000000000000 ) ) ;
#8275 = ORIENTED_EDGE ( 'NONE', *, *, #3044, .F. ) ;
#8276 = DIRECTION ( 'NONE',  ( 1.000000000000000000, -2.491288438666615119E-16, 0.000000000000000000 ) ) ;
#8277 = ADVANCED_FACE ( 'NONE', ( #1858 ), #3431, .F. ) ;
#8278 = CARTESIAN_POINT ( 'NONE',  ( 2.500000000000000000, -6.700000000000000178, -1.350000000000000089 ) ) ;
#8279 = EDGE_LOOP ( 'NONE', ( #3773, #333, #3930, #8122, #5185, #7837 ) ) ;
#8280 = AXIS2_PLACEMENT_3D ( 'NONE', #412, #7465, #1828 ) ;
#8281 = EDGE_CURVE ( 'NONE', #2213, #3900, #8967, .T. ) ;
#8282 = AXIS2_PLACEMENT_3D ( 'NONE', #1256, #1164, #571 ) ;
#8283 = DIRECTION ( 'NONE',  ( -1.279449633548069972E-31, 1.445602896647340100E-15, 1.000000000000000000 ) ) ;
#8284 = CARTESIAN_POINT ( 'NONE',  ( -4.899999999999999467, -3.950515463917519732, -4.299999999999999822 ) ) ;
#8285 = DIRECTION ( 'NONE',  ( 0.000000000000000000, -1.000000000000000000, 1.018148511238941979E-16 ) ) ;
#8286 = LINE ( 'NONE', #7731, #6302 ) ;
#8287 = CARTESIAN_POINT ( 'NONE',  ( -1.000000000000000000, 4.426179070414215211, 2.500000000000000000 ) ) ;
#8288 = CARTESIAN_POINT ( 'NONE',  ( -2.500942654747428495, -6.168240255161267172, 1.331759744838733939 ) ) ;
#8289 = UNCERTAINTY_MEASURE_WITH_UNIT (LENGTH_MEASURE( 1.000000000000000082E-05 ), #7495, 'distance_accuracy_value', 'NONE');
#8290 = ORIENTED_EDGE ( 'NONE', *, *, #6462, .T. ) ;
#8291 = ADVANCED_FACE ( 'NONE', ( #2560 ), #5460, .T. ) ;
#8292 = EDGE_LOOP ( 'NONE', ( #3332, #6779, #4978, #1986, #2543, #2431, #191 ) ) ;
#8293 = VERTEX_POINT ( 'NONE', #5552 ) ;
#8294 = FACE_OUTER_BOUND ( 'NONE', #1568, .T. ) ;
#8295 = LINE ( 'NONE', #3945, #1467 ) ;
#8296 = CARTESIAN_POINT ( 'NONE',  ( -0.4000000000000000222, -6.400000000000000355, -1.350000000000000089 ) ) ;
#8297 = AXIS2_PLACEMENT_3D ( 'NONE', #5519, #2758, #3491 ) ;
#8298 = CARTESIAN_POINT ( 'NONE',  ( 3.000000000000000000, 4.649999999999999467, 5.000000000000000000 ) ) ;
#8299 = ORIENTED_EDGE ( 'NONE', *, *, #6929, .T. ) ;
#8300 = VECTOR ( 'NONE', #5925, 1000.000000000000000 ) ;
#8301 = ORIENTED_EDGE ( 'NONE', *, *, #4541, .T. ) ;
#8302 = PRODUCT_DEFINITION ( 'UNKNOWN', '', #5211, #2656 ) ;
#8303 = ORIENTED_EDGE ( 'NONE', *, *, #5061, .T. ) ;
#8304 = VERTEX_POINT ( 'NONE', #7545 ) ;
#8305 = AXIS2_PLACEMENT_3D ( 'NONE', #7427, #462, #7560 ) ;
#8306 = CARTESIAN_POINT ( 'NONE',  ( -2.600000000000000089, 4.049484536082480268, -5.299999999999999822 ) ) ;
#8307 = CARTESIAN_POINT ( 'NONE',  ( -4.899999999999999467, -3.950515463917519732, -4.299999999999999822 ) ) ;
#8308 = CARTESIAN_POINT ( 'NONE',  ( 4.500000000000000000, 2.449484536082480179, -4.299999999999999822 ) ) ;
#8309 = VERTEX_POINT ( 'NONE', #5507 ) ;
#8310 = DIRECTION ( 'NONE',  ( 8.850629979473508477E-17, 1.000000000000000000, 0.000000000000000000 ) ) ;
#8311 = ORIENTED_EDGE ( 'NONE', *, *, #4262, .F. ) ;
#8312 = VECTOR ( 'NONE', #1448, 1000.000000000000000 ) ;
#8313 = ADVANCED_FACE ( 'NONE', ( #1900 ), #4765, .T. ) ;
#8314 = VECTOR ( 'NONE', #2559, 1000.000000000000000 ) ;
#8315 = VERTEX_POINT ( 'NONE', #2602 ) ;
#8316 = EDGE_CURVE ( 'NONE', #6592, #5891, #1221, .T. ) ;
#8317 = DIRECTION ( 'NONE',  ( 1.000000000000000000, 8.850629979473508477E-17, 0.000000000000000000 ) ) ;
#8318 = LINE ( 'NONE', #8271, #8800 ) ;
#8319 = DIRECTION ( 'NONE',  ( -0.000000000000000000, -1.000000000000000000, -0.000000000000000000 ) ) ;
#8320 = DIRECTION ( 'NONE',  ( -0.000000000000000000, -1.000000000000000000, -0.000000000000000000 ) ) ;
#8321 = PLANE ( 'NONE',  #1998 ) ;
#8322 = ORIENTED_EDGE ( 'NONE', *, *, #7087, .T. ) ;
#8323 = FACE_OUTER_BOUND ( 'NONE', #1300, .T. ) ;
#8324 = ORIENTED_EDGE ( 'NONE', *, *, #3517, .F. ) ;
#8325 = ADVANCED_FACE ( 'NONE', ( #8326 ), #8552, .T. ) ;
#8326 = FACE_OUTER_BOUND ( 'NONE', #2363, .T. ) ;
#8327 = DIRECTION ( 'NONE',  ( 0.000000000000000000, 0.000000000000000000, 1.000000000000000000 ) ) ;
#8328 = CARTESIAN_POINT ( 'NONE',  ( 4.899999999999999467, 4.349484536082480091, -4.299999999999999822 ) ) ;
#8329 = CARTESIAN_POINT ( 'NONE',  ( 0.4500000000000000111, -3.020950878361714942, 2.500000000000000000 ) ) ;
#8330 = ORIENTED_EDGE ( 'NONE', *, *, #6925, .F. ) ;
#8331 = DIRECTION ( 'NONE',  ( -2.710505431213760099E-16, -1.000000000000000000, -3.559366888705205049E-31 ) ) ;
#8332 = EDGE_CURVE ( 'NONE', #5755, #2800, #1483, .T. ) ;
#8333 = CARTESIAN_POINT ( 'NONE',  ( -1.734723475976804925E-15, 0.4500000000000000111, 2.500000000000000000 ) ) ;
#8334 = VECTOR ( 'NONE', #3069, 1000.000000000000000 ) ;
#8335 = PRODUCT ( 'PT01-D_SHELL', 'PT01-D_SHELL', '', ( #7295 ) ) ;
#8336 = VERTEX_POINT ( 'NONE', #855 ) ;
#8337 = ORIENTED_EDGE ( 'NONE', *, *, #1465, .T. ) ;
#8338 = CARTESIAN_POINT ( 'NONE',  ( -4.500000000000000000, -2.450515463917519732, 0.4000000000000000222 ) ) ;
#8339 = ORIENTED_EDGE ( 'NONE', *, *, #2462, .F. ) ;
#8340 = CARTESIAN_POINT ( 'NONE',  ( 0.000000000000000000, -6.400000000000000355, -1.350000000000000089 ) ) ;
#8341 = LINE ( 'NONE', #6029, #5594 ) ;
#8342 = DIRECTION ( 'NONE',  ( -1.000000000000000000, 7.211624427719189705E-17, 0.000000000000000000 ) ) ;
#8343 = EDGE_CURVE ( 'NONE', #6208, #4698, #166, .T. ) ;
#8344 = LINE ( 'NONE', #5427, #5449 ) ;
#8345 = VERTEX_POINT ( 'NONE', #2234 ) ;
#8346 = ORIENTED_EDGE ( 'NONE', *, *, #8004, .T. ) ;
#8347 = CIRCLE ( 'NONE', #7912, 4.100000000000000533 ) ;
#8348 = VERTEX_POINT ( 'NONE', #716 ) ;
#8350 = DIRECTION ( 'NONE',  ( 1.121588454295350027E-16, -1.000000000000000000, 0.000000000000000000 ) ) ;
#8349 = APPLICATION_CONTEXT ( 'automotive_design' ) ;
#8351 = LINE ( 'NONE', #6577, #2176 ) ;
#8352 = CARTESIAN_POINT ( 'NONE',  ( -2.600000000000000089, 2.849484536082479647, -5.299999999999999822 ) ) ;
#8353 = ORIENTED_EDGE ( 'NONE', *, *, #7047, .T. ) ;
#8354 = LINE ( 'NONE', #6867, #6318 ) ;
#8355 = VERTEX_POINT ( 'NONE', #8418 ) ;
#8356 = VECTOR ( 'NONE', #7671, 1000.000000000000000 ) ;
#8357 = VERTEX_POINT ( 'NONE', #5646 ) ;
#8358 = DIRECTION ( 'NONE',  ( 0.000000000000000000, 0.000000000000000000, -1.000000000000000000 ) ) ;
#8359 = DIRECTION ( 'NONE',  ( -1.734723475976804876E-16, 1.000000000000000000, 0.000000000000000000 ) ) ;
#8360 = AXIS2_PLACEMENT_3D ( 'NONE', #433, #3421, #2636 ) ;
#8361 = DIRECTION ( 'NONE',  ( -1.606225440719264641E-16, -1.000000000000000000, -3.102490474962830116E-31 ) ) ;
#8362 = EDGE_CURVE ( 'NONE', #2852, #3208, #3977, .T. ) ;
#8363 = LINE ( 'NONE', #6188, #7298 ) ;
#8364 = CARTESIAN_POINT ( 'NONE',  ( 3.600000000000000089, 5.150000000000000355, 5.000000000000000000 ) ) ;
#8365 = ORIENTED_EDGE ( 'NONE', *, *, #1768, .F. ) ;
#8366 = FACE_OUTER_BOUND ( 'NONE', #1516, .T. ) ;
#8367 = SURFACE_SIDE_STYLE ('',( #6240 ) ) ;
#8368 = EDGE_LOOP ( 'NONE', ( #7423, #7702, #8182, #5158, #2059 ) ) ;
#8369 = AXIS2_PLACEMENT_3D ( 'NONE', #8259, #6727, #7615 ) ;
#8370 = VECTOR ( 'NONE', #7366, 1000.000000000000000 ) ;
#8371 = CARTESIAN_POINT ( 'NONE',  ( 3.250000000000000000, -5.549999999999999822, 1.000000000000000000 ) ) ;
#8372 = DIRECTION ( 'NONE',  ( 1.000000000000000000, -0.000000000000000000, -0.000000000000000000 ) ) ;
#8373 = CARTESIAN_POINT ( 'NONE',  ( 0.000000000000000000, 0.000000000000000000, 0.5000000000000000000 ) ) ;
#8374 = CARTESIAN_POINT ( 'NONE',  ( -2.899999999999999911, -6.400000000000000355, 0.000000000000000000 ) ) ;
#8375 = ORIENTED_EDGE ( 'NONE', *, *, #7666, .T. ) ;
#8376 = CARTESIAN_POINT ( 'NONE',  ( 0.7500000000000000000, -6.400000000000000355, 1.000000000000000000 ) ) ;
#8377 = FACE_OUTER_BOUND ( 'NONE', #5162, .T. ) ;
#8378 = EDGE_CURVE ( 'NONE', #294, #2914, #7767, .T. ) ;
#8379 = UNCERTAINTY_MEASURE_WITH_UNIT (LENGTH_MEASURE( 1.000000000000000082E-05 ), #3632, 'distance_accuracy_value', 'NONE');
#8380 = ORIENTED_EDGE ( 'NONE', *, *, #4312, .F. ) ;
#8381 = EDGE_CURVE ( 'NONE', #1489, #4271, #1913, .T. ) ;
#8382 = DIRECTION ( 'NONE',  ( 0.000000000000000000, 0.000000000000000000, 1.000000000000000000 ) ) ;
#8383 = VERTEX_POINT ( 'NONE', #766 ) ;
#8384 = DIRECTION ( 'NONE',  ( 0.000000000000000000, 0.000000000000000000, 1.000000000000000000 ) ) ;
#8385 = ORIENTED_EDGE ( 'NONE', *, *, #1310, .T. ) ;
#8386 = PLANE ( 'NONE',  #4728 ) ;
#8387 = PLANE ( 'NONE',  #2589 ) ;
#8388 = CARTESIAN_POINT ( 'NONE',  ( 4.500000000000000000, -2.550515463917519821, -5.899999999999999467 ) ) ;
#8389 = DIRECTION ( 'NONE',  ( 0.000000000000000000, 0.000000000000000000, -1.000000000000000000 ) ) ;
#8390 = EDGE_LOOP ( 'NONE', ( #3130, #5518, #1322, #1215 ) ) ;
#8391 = EDGE_CURVE ( 'NONE', #4505, #5635, #2143, .T. ) ;
#8392 = EDGE_CURVE ( 'NONE', #8625, #1307, #4337, .T. ) ;
#8393 = EDGE_LOOP ( 'NONE', ( #9011, #8401, #246, #2480, #2996, #3531, #1670, #868, #6178, #8962, #5766, #5442 ) ) ;
#8394 = ORIENTED_EDGE ( 'NONE', *, *, #6410, .F. ) ;
#8395 = LINE ( 'NONE', #4839, #2670 ) ;
#8396 = CIRCLE ( 'NONE', #6906, 0.6500000000000000222 ) ;
#8397 = CARTESIAN_POINT ( 'NONE',  ( -1.899999999999999911, -2.700000000000000178, 0.000000000000000000 ) ) ;
#8398 = CARTESIAN_POINT ( 'NONE',  ( 4.500000000000000000, 0.4494845360824785141, -5.799999999999999822 ) ) ;
#8399 = ORIENTED_EDGE ( 'NONE', *, *, #5275, .F. ) ;
#8400 = LINE ( 'NONE', #2080, #6901 ) ;
#8401 = ORIENTED_EDGE ( 'NONE', *, *, #5432, .T. ) ;
#8402 = VECTOR ( 'NONE', #8709, 1000.000000000000000 ) ;
#8403 = AXIS2_PLACEMENT_3D ( 'NONE', #3274, #1755, #8953 ) ;
#8404 = EDGE_LOOP ( 'NONE', ( #2081, #7142, #4303, #7725 ) ) ;
#8405 = CARTESIAN_POINT ( 'NONE',  ( -4.899999999999999467, 4.349484536082480091, 0.4000000000000000222 ) ) ;
#8406 = VECTOR ( 'NONE', #1311, 1000.000000000000000 ) ;
#8407 = DIRECTION ( 'NONE',  ( 0.000000000000000000, 0.000000000000000000, -1.000000000000000000 ) ) ;
#8408 = DIRECTION ( 'NONE',  ( -1.000000000000000000, 0.000000000000000000, 0.000000000000000000 ) ) ;
#8409 = VECTOR ( 'NONE', #3890, 1000.000000000000000 ) ;
#8411 = CARTESIAN_POINT ( 'NONE',  ( -0.7500000000000000000, -5.549999999999999822, 1.000000000000000000 ) ) ;
#8410 = PRODUCT ( 'Part4', 'Part4', '', ( #926 ) ) ;
#8412 = CARTESIAN_POINT ( 'NONE',  ( 1.565936075841833919, 18.89999999999999858, -3.517150011924013775 ) ) ;
#8413 = ORIENTED_EDGE ( 'NONE', *, *, #2450, .F. ) ;
#8414 = CARTESIAN_POINT ( 'NONE',  ( 3.600000000000000089, 5.950000000000000178, 0.000000000000000000 ) ) ;
#8415 = CARTESIAN_POINT ( 'NONE',  ( 4.500000000000000000, -3.550515463917519821, -6.400000000000000355 ) ) ;
#8416 = VERTEX_POINT ( 'NONE', #2281 ) ;
#8417 = AXIS2_PLACEMENT_3D ( 'NONE', #2950, #6627, #5165 ) ;
#8418 = CARTESIAN_POINT ( 'NONE',  ( -4.500000000000000000, 4.349484536082480091, -4.350361217098084964E-15 ) ) ;
#8419 = CARTESIAN_POINT ( 'NONE',  ( -1.750000000000000000, -5.549999999999999822, -1.350000000000000089 ) ) ;
#8420 = CARTESIAN_POINT ( 'NONE',  ( 4.598116167910890617, 0.4494845360824785141, -7.662869739802279589 ) ) ;
#8421 = LINE ( 'NONE', #2099, #7980 ) ;
#8422 = ORIENTED_EDGE ( 'NONE', *, *, #2063, .F. ) ;
#8423 = FACE_OUTER_BOUND ( 'NONE', #5625, .T. ) ;
#8424 = CARTESIAN_POINT ( 'NONE',  ( -0.5000000000000000000, 20.89999999999999858, 2.299999999999999822 ) ) ;
#8425 = ORIENTED_EDGE ( 'NONE', *, *, #3335, .F. ) ;
#8426 = AXIS2_PLACEMENT_3D ( 'NONE', #1593, #5063, #8427 ) ;
#8427 = DIRECTION ( 'NONE',  ( 1.000000000000000000, 0.000000000000000000, 0.000000000000000000 ) ) ;
#8428 = EDGE_LOOP ( 'NONE', ( #6088, #8889, #1581, #7099, #2128, #1023, #6903, #1783 ) ) ;
#8429 = DIRECTION ( 'NONE',  ( 0.000000000000000000, 0.000000000000000000, 1.000000000000000000 ) ) ;
#8430 = ORIENTED_EDGE ( 'NONE', *, *, #4011, .F. ) ;
#8431 = DIRECTION ( 'NONE',  ( 0.000000000000000000, 0.000000000000000000, 1.000000000000000000 ) ) ;
#8432 = ADVANCED_FACE ( 'NONE', ( #4289 ), #6470, .T. ) ;
#8433 = VECTOR ( 'NONE', #4437, 1000.000000000000000 ) ;
#8434 = CARTESIAN_POINT ( 'NONE',  ( -4.500000000000000000, 0.4494845360824790137, -8.691935007006809980E-15 ) ) ;
#8435 = CARTESIAN_POINT ( 'NONE',  ( 0.4500000000000000111, 0.4500000000000000111, 2.500000000000000000 ) ) ;
#8436 = DIRECTION ( 'NONE',  ( -1.000000000000000000, 1.121588454295350027E-16, 0.000000000000000000 ) ) ;
#8437 = EDGE_LOOP ( 'NONE', ( #455, #6742, #5204, #1508 ) ) ;
#8438 = SHAPE_REPRESENTATION_RELATIONSHIP ( 'NONE' , 'NONE' ,  #5329, #4462 ) ;
#8439 = ORIENTED_EDGE ( 'NONE', *, *, #2663, .F. ) ;
#8440 = ORIENTED_EDGE ( 'NONE', *, *, #2428, .F. ) ;
#8441 = VECTOR ( 'NONE', #5754, 1000.000000000000000 ) ;
#8442 = DIRECTION ( 'NONE',  ( 1.000000000000000000, 0.000000000000000000, 0.000000000000000000 ) ) ;
#8443 = EDGE_CURVE ( 'NONE', #5986, #2650, #3834, .T. ) ;
#8444 = CARTESIAN_POINT ( 'NONE',  ( 0.000000000000000000, -0.5505154639175199316, 0.4000000000000000222 ) ) ;
#8445 = CLOSED_SHELL ( 'NONE', ( #5873, #6225, #8598, #892, #7712, #697, #2299, #971, #8209, #7332, #6860, #5496, #1961, #8675, #5905, #1662, #7975, #8459, #2683, #3389, #441, #9068, #715, #1706, #1049, #3197, #1162, #1090, #4297, #558, #404, #4093, #2127, #8313, #5900, #4232, #3301, #7156, #4448, #1792, #4617, #8681, #2496, #4353, #5067, #6471, #165, #4202, #6065, #7948, #509, #3752, #1381, #6970, #820, #4123, #5866, #3958, #658 ) ) ;
#8446 = AXIS2_PLACEMENT_3D ( 'NONE', #8960, #2639, #4850 ) ;
#8447 = VERTEX_POINT ( 'NONE', #7910 ) ;
#8448 = EDGE_CURVE ( 'NONE', #1974, #5633, #1444, .T. ) ;
#8449 = VERTEX_POINT ( 'NONE', #2885 ) ;
#8450 = AXIS2_PLACEMENT_3D ( 'NONE', #9086, #4453, #7880 ) ;
#8451 = VECTOR ( 'NONE', #2552, 1000.000000000000000 ) ;
#8452 = VERTEX_POINT ( 'NONE', #4244 ) ;
#8453 = DIRECTION ( 'NONE',  ( -1.000000000000000000, 0.000000000000000000, 0.000000000000000000 ) ) ;
#8454 = LINE ( 'NONE', #1397, #8656 ) ;
#8455 = LINE ( 'NONE', #65, #9082 ) ;
#8456 = CARTESIAN_POINT ( 'NONE',  ( -0.5000000000000000000, 2.949999999999999734, 0.000000000000000000 ) ) ;
#8457 = ORIENTED_EDGE ( 'NONE', *, *, #2221, .F. ) ;
#8458 = CARTESIAN_POINT ( 'NONE',  ( -0.7967663502707699186, 20.19999999999999929, -2.404700010220584883 ) ) ;
#8459 = ADVANCED_FACE ( 'NONE', ( #4908 ), #6428, .F. ) ;
#8460 = LINE ( 'NONE', #2141, #1331 ) ;
#8461 = ORIENTED_EDGE ( 'NONE', *, *, #5529, .T. ) ;
#8462 = CIRCLE ( 'NONE', #7726, 3.300000000000000711 ) ;
#8463 = DIRECTION ( 'NONE',  ( 0.000000000000000000, 0.000000000000000000, 1.000000000000000000 ) ) ;
#8464 = CARTESIAN_POINT ( 'NONE',  ( -1.342230922150142280, 18.89999999999999858, -3.014700010220583426 ) ) ;
#8465 = DIRECTION ( 'NONE',  ( 0.000000000000000000, 0.000000000000000000, -1.000000000000000000 ) ) ;
#8466 = CARTESIAN_POINT ( 'NONE',  ( -1.891663167769255027, 18.50000000000000000, 3.353223890482888159 ) ) ;
#8467 = CARTESIAN_POINT ( 'NONE',  ( 0.7500000000000000000, -6.700000000000000178, 1.000000000000000000 ) ) ;
#8468 = EDGE_LOOP ( 'NONE', ( #7306, #4509 ) ) ;
#8469 = CARTESIAN_POINT ( 'NONE',  ( -4.500000000000000000, 0.000000000000000000, 0.4000000000000000222 ) ) ;
#8470 = CYLINDRICAL_SURFACE ( 'NONE', #5650, 3.300000000000000266 ) ;
#8471 = VERTEX_POINT ( 'NONE', #673 ) ;
#8472 = EDGE_CURVE ( 'NONE', #3858, #1825, #6288, .T. ) ;
#8473 = DIRECTION ( 'NONE',  ( 0.000000000000000000, -1.000000000000000000, 0.000000000000000000 ) ) ;
#8474 = ORIENTED_EDGE ( 'NONE', *, *, #4438, .T. ) ;
#8475 = DIRECTION ( 'NONE',  ( 0.000000000000000000, 0.000000000000000000, -1.000000000000000000 ) ) ;
#8476 = ORIENTED_EDGE ( 'NONE', *, *, #8362, .F. ) ;
#8477 = LINE ( 'NONE', #9074, #1062 ) ;
#8478 = CARTESIAN_POINT ( 'NONE',  ( 5.238893727143790535, -1.550515463917520043, -8.400000000000000355 ) ) ;
#8479 = PLANE ( 'NONE',  #6083 ) ;
#8480 = DIRECTION ( 'NONE',  ( 0.000000000000000000, 0.000000000000000000, -1.000000000000000000 ) ) ;
#8481 = EDGE_CURVE ( 'NONE', #7259, #5697, #2927, .T. ) ;
#8482 = ORIENTED_EDGE ( 'NONE', *, *, #8624, .F. ) ;
#8483 = ORIENTED_EDGE ( 'NONE', *, *, #3350, .F. ) ;
#8484 = EDGE_CURVE ( 'NONE', #7977, #2740, #5596, .T. ) ;
#8485 = AXIS2_PLACEMENT_3D ( 'NONE', #2100, #9108, #4914 ) ;
#8486 = VERTEX_POINT ( 'NONE', #7026 ) ;
#8487 = PRODUCT_DEFINITION_SHAPE ( 'NONE', 'NONE',  #1087 ) ;
#8488 = ORIENTED_EDGE ( 'NONE', *, *, #8204, .T. ) ;
#8489 = CARTESIAN_POINT ( 'NONE',  ( 1.000000000000000000, 4.426179070414210770, 4.299999999999999822 ) ) ;
#8490 = DIRECTION ( 'NONE',  ( 8.850629979473508477E-17, 1.000000000000000000, 0.000000000000000000 ) ) ;
#8491 = VERTEX_POINT ( 'NONE', #120 ) ;
#8492 = CARTESIAN_POINT ( 'NONE',  ( -4.899999999999999467, 4.349484536082480091, -5.799999999999999822 ) ) ;
#8493 = ORIENTED_EDGE ( 'NONE', *, *, #2516, .T. ) ;
#8494 = EDGE_CURVE ( 'NONE', #2457, #5015, #5741, .T. ) ;
#8495 = VERTEX_POINT ( 'NONE', #5142 ) ;
#8496 = CARTESIAN_POINT ( 'NONE',  ( -4.500000000000000000, -5.950515463917519732, 0.4000000000000000222 ) ) ;
#8497 = EDGE_CURVE ( 'NONE', #8304, #2914, #8782, .T. ) ;
#8498 = DIRECTION ( 'NONE',  ( 0.000000000000000000, 0.000000000000000000, 1.000000000000000000 ) ) ;
#8499 = CARTESIAN_POINT ( 'NONE',  ( -4.500000000000000000, 1.449484536082480179, -6.400000000000000355 ) ) ;
#8500 = FACE_OUTER_BOUND ( 'NONE', #2368, .T. ) ;
#8501 = ORIENTED_EDGE ( 'NONE', *, *, #776, .F. ) ;
#8502 = DIRECTION ( 'NONE',  ( 0.000000000000000000, 1.000000000000000000, 0.000000000000000000 ) ) ;
#8503 = AXIS2_PLACEMENT_3D ( 'NONE', #7728, #7027, #6472 ) ;
#8504 = SURFACE_STYLE_USAGE ( .BOTH. , #8367 ) ;
#8505 = ORIENTED_EDGE ( 'NONE', *, *, #3123, .F. ) ;
#8506 = EDGE_CURVE ( 'NONE', #6803, #4783, #5190, .T. ) ;
#8507 = VECTOR ( 'NONE', #7534, 1000.000000000000000 ) ;
#8508 = CARTESIAN_POINT ( 'NONE',  ( -2.500000000000000000, -6.700000000000000178, 0.000000000000000000 ) ) ;
#8509 = ADVANCED_FACE ( 'NONE', ( #1681 ), #343, .F. ) ;
#8510 = LINE ( 'NONE', #8419, #1131 ) ;
#8511 = DIRECTION ( 'NONE',  ( 0.000000000000000000, -1.000000000000000000, 0.000000000000000000 ) ) ;
#8512 = DIRECTION ( 'NONE',  ( -1.000000000000000000, 0.000000000000000000, 0.000000000000000000 ) ) ;
#8513 = FACE_OUTER_BOUND ( 'NONE', #2321, .T. ) ;
#8514 = ORIENTED_EDGE ( 'NONE', *, *, #1172, .F. ) ;
#8515 = PLANE ( 'NONE',  #8111 ) ;
#8516 = CARTESIAN_POINT ( 'NONE',  ( 0.2999999999999942712, 21.69999999999999929, 1.500000000000000000 ) ) ;
#8517 = VECTOR ( 'NONE', #3246, 1000.000000000000000 ) ;
#8518 = ORIENTED_EDGE ( 'NONE', *, *, #5235, .T. ) ;
#8519 = DIRECTION ( 'NONE',  ( -1.000000000000000000, 0.000000000000000000, 0.000000000000000000 ) ) ;
#8520 = EDGE_LOOP ( 'NONE', ( #6516, #6076, #7909, #8223, #1869, #2490 ) ) ;
#8521 = DIRECTION ( 'NONE',  ( 0.000000000000000000, -1.000000000000000000, 0.000000000000000000 ) ) ;
#8522 = VERTEX_POINT ( 'NONE', #5276 ) ;
#8523 = DIRECTION ( 'NONE',  ( 0.000000000000000000, 1.000000000000000000, 0.000000000000000000 ) ) ;
#8524 = DIRECTION ( 'NONE',  ( 0.000000000000000000, 1.000000000000000000, 0.000000000000000000 ) ) ;
#8525 = CARTESIAN_POINT ( 'NONE',  ( -4.500000000000000000, 0.4494845360824790137, -7.400446128206090712 ) ) ;
#8526 = LINE ( 'NONE', #3673, #4408 ) ;
#8527 = LINE ( 'NONE', #4973, #2653 ) ;
#8528 = ORIENTED_EDGE ( 'NONE', *, *, #882, .F. ) ;
#8529 = ORIENTED_EDGE ( 'NONE', *, *, #2733, .F. ) ;
#8530 = VERTEX_POINT ( 'NONE', #8003 ) ;
#8531 = ADVANCED_FACE ( 'NONE', ( #4488 ), #5966, .F. ) ;
#8532 = VERTEX_POINT ( 'NONE', #6604 ) ;
#8533 = CARTESIAN_POINT ( 'NONE',  ( -2.500000000000000000, -6.400000000000000355, -1.350000000000000089 ) ) ;
#8534 = DIRECTION ( 'NONE',  ( 8.793431559996859352E-81, -1.000000000000000000, -3.439160614977204926E-33 ) ) ;
#8535 = ORIENTED_EDGE ( 'NONE', *, *, #7624, .T. ) ;
#8536 = CARTESIAN_POINT ( 'NONE',  ( -2.291287847477915030, -6.500000000000002665, 0.9999999999999920064 ) ) ;
#8537 = ORIENTED_EDGE ( 'NONE', *, *, #7407, .T. ) ;
#8538 = AXIS2_PLACEMENT_3D ( 'NONE', #8160, #5522, #2015 ) ;
#8539 = ORIENTED_EDGE ( 'NONE', *, *, #7300, .T. ) ;
#8540 = PLANE ( 'NONE',  #4446 ) ;
#8541 = CARTESIAN_POINT ( 'NONE',  ( -4.500000000000000000, 4.049484536082480268, -4.899999999999999467 ) ) ;
#8542 = EDGE_CURVE ( 'NONE', #911, #5343, #3020, .T. ) ;
#8543 = DIRECTION ( 'NONE',  ( 0.000000000000000000, 0.000000000000000000, 1.000000000000000000 ) ) ;
#8544 = LINE ( 'NONE', #1530, #5 ) ;
#8545 = EDGE_LOOP ( 'NONE', ( #7630, #515, #7345, #2611 ) ) ;
#8546 = CARTESIAN_POINT ( 'NONE',  ( -1.899999999999999911, -4.200000000000000178, 0.1000000000000000056 ) ) ;
#8547 = SURFACE_STYLE_FILL_AREA ( #852 ) ;
#8548 = EDGE_LOOP ( 'NONE', ( #1544, #2355, #5137, #2204 ) ) ;
#8549 = VECTOR ( 'NONE', #184, 1000.000000000000000 ) ;
#8550 = EDGE_CURVE ( 'NONE', #1605, #4698, #4386, .T. ) ;
#8551 = AXIS2_PLACEMENT_3D ( 'NONE', #646, #4090, #6164 ) ;
#8552 = PLANE ( 'NONE',  #2223 ) ;
#8553 = VECTOR ( 'NONE', #8276, 1000.000000000000000 ) ;
#8554 = EDGE_CURVE ( 'NONE', #7520, #7041, #994, .T. ) ;
#8555 = DIRECTION ( 'NONE',  ( -1.000000000000000000, -0.000000000000000000, -0.000000000000000000 ) ) ;
#8556 = LINE ( 'NONE', #1586, #8035 ) ;
#8557 = DIRECTION ( 'NONE',  ( -1.000000000000000000, 0.000000000000000000, 0.000000000000000000 ) ) ;
#8558 = VERTEX_POINT ( 'NONE', #7317 ) ;
#8559 = CARTESIAN_POINT ( 'NONE',  ( 2.600000000000000089, 3.338162607258090002E-15, 0.000000000000000000 ) ) ;
#8560 = DIRECTION ( 'NONE',  ( -1.000000000000000000, 0.000000000000000000, 0.000000000000000000 ) ) ;
#8561 = AXIS2_PLACEMENT_3D ( 'NONE', #4073, #6106, #1359 ) ;
#8562 = AXIS2_PLACEMENT_3D ( 'NONE', #4504, #8025, #1735 ) ;
#8563 = ADVANCED_FACE ( 'NONE', ( #1032 ), #3064, .T. ) ;
#8564 = CARTESIAN_POINT ( 'NONE',  ( 4.500000000000000000, 2.449484536082480179, -4.299999999999999822 ) ) ;
#8565 = ORIENTED_EDGE ( 'NONE', *, *, #8087, .F. ) ;
#8566 = CIRCLE ( 'NONE', #466, 0.6500000000000000222 ) ;
#8567 = CARTESIAN_POINT ( 'NONE',  ( -5.708436666169079743, -1.550515463917520043, -8.330000000000000071 ) ) ;
#8568 = ORIENTED_EDGE ( 'NONE', *, *, #1144, .T. ) ;
#8569 = DIRECTION ( 'NONE',  ( 0.000000000000000000, 1.000000000000000000, 0.000000000000000000 ) ) ;
#8570 = DIRECTION ( 'NONE',  ( -2.491288438666599835E-16, -1.000000000000000000, -7.228014483236700500E-16 ) ) ;
#8571 = DIRECTION ( 'NONE',  ( 0.000000000000000000, 0.000000000000000000, 1.000000000000000000 ) ) ;
#8572 = LINE ( 'NONE', #3034, #1625 ) ;
#8573 = CARTESIAN_POINT ( 'NONE',  ( -3.000000000000000000, 4.649999999999999467, 5.599999999999999645 ) ) ;
#8574 = VERTEX_POINT ( 'NONE', #6566 ) ;
#8575 = EDGE_CURVE ( 'NONE', #1320, #3473, #6802, .T. ) ;
#8576 = MECHANICAL_DESIGN_GEOMETRIC_PRESENTATION_REPRESENTATION (  '', ( #7399 ), #6063 ) ;
#8577 = AXIS2_PLACEMENT_3D ( 'NONE', #1889, #4702, #2635 ) ;
#8578 = ORIENTED_EDGE ( 'NONE', *, *, #6662, .F. ) ;
#8579 = ADVANCED_FACE ( 'NONE', ( #2372 ), #213, .T. ) ;
#8580 = ORIENTED_EDGE ( 'NONE', *, *, #5881, .T. ) ;
#8581 = DIRECTION ( 'NONE',  ( -1.000000000000000000, 0.000000000000000000, 0.000000000000000000 ) ) ;
#8582 = CARTESIAN_POINT ( 'NONE',  ( 4.500000000000000000, 4.049484536082480268, -4.299999999999999822 ) ) ;
#8583 = CARTESIAN_POINT ( 'NONE',  ( -4.500000000000000000, 6.873989284057759914E-16, -7.400446128206090712 ) ) ;
#8584 = ORIENTED_EDGE ( 'NONE', *, *, #5125, .T. ) ;
#8585 = CARTESIAN_POINT ( 'NONE',  ( -0.7967663502707699186, 20.89999999999999858, -2.404700010220584883 ) ) ;
#8586 = VECTOR ( 'NONE', #6085, 1000.000000000000000 ) ;
#8587 = ORIENTED_EDGE ( 'NONE', *, *, #6372, .T. ) ;
#8588 = EDGE_CURVE ( 'NONE', #2949, #5891, #3704, .T. ) ;
#8589 = ORIENTED_EDGE ( 'NONE', *, *, #5209, .T. ) ;
#8590 = CARTESIAN_POINT ( 'NONE',  ( 0.6699999999999999289, 21.69999999999999929, 0.6000000000000000888 ) ) ;
#8591 = PRODUCT_DEFINITION_FORMATION_WITH_SPECIFIED_SOURCE ( 'ANY', '', #4347, .NOT_KNOWN. ) ;
#8592 = LINE ( 'NONE', #6277, #3343 ) ;
#8593 = DIRECTION ( 'NONE',  ( 0.000000000000000000, 0.000000000000000000, 1.000000000000000000 ) ) ;
#8594 = DIRECTION ( 'NONE',  ( 1.000000000000000000, 0.000000000000000000, 0.000000000000000000 ) ) ;
#8595 = EDGE_LOOP ( 'NONE', ( #5875, #1982, #4110, #393 ) ) ;
#8596 = FACE_OUTER_BOUND ( 'NONE', #7400, .T. ) ;
#8597 = DIRECTION ( 'NONE',  ( 0.000000000000000000, 0.000000000000000000, 1.000000000000000000 ) ) ;
#8598 = ADVANCED_FACE ( 'NONE', ( #7956 ), #5632, .T. ) ;
#8599 = ORIENTED_EDGE ( 'NONE', *, *, #6180, .F. ) ;
#8600 = VECTOR ( 'NONE', #1081, 1000.000000000000000 ) ;
#8601 = EDGE_CURVE ( 'NONE', #453, #5782, #1079, .T. ) ;
#8602 = CARTESIAN_POINT ( 'NONE',  ( -1.479999999999999982, 21.69999999999999929, 0.8499999999999999778 ) ) ;
#8603 = LINE ( 'NONE', #1584, #2311 ) ;
#8604 = VECTOR ( 'NONE', #3946, 1000.000000000000114 ) ;
#8605 = CARTESIAN_POINT ( 'NONE',  ( -3.399999999999999911, 0.9499999999999999556, 0.5000000000000000000 ) ) ;
#8606 = FACE_OUTER_BOUND ( 'NONE', #1337, .T. ) ;
#8607 = DIRECTION ( 'NONE',  ( 0.000000000000000000, -1.000000000000000000, 0.000000000000000000 ) ) ;
#8608 = VERTEX_POINT ( 'NONE', #4529 ) ;
#8609 = LINE ( 'NONE', #1689, #5013 ) ;
#8610 = CARTESIAN_POINT ( 'NONE',  ( 0.7500000000000000000, -6.500000000000000000, 1.300000000000000044 ) ) ;
#8611 = AXIS2_PLACEMENT_3D ( 'NONE', #8696, #347, #8741 ) ;
#8612 = EDGE_CURVE ( 'NONE', #5957, #1536, #3883, .T. ) ;
#8613 = DIRECTION ( 'NONE',  ( 1.334402673828311860E-16, -1.000000000000000000, 0.000000000000000000 ) ) ;
#8614 = ORIENTED_EDGE ( 'NONE', *, *, #991, .T. ) ;
#8615 = DIRECTION ( 'NONE',  ( 1.971276677246369793E-16, -1.000000000000000000, 0.000000000000000000 ) ) ;
#8616 = ORIENTED_EDGE ( 'NONE', *, *, #4633, .T. ) ;
#8617 = EDGE_CURVE ( 'NONE', #104, #8265, #7355, .T. ) ;
#8618 = CARTESIAN_POINT ( 'NONE',  ( -1.734723475976804925E-15, 0.4500000000000000111, 1.800000000000000044 ) ) ;
#8619 = FACE_OUTER_BOUND ( 'NONE', #8172, .T. ) ;
#8620 = CARTESIAN_POINT ( 'NONE',  ( 0.5000000000000000000, -2.050000000000000266, 0.5000000000000000000 ) ) ;
#8621 = FACE_OUTER_BOUND ( 'NONE', #3305, .T. ) ;
#8622 = VERTEX_POINT ( 'NONE', #3923 ) ;
#8623 = ORIENTED_EDGE ( 'NONE', *, *, #7135, .T. ) ;
#8624 = EDGE_CURVE ( 'NONE', #4730, #2795, #9049, .T. ) ;
#8625 = VERTEX_POINT ( 'NONE', #8957 ) ;
#8626 = VERTEX_POINT ( 'NONE', #7533 ) ;
#8627 = DIRECTION ( 'NONE',  ( 0.000000000000000000, 0.000000000000000000, -1.000000000000000000 ) ) ;
#8628 = ADVANCED_FACE ( 'NONE', ( #1210 ), #3964, .T. ) ;
#8629 = FACE_OUTER_BOUND ( 'NONE', #4645, .T. ) ;
#8630 = DIRECTION ( 'NONE',  ( 1.000000000000000000, -6.195440985631454085E-17, 0.000000000000000000 ) ) ;
#8631 = EDGE_LOOP ( 'NONE', ( #1643, #930, #3498, #7961 ) ) ;
#8632 = LINE ( 'NONE', #8585, #2492 ) ;
#8633 = ORIENTED_EDGE ( 'NONE', *, *, #8087, .T. ) ;
#8634 = LINE ( 'NONE', #2310, #6956 ) ;
#8635 = ORIENTED_EDGE ( 'NONE', *, *, #5061, .F. ) ;
#8636 = VERTEX_POINT ( 'NONE', #8224 ) ;
#8637 = LINE ( 'NONE', #5132, #4893 ) ;
#8638 = DIRECTION ( 'NONE',  ( 0.000000000000000000, 0.000000000000000000, 1.000000000000000000 ) ) ;
#8639 = VECTOR ( 'NONE', #2089, 1000.000000000000000 ) ;
#8640 = LINE ( 'NONE', #1619, #4072 ) ;
#8641 = CARTESIAN_POINT ( 'NONE',  ( -4.500000000000000000, 1.449484536082480179, -5.899999999999999467 ) ) ;
#8642 = ORIENTED_EDGE ( 'NONE', *, *, #4663, .F. ) ;
#8643 = DIRECTION ( 'NONE',  ( -1.355252715606880049E-16, -1.000000000000000000, 1.018148511238953935E-16 ) ) ;
#8644 = CARTESIAN_POINT ( 'NONE',  ( -1.891663167769255027, 18.89999999999999858, 3.353223890482888159 ) ) ;
#8645 = CARTESIAN_POINT ( 'NONE',  ( 0.000000000000000000, 22.99999999999999645, 0.000000000000000000 ) ) ;
#8646 = ADVANCED_FACE ( 'NONE', ( #4063 ), #5494, .T. ) ;
#8647 = DIRECTION ( 'NONE',  ( -1.000000000000000000, 0.000000000000000000, 0.000000000000000000 ) ) ;
#8648 = AXIS2_PLACEMENT_3D ( 'NONE', #894, #204, #3011 ) ;
#8649 = APPLICATION_CONTEXT ( 'automotive_design' ) ;
#8650 = DIRECTION ( 'NONE',  ( 0.000000000000000000, 0.000000000000000000, 1.000000000000000000 ) ) ;
#8651 = DIRECTION ( 'NONE',  ( 1.000000000000000000, 0.000000000000000000, 0.000000000000000000 ) ) ;
#8652 = CARTESIAN_POINT ( 'NONE',  ( 3.649999999999999911, -3.750000000000000000, 5.000000000000000000 ) ) ;
#8653 = ORIENTED_EDGE ( 'NONE', *, *, #4954, .T. ) ;
#8654 = DIRECTION ( 'NONE',  ( -1.000000000000000000, 0.000000000000000000, 0.000000000000000000 ) ) ;
#8655 = CARTESIAN_POINT ( 'NONE',  ( 0.000000000000000000, 21.69999999999999929, -0.5999999999999999778 ) ) ;
#8656 = VECTOR ( 'NONE', #3648, 1000.000000000000000 ) ;
#8657 = LINE ( 'NONE', #266, #7083 ) ;
#8658 = CARTESIAN_POINT ( 'NONE',  ( -3.000000000000000000, 3.649484536082480357, 0.000000000000000000 ) ) ;
#8659 = ORIENTED_EDGE ( 'NONE', *, *, #3924, .T. ) ;
#8660 = DIRECTION ( 'NONE',  ( 0.000000000000000000, -1.000000000000000000, 0.000000000000000000 ) ) ;
#8661 = FACE_OUTER_BOUND ( 'NONE', #3590, .T. ) ;
#8662 = DIRECTION ( 'NONE',  ( -1.232047923278981706E-16, 0.000000000000000000, 1.000000000000000000 ) ) ;
#8663 = VECTOR ( 'NONE', #8729, 1000.000000000000000 ) ;
#8664 = EDGE_CURVE ( 'NONE', #3684, #2392, #2549, .T. ) ;
#8665 = DIRECTION ( 'NONE',  ( 0.000000000000000000, 0.000000000000000000, 1.000000000000000000 ) ) ;
#8666 = ORIENTED_EDGE ( 'NONE', *, *, #583, .T. ) ;
#8667 = AXIS2_PLACEMENT_3D ( 'NONE', #8658, #2335, #2647 ) ;
#8668 = APPLICATION_PROTOCOL_DEFINITION ( 'draft international standard', 'automotive_design', 1998, #8649 ) ;
#8669 = EDGE_CURVE ( 'NONE', #1299, #1383, #432, .T. ) ;
#8670 = ORIENTED_EDGE ( 'NONE', *, *, #6242, .F. ) ;
#8671 = ORIENTED_EDGE ( 'NONE', *, *, #7840, .F. ) ;
#8672 = CARTESIAN_POINT ( 'NONE',  ( 3.674999999999999822, 3.649484536082480357, 0.000000000000000000 ) ) ;
#8673 = CYLINDRICAL_SURFACE ( 'NONE', #295, 0.4000000000000001887 ) ;
#8674 = FACE_OUTER_BOUND ( 'NONE', #5772, .T. ) ;
#8675 = ADVANCED_FACE ( 'NONE', ( #530 ), #2685, .T. ) ;
#8676 = ORIENTED_EDGE ( 'NONE', *, *, #7300, .F. ) ;
#8677 = CARTESIAN_POINT ( 'NONE',  ( 0.2999999999999943268, 21.69999999999999929, 2.299999999999999822 ) ) ;
#8678 = ORIENTED_EDGE ( 'NONE', *, *, #4031, .F. ) ;
#8679 = EDGE_LOOP ( 'NONE', ( #5676, #3581, #1391, #4906, #8799, #3461, #1588, #3909 ) ) ;
#8680 = CARTESIAN_POINT ( 'NONE',  ( 1.000000000000000000, 0.4500000000000000111, 2.500000000000000000 ) ) ;
#8681 = ADVANCED_FACE ( 'NONE', ( #6052 ), #7487, .F. ) ;
#8682 = ORIENTED_EDGE ( 'NONE', *, *, #3356, .F. ) ;
#8683 = DIRECTION ( 'NONE',  ( 0.000000000000000000, 0.000000000000000000, 1.000000000000000000 ) ) ;
#8684 = LINE ( 'NONE', #7949, #708 ) ;
#8685 = DIRECTION ( 'NONE',  ( 1.000000000000000000, 0.000000000000000000, 0.000000000000000000 ) ) ;
#8686 = ORIENTED_EDGE ( 'NONE', *, *, #6169, .F. ) ;
#8687 = CARTESIAN_POINT ( 'NONE',  ( 2.324999999999999734, 3.649484536082480357, 0.000000000000000000 ) ) ;
#8688 = CARTESIAN_POINT ( 'NONE',  ( -2.598076211353316456, -6.500000000000002665, 0.9999999999999920064 ) ) ;
#8689 = VERTEX_POINT ( 'NONE', #3327 ) ;
#8690 = ADVANCED_FACE ( 'NONE', ( #6137 ), #3370, .T. ) ;
#8691 = VECTOR ( 'NONE', #3686, 1000.000000000000114 ) ;
#8692 = DIRECTION ( 'NONE',  ( 1.000000000000000000, 0.000000000000000000, 0.000000000000000000 ) ) ;
#8693 = DIRECTION ( 'NONE',  ( 0.000000000000000000, -1.000000000000000000, 0.000000000000000000 ) ) ;
#8694 = LINE ( 'NONE', #1684, #3139 ) ;
#8695 = TOROIDAL_SURFACE ( 'NONE', #1319, 3.500000000000000000, 0.4000000000000000222 ) ;
#8696 = CARTESIAN_POINT ( 'NONE',  ( 4.899999999999999467, -5.450515463917520620, 0.4000000000000000222 ) ) ;
#8697 = CARTESIAN_POINT ( 'NONE',  ( -3.250000000000000000, -5.549999999999999822, -1.350000000000000089 ) ) ;
#8698 = DIRECTION ( 'NONE',  ( 0.000000000000000000, 0.000000000000000000, 1.000000000000000000 ) ) ;
#8699 = CARTESIAN_POINT ( 'NONE',  ( 1.898540922494819982, 18.50000000000000000, 3.349334615354596867 ) ) ;
#8700 = EDGE_CURVE ( 'NONE', #5951, #3297, #7623, .T. ) ;
#8701 = VECTOR ( 'NONE', #4915, 1000.000000000000000 ) ;
#8702 = FACE_OUTER_BOUND ( 'NONE', #1277, .T. ) ;
#8703 = AXIS2_PLACEMENT_3D ( 'NONE', #3750, #2925, #5831 ) ;
#8704 = CARTESIAN_POINT ( 'NONE',  ( -4.500000000000000000, 1.449484536082480179, -5.799999999999999822 ) ) ;
#8705 = DIRECTION ( 'NONE',  ( 0.000000000000000000, 0.000000000000000000, 1.000000000000000000 ) ) ;
#8706 = AXIS2_PLACEMENT_3D ( 'NONE', #8233, #5373, #8922 ) ;
#8707 = ORIENTED_EDGE ( 'NONE', *, *, #3403, .T. ) ;
#8708 = VECTOR ( 'NONE', #736, 1000.000000000000000 ) ;
#8709 = DIRECTION ( 'NONE',  ( 0.000000000000000000, 0.000000000000000000, 1.000000000000000000 ) ) ;
#8710 = LINE ( 'NONE', #3768, #6339 ) ;
#8711 = AXIS2_PLACEMENT_3D ( 'NONE', #9009, #2692, #1947 ) ;
#8712 = ORIENTED_EDGE ( 'NONE', *, *, #5461, .T. ) ;
#8713 = EDGE_CURVE ( 'NONE', #8076, #373, #1205, .T. ) ;
#8714 = ORIENTED_EDGE ( 'NONE', *, *, #6631, .T. ) ;
#8715 = VECTOR ( 'NONE', #6221, 1000.000000000000000 ) ;
#8716 = ADVANCED_FACE ( 'NONE', ( #1302 ), #8912, .T. ) ;
#8717 = EDGE_LOOP ( 'NONE', ( #6886, #277, #6385, #133, #7058, #7231 ) ) ;
#8718 = VERTEX_POINT ( 'NONE', #1124 ) ;
#8719 = DIRECTION ( 'NONE',  ( 0.000000000000000000, -1.000000000000000000, 0.000000000000000000 ) ) ;
#8720 = LINE ( 'NONE', #2305, #1077 ) ;
#8721 =( LENGTH_UNIT ( ) NAMED_UNIT ( * ) SI_UNIT ( .MILLI., .METRE. ) );
#8722 = ORIENTED_EDGE ( 'NONE', *, *, #7657, .T. ) ;
#8723 = VERTEX_POINT ( 'NONE', #7578 ) ;
#8724 = FACE_OUTER_BOUND ( 'NONE', #4678, .T. ) ;
#8725 = AXIS2_PLACEMENT_3D ( 'NONE', #480, #3419, #4659 ) ;
#8726 = EDGE_CURVE ( 'NONE', #7989, #5621, #2388, .T. ) ;
#8727 = ORIENTED_EDGE ( 'NONE', *, *, #8999, .T. ) ;
#8728 = CARTESIAN_POINT ( 'NONE',  ( -5.238893727143770107, 0.4494845360824795133, -8.400000000000000355 ) ) ;
#8729 = DIRECTION ( 'NONE',  ( 1.000000000000000000, -1.215054158819961789E-16, 0.000000000000000000 ) ) ;
#8730 = EDGE_CURVE ( 'NONE', #8355, #3266, #9002, .T. ) ;
#8731 = FACE_OUTER_BOUND ( 'NONE', #2497, .T. ) ;
#8732 = VERTEX_POINT ( 'NONE', #2734 ) ;
#8733 = CARTESIAN_POINT ( 'NONE',  ( -4.836441345419226323, -1.136301901544424897, -10.20000000000000995 ) ) ;
#8734 = VERTEX_POINT ( 'NONE', #8137 ) ;
#8735 = VECTOR ( 'NONE', #8490, 1000.000000000000000 ) ;
#8736 = DIRECTION ( 'NONE',  ( 0.000000000000000000, -1.000000000000000000, 0.000000000000000000 ) ) ;
#8737 = DIRECTION ( 'NONE',  ( 0.000000000000000000, 0.000000000000000000, 1.000000000000000000 ) ) ;
#8738 = CIRCLE ( 'NONE', #3653, 0.5000000000000000000 ) ;
#8739 = DIRECTION ( 'NONE',  ( -1.278426997811955937E-48, -3.439160614977204926E-33, 1.000000000000000000 ) ) ;
#8740 = EDGE_CURVE ( 'NONE', #682, #6755, #1805, .T. ) ;
#8741 = DIRECTION ( 'NONE',  ( 1.000000000000000000, 2.168404344971010446E-15, 0.000000000000000000 ) ) ;
#8742 = DIRECTION ( 'NONE',  ( 1.000000000000000000, 0.000000000000000000, 0.000000000000000000 ) ) ;
#8743 = VECTOR ( 'NONE', #1202, 1000.000000000000000 ) ;
#8744 = ORIENTED_EDGE ( 'NONE', *, *, #7825, .T. ) ;
#8745 = PLANE ( 'NONE',  #1190 ) ;
#8746 = VECTOR ( 'NONE', #8054, 1000.000000000000000 ) ;
#8747 = LINE ( 'NONE', #1001, #8020 ) ;
#8748 = VECTOR ( 'NONE', #8969, 1000.000000000000000 ) ;
#8749 =( NAMED_UNIT ( * ) SI_UNIT ( $, .STERADIAN. ) SOLID_ANGLE_UNIT ( ) );
#8750 = AXIS2_PLACEMENT_3D ( 'NONE', #4632, #6888, #588 ) ;
#8751 = CARTESIAN_POINT ( 'NONE',  ( 3.000000000000000000, 4.649999999999999467, 5.599999999999999645 ) ) ;
#8752 = CARTESIAN_POINT ( 'NONE',  ( 4.400000000000000355, 5.950000000000000178, 5.000000000000000000 ) ) ;
#8753 = ORIENTED_EDGE ( 'NONE', *, *, #8601, .T. ) ;
#8754 = DIRECTION ( 'NONE',  ( 0.000000000000000000, 1.000000000000000000, 0.000000000000000000 ) ) ;
#8755 = DIRECTION ( 'NONE',  ( 0.000000000000000000, 0.000000000000000000, 1.000000000000000000 ) ) ;
#8756 = ORIENTED_EDGE ( 'NONE', *, *, #7730, .F. ) ;
#8757 = CIRCLE ( 'NONE', #1097, 0.6500000000000000222 ) ;
#8758 = CIRCLE ( 'NONE', #5508, 1.199999999999963984 ) ;
#8759 = ITEM_DEFINED_TRANSFORMATION ( 'NONE', 'NONE', #4151,  #7110 ) ;
#8760 = ADVANCED_FACE ( 'NONE', ( #7446 ), #8540, .F. ) ;
#8761 = ORIENTED_EDGE ( 'NONE', *, *, #4301, .F. ) ;
#8762 = VERTEX_POINT ( 'NONE', #7714 ) ;
#8763 = AXIS2_PLACEMENT_3D ( 'NONE', #5651, #7177, #8512 ) ;
#8764 = LINE ( 'NONE', #7248, #2380 ) ;
#8765 = EDGE_CURVE ( 'NONE', #5517, #699, #1937, .T. ) ;
#8766 = CARTESIAN_POINT ( 'NONE',  ( 4.899999999999999467, -1.550515463917520043, -7.400446128206080054 ) ) ;
#8767 = LINE ( 'NONE', #1564, #2124 ) ;
#8768 = EDGE_LOOP ( 'NONE', ( #1880, #5774, #6964, #2978, #7818, #3612, #2007, #1624, #4518, #5561, #8659, #6309 ) ) ;
#8769 = ADVANCED_FACE ( 'NONE', ( #4989 ), #804, .F. ) ;
#8770 = ORIENTED_EDGE ( 'NONE', *, *, #8834, .T. ) ;
#8771 = PLANE ( 'NONE',  #2843 ) ;
#8772 = ORIENTED_EDGE ( 'NONE', *, *, #5389, .F. ) ;
#8773 = CARTESIAN_POINT ( 'NONE',  ( -3.000000000000000000, -4.750515463917520442, -1.600000000000000089 ) ) ;
#8774 = FACE_BOUND ( 'NONE', #3986, .T. ) ;
#8775 = EDGE_LOOP ( 'NONE', ( #6822, #6868, #866, #2438 ) ) ;
#8776 = ADVANCED_FACE ( 'NONE', ( #7163 ), #7114, .T. ) ;
#8777 = DIRECTION ( 'NONE',  ( 0.000000000000000000, -1.000000000000000000, 0.000000000000000000 ) ) ;
#8778 = VERTEX_POINT ( 'NONE', #844 ) ;
#8779 = EDGE_CURVE ( 'NONE', #2390, #86, #7670, .T. ) ;
#8780 = ORIENTED_EDGE ( 'NONE', *, *, #4301, .T. ) ;
#8781 = CIRCLE ( 'NONE', #4058, 0.3999999999999975242 ) ;
#8782 = LINE ( 'NONE', #1720, #6494 ) ;
#8783 = DIRECTION ( 'NONE',  ( -8.850629979473508477E-17, -1.000000000000000000, 0.000000000000000000 ) ) ;
#8784 = DIRECTION ( 'NONE',  ( 1.000000000000000000, 0.000000000000000000, 0.000000000000000000 ) ) ;
#8785 = CARTESIAN_POINT ( 'NONE',  ( -0.7500000000000000000, -5.549999999999999822, 1.300000000000000044 ) ) ;
#8786 = DIRECTION ( 'NONE',  ( 0.000000000000000000, 0.000000000000000000, -1.000000000000000000 ) ) ;
#8787 = CARTESIAN_POINT ( 'NONE',  ( 4.899999999999999467, -2.550515463917519821, -5.799999999999999822 ) ) ;
#8788 = EDGE_CURVE ( 'NONE', #4223, #1790, #2095, .T. ) ;
#8789 = LINE ( 'NONE', #7325, #1973 ) ;
#8790 = ADVANCED_FACE ( 'NONE', ( #6418 ), #2826, .F. ) ;
#8791 = DIRECTION ( 'NONE',  ( 0.000000000000000000, 0.000000000000000000, -1.000000000000000000 ) ) ;
#8792 = CARTESIAN_POINT ( 'NONE',  ( -2.899999999999999911, -6.700000000000000178, -4.928191693115930030E-17 ) ) ;
#8793 = DIRECTION ( 'NONE',  ( 1.000000000000000000, 2.168404344971010101E-16, 0.000000000000000000 ) ) ;
#8794 = VERTEX_POINT ( 'NONE', #5730 ) ;
#8795 = LINE ( 'NONE', #448, #6480 ) ;
#8796 = DIRECTION ( 'NONE',  ( -1.084202172485503818E-16, -1.000000000000000000, 0.000000000000000000 ) ) ;
#8797 = ORIENTED_EDGE ( 'NONE', *, *, #5964, .T. ) ;
#8798 = ORIENTED_EDGE ( 'NONE', *, *, #4213, .F. ) ;
#8799 = ORIENTED_EDGE ( 'NONE', *, *, #6372, .F. ) ;
#8800 = VECTOR ( 'NONE', #1988, 1000.000000000000000 ) ;
#8801 = VERTEX_POINT ( 'NONE', #2033 ) ;
#8802 = CARTESIAN_POINT ( 'NONE',  ( 0.000000000000000000, 5.499999999999998224, 0.000000000000000000 ) ) ;
#8803 = DIRECTION ( 'NONE',  ( 0.000000000000000000, 0.000000000000000000, 1.000000000000000000 ) ) ;
#8804 = DIRECTION ( 'NONE',  ( 1.000000000000000000, 0.000000000000000000, 0.000000000000000000 ) ) ;
#8805 = ORIENTED_EDGE ( 'NONE', *, *, #6576, .T. ) ;
#8806 = ORIENTED_EDGE ( 'NONE', *, *, #6447, .T. ) ;
#8807 = VERTEX_POINT ( 'NONE', #706 ) ;
#8808 = DIRECTION ( 'NONE',  ( 1.000000000000000000, 2.551063935260009998E-16, 0.000000000000000000 ) ) ;
#8809 = EDGE_CURVE ( 'NONE', #8636, #5210, #5681, .T. ) ;
#8810 = VECTOR ( 'NONE', #3029, 1000.000000000000000 ) ;
#8811 = CARTESIAN_POINT ( 'NONE',  ( -4.488138397514201294, -1.136301901544424897, -10.01000000000000689 ) ) ;
#8812 = ORIENTED_EDGE ( 'NONE', *, *, #8740, .T. ) ;
#8813 = DIRECTION ( 'NONE',  ( 0.000000000000000000, 1.734723475976804876E-16, -1.000000000000000000 ) ) ;
#8814 = DIRECTION ( 'NONE',  ( -0.000000000000000000, -1.000000000000000000, -0.000000000000000000 ) ) ;
#8815 = ORIENTED_EDGE ( 'NONE', *, *, #4941, .F. ) ;
#8816 = CARTESIAN_POINT ( 'NONE',  ( 4.500000000000000000, 1.349484536082480091, -0.5999999999999918732 ) ) ;
#8817 = ORIENTED_EDGE ( 'NONE', *, *, #1834, .T. ) ;
#8818 = ORIENTED_EDGE ( 'NONE', *, *, #5913, .F. ) ;
#8819 = EDGE_CURVE ( 'NONE', #3204, #7384, #5042, .T. ) ;
#8820 = CARTESIAN_POINT ( 'NONE',  ( -3.399999999999999911, -2.050000000000000266, 0.5000000000000000000 ) ) ;
#8821 = DIRECTION ( 'NONE',  ( -1.000000000000000000, 0.000000000000000000, 0.000000000000000000 ) ) ;
#8822 = CARTESIAN_POINT ( 'NONE',  ( 2.600000000000000089, 3.338162607258090002E-15, -4.899999999999999467 ) ) ;
#8823 = LINE ( 'NONE', #8055, #5365 ) ;
#8824 = FACE_OUTER_BOUND ( 'NONE', #1464, .T. ) ;
#8825 = LINE ( 'NONE', #2507, #4867 ) ;
#8826 = SURFACE_SIDE_STYLE ('',( #536 ) ) ;
#8827 = EDGE_CURVE ( 'NONE', #8336, #5979, #3555, .T. ) ;
#8828 = CARTESIAN_POINT ( 'NONE',  ( 0.6699999999999999289, 20.89999999999999858, 0.6000000000000000888 ) ) ;
#8829 = VECTOR ( 'NONE', #1059, 1000.000000000000000 ) ;
#8830 = DIRECTION ( 'NONE',  ( -8.850629979473508477E-17, 1.000000000000000000, 0.000000000000000000 ) ) ;
#8831 = CARTESIAN_POINT ( 'NONE',  ( -5.259901047426939869, 0.4494845360824795133, -9.291887738487540460 ) ) ;
#8832 = ORIENTED_EDGE ( 'NONE', *, *, #5964, .F. ) ;
#8833 = DIRECTION ( 'NONE',  ( 0.000000000000000000, 1.000000000000000000, 0.000000000000000000 ) ) ;
#8834 = EDGE_CURVE ( 'NONE', #1975, #1208, #6511, .T. ) ;
#8835 = CARTESIAN_POINT ( 'NONE',  ( -5.238893727143770107, -1.550515463917520043, -8.400000000000000355 ) ) ;
#8836 = EDGE_LOOP ( 'NONE', ( #4494, #8493, #3039, #3601 ) ) ;
#8837 = VECTOR ( 'NONE', #7772, 1000.000000000000000 ) ;
#8838 = VERTEX_POINT ( 'NONE', #1347 ) ;
#8839 = B_SPLINE_CURVE_WITH_KNOTS ( 'NONE', 3,
 ( #8884, #6710, #8288, #3388 ),
 .UNSPECIFIED., .F., .F.,
 ( 4, 4 ),
 ( 0.000000000000000000, 0.0007707912170032495168 ),
 .UNSPECIFIED. ) ;
#8840 = PRESENTATION_LAYER_ASSIGNMENT (  '', '', ( #5456 ) ) ;
#8841 = EDGE_LOOP ( 'NONE', ( #808, #6075, #7179, #20 ) ) ;
#8842 = VECTOR ( 'NONE', #4539, 1000.000000000000000 ) ;
#8843 = VECTOR ( 'NONE', #6353, 1000.000000000000000 ) ;
#8844 = ORIENTED_EDGE ( 'NONE', *, *, #8575, .T. ) ;
#8845 = DIRECTION ( 'NONE',  ( 0.000000000000000000, 0.000000000000000000, 1.000000000000000000 ) ) ;
#8846 = VECTOR ( 'NONE', #8918, 1000.000000000000000 ) ;
#8847 = CARTESIAN_POINT ( 'NONE',  ( -2.324999999999999734, -4.750515463917520442, -1.600000000000000089 ) ) ;
#8848 = LINE ( 'NONE', #7510, #4311 ) ;
#8849 = EDGE_CURVE ( 'NONE', #6849, #3709, #6461, .T. ) ;
#8850 = VERTEX_POINT ( 'NONE', #4150 ) ;
#8851 = ORIENTED_EDGE ( 'NONE', *, *, #7035, .F. ) ;
#8852 = ORIENTED_EDGE ( 'NONE', *, *, #434, .T. ) ;
#8853 = PRESENTATION_LAYER_ASSIGNMENT (  '', '', ( #6194 ) ) ;
#8854 =( NAMED_UNIT ( * ) SI_UNIT ( $, .STERADIAN. ) SOLID_ANGLE_UNIT ( ) );
#8855 = EDGE_CURVE ( 'NONE', #8107, #1241, #7800, .T. ) ;
#8856 =( LENGTH_UNIT ( ) NAMED_UNIT ( * ) SI_UNIT ( .MILLI., .METRE. ) );
#8857 = VERTEX_POINT ( 'NONE', #3465 ) ;
#8858 = DIRECTION ( 'NONE',  ( 8.850629979473508477E-17, -1.000000000000000000, -1.734723475976804876E-16 ) ) ;
#8859 = CIRCLE ( 'NONE', #7531, 4.100000000000000533 ) ;
#8860 = LINE ( 'NONE', #2586, #2767 ) ;
#8861 = CARTESIAN_POINT ( 'NONE',  ( -1.734723475976804925E-15, 0.4500000000000000111, 2.500000000000000000 ) ) ;
#8862 = VERTEX_POINT ( 'NONE', #6276 ) ;
#8863 = DIRECTION ( 'NONE',  ( -1.000000000000000000, 0.000000000000000000, 0.000000000000000000 ) ) ;
#8864 = ORIENTED_EDGE ( 'NONE', *, *, #2242, .T. ) ;
#8865 = AXIS2_PLACEMENT_3D ( 'NONE', #5707, #8523, #2199 ) ;
#8866 = ADVANCED_FACE ( 'NONE', ( #1482 ), #9093, .F. ) ;
#8867 = ORIENTED_EDGE ( 'NONE', *, *, #3164, .T. ) ;
#8868 = DIRECTION ( 'NONE',  ( 0.000000000000000000, 0.000000000000000000, -1.000000000000000000 ) ) ;
#8869 = AXIS2_PLACEMENT_3D ( 'NONE', #9, #63, #3647 ) ;
#8870 = CARTESIAN_POINT ( 'NONE',  ( -3.600000000000000089, 5.950000000000000178, 5.000000000000000000 ) ) ;
#8871 = CARTESIAN_POINT ( 'NONE',  ( -4.836441345419219218, -0.5505154639175210418, -10.20000000000000107 ) ) ;
#8872 = ADVANCED_FACE ( 'NONE', ( #2174 ), #2085, .T. ) ;
#8873 = DIRECTION ( 'NONE',  ( 0.000000000000000000, -1.000000000000000000, 0.000000000000000000 ) ) ;
#8874 = DIRECTION ( 'NONE',  ( 0.000000000000000000, 0.000000000000000000, -1.000000000000000000 ) ) ;
#8875 = ORIENTED_EDGE ( 'NONE', *, *, #5684, .F. ) ;
#8876 = FACE_OUTER_BOUND ( 'NONE', #7577, .T. ) ;
#8877 =( NAMED_UNIT ( * ) SI_UNIT ( $, .STERADIAN. ) SOLID_ANGLE_UNIT ( ) );
#8878 = EDGE_CURVE ( 'NONE', #7208, #7935, #3265, .T. ) ;
#8879 = DIRECTION ( 'NONE',  ( 0.000000000000000000, 0.000000000000000000, -1.000000000000000000 ) ) ;
#8880 = CARTESIAN_POINT ( 'NONE',  ( 4.400000000000000355, 0.000000000000000000, 0.000000000000000000 ) ) ;
#8881 = LINE ( 'NONE', #2563, #1591 ) ;
#8882 = EDGE_LOOP ( 'NONE', ( #5100, #163, #3815, #4748 ) ) ;
#8883 = DIRECTION ( 'NONE',  ( 0.000000000000000000, 0.000000000000000000, -1.000000000000000000 ) ) ;
#8884 = CARTESIAN_POINT ( 'NONE',  ( -2.291287847477915030, -6.500000000000002665, 0.9999999999999920064 ) ) ;
#8885 = EDGE_CURVE ( 'NONE', #1500, #1197, #8637, .T. ) ;
#8886 = ORIENTED_EDGE ( 'NONE', *, *, #4592, .T. ) ;
#8887 = CIRCLE ( 'NONE', #8017, 0.6500000000000000222 ) ;
#8888 = EDGE_CURVE ( 'NONE', #5538, #7520, #7994, .T. ) ;
#8889 = ORIENTED_EDGE ( 'NONE', *, *, #5339, .T. ) ;
#8890 = EDGE_LOOP ( 'NONE', ( #301, #4612, #2814, #5896 ) ) ;
#8891 = LINE ( 'NONE', #4638, #7100 ) ;
#8892 = CARTESIAN_POINT ( 'NONE',  ( 0.000000000000000000, 0.000000000000000000, 5.000000000000000000 ) ) ;
#8893 = FACE_OUTER_BOUND ( 'NONE', #6493, .T. ) ;
#8894 = AXIS2_PLACEMENT_3D ( 'NONE', #4641, #6677, #8804 ) ;
#8895 = DIRECTION ( 'NONE',  ( 0.000000000000000000, -1.000000000000000000, 0.000000000000000000 ) ) ;
#8896 = AXIS2_PLACEMENT_3D ( 'NONE', #8333, #1317, #3526 ) ;
#8897 = VERTEX_POINT ( 'NONE', #7393 ) ;
#8898 = EDGE_CURVE ( 'NONE', #5504, #5334, #5474, .T. ) ;
#8899 = VERTEX_POINT ( 'NONE', #3873 ) ;
#8900 = DIRECTION ( 'NONE',  ( 0.000000000000000000, 1.734723475976804876E-16, -1.000000000000000000 ) ) ;
#8901 = VECTOR ( 'NONE', #6384, 1000.000000000000000 ) ;
#8902 = EDGE_CURVE ( 'NONE', #5911, #8718, #940, .T. ) ;
#8903 = VERTEX_POINT ( 'NONE', #4519 ) ;
#8904 = VERTEX_POINT ( 'NONE', #4375 ) ;
#8905 = CARTESIAN_POINT ( 'NONE',  ( 0.01275798393824549917, 20.19999999999999929, 0.008155582768801669657 ) ) ;
#8906 = CARTESIAN_POINT ( 'NONE',  ( 4.500000000000000000, 4.349484536082480091, -4.899999999999999467 ) ) ;
#8907 = PLANE ( 'NONE',  #5941 ) ;
#8908 = ORIENTED_EDGE ( 'NONE', *, *, #4603, .F. ) ;
#8909 = DIRECTION ( 'NONE',  ( 0.000000000000000000, 0.000000000000000000, 1.000000000000000000 ) ) ;
#8910 = VERTEX_POINT ( 'NONE', #3784 ) ;
#8911 = ORIENTED_EDGE ( 'NONE', *, *, #7071, .F. ) ;
#8912 = CYLINDRICAL_SURFACE ( 'NONE', #774, 0.4000000000000001887 ) ;
#8913 = LINE ( 'NONE', #2595, #2763 ) ;
#8914 = DIRECTION ( 'NONE',  ( -1.000000000000000000, 8.850629979473508477E-17, -1.919174450322100032E-32 ) ) ;
#8915 = CARTESIAN_POINT ( 'NONE',  ( -1.091177379365209976, 20.19999999999999929, -0.5047000102205829730 ) ) ;
#8916 = CARTESIAN_POINT ( 'NONE',  ( 0.5000000000000000000, 2.949999999999999734, 0.000000000000000000 ) ) ;
#8917 = VERTEX_POINT ( 'NONE', #1715 ) ;
#8918 = DIRECTION ( 'NONE',  ( 0.000000000000000000, 0.000000000000000000, -1.000000000000000000 ) ) ;
#8919 = SURFACE_STYLE_USAGE ( .BOTH. , #8826 ) ;
#8920 = CIRCLE ( 'NONE', #4503, 3.500000000000000000 ) ;
#8921 = ADVANCED_FACE ( 'NONE', ( #7309 ), #985, .T. ) ;
#8922 = DIRECTION ( 'NONE',  ( 0.000000000000000000, -0.000000000000000000, -1.000000000000000000 ) ) ;
#8923 = DIRECTION ( 'NONE',  ( 1.000000000000000000, 0.000000000000000000, 0.000000000000000000 ) ) ;
#8924 = LINE ( 'NONE', #5288, #4670 ) ;
#8925 = FACE_OUTER_BOUND ( 'NONE', #4406, .T. ) ;
#8926 = CARTESIAN_POINT ( 'NONE',  ( -1.062518129035793872E-14, 0.4500000000000130007, 0.5000000000000000000 ) ) ;
#8927 = DIRECTION ( 'NONE',  ( 1.000000000000000000, 1.971276677246369793E-16, 0.000000000000000000 ) ) ;
#8928 = ORIENTED_EDGE ( 'NONE', *, *, #2813, .T. ) ;
#8929 = SHAPE_REPRESENTATION ( 'PT01-D_SHELL', ( #7110 ), #6804 ) ;
#8930 = ORIENTED_EDGE ( 'NONE', *, *, #1158, .F. ) ;
#8931 = ORIENTED_EDGE ( 'NONE', *, *, #490, .T. ) ;
#8932 = CARTESIAN_POINT ( 'NONE',  ( 4.400000000000000355, -5.549999999999999822, 1.000000000000000000 ) ) ;
#8933 = EDGE_CURVE ( 'NONE', #911, #8293, #334, .T. ) ;
#8934 = CARTESIAN_POINT ( 'NONE',  ( 4.899999999999999467, 0.4494845360824790137, 0.4000000000000000222 ) ) ;
#8935 = DIRECTION ( 'NONE',  ( 0.000000000000000000, 0.000000000000000000, -1.000000000000000000 ) ) ;
#8936 = CIRCLE ( 'NONE', #7335, 3.500000000000000000 ) ;
#8937 = DIRECTION ( 'NONE',  ( 0.000000000000000000, 0.000000000000000000, -1.000000000000000000 ) ) ;
#8938 = VERTEX_POINT ( 'NONE', #1573 ) ;
#8939 = ADVANCED_FACE ( 'NONE', ( #3140 ), #3055, .F. ) ;
#8940 = ORIENTED_EDGE ( 'NONE', *, *, #2905, .T. ) ;
#8941 = EDGE_CURVE ( 'NONE', #261, #8155, #2314, .T. ) ;
#8942 = CARTESIAN_POINT ( 'NONE',  ( 0.000000000000000000, 0.000000000000000000, 0.000000000000000000 ) ) ;
#8943 = CIRCLE ( 'NONE', #6586, 0.5999999999999999778 ) ;
#8944 = ORIENTED_EDGE ( 'NONE', *, *, #6358, .T. ) ;
#8945 = EDGE_LOOP ( 'NONE', ( #4797, #6548, #7827, #1677, #5422, #7023, #3047, #242, #5107, #5030, #2111, #834, #3806, #1286, #3117, #3604, #890, #1566, #50, #8851, #1369, #6190, #1341, #4352, #7304, #3310, #8124, #3318 ) ) ;
#8946 = DIRECTION ( 'NONE',  ( -1.000000000000000000, 0.000000000000000000, 0.000000000000000000 ) ) ;
#8947 = ADVANCED_FACE ( 'NONE', ( #5958 ), #891, .F. ) ;
#8948 = DIRECTION ( 'NONE',  ( 1.000000000000000000, 0.000000000000000000, 0.000000000000000000 ) ) ;
#8949 = DIRECTION ( 'NONE',  ( -0.000000000000000000, -1.000000000000000000, -0.000000000000000000 ) ) ;
#8950 = ORIENTED_EDGE ( 'NONE', *, *, #756, .F. ) ;
#8951 = VECTOR ( 'NONE', #8084, 1000.000000000000000 ) ;
#8952 = EDGE_CURVE ( 'NONE', #2130, #5173, #2686, .T. ) ;
#8953 = DIRECTION ( 'NONE',  ( 0.000000000000000000, 0.000000000000000000, -1.000000000000000000 ) ) ;
#8954 =( BOUNDED_CURVE ( )  B_SPLINE_CURVE ( 3, ( #6706, #6751, #3203, #8831 ),
 .UNSPECIFIED., .F., .F. ) 
 B_SPLINE_CURVE_WITH_KNOTS ( ( 4, 4 ),
 ( 3.141592653589795336, 4.712388980384689674 ),
 .UNSPECIFIED. ) 
 CURVE ( )  GEOMETRIC_REPRESENTATION_ITEM ( )  RATIONAL_B_SPLINE_CURVE ( ( 1.000000000000000000, 0.8047378541243649375, 0.8047378541243649375, 1.000000000000000000 ) ) 
 REPRESENTATION_ITEM ( '' )  );
#8955 = EDGE_LOOP ( 'NONE', ( #8928, #3769, #2122, #385 ) ) ;
#8956 = EDGE_LOOP ( 'NONE', ( #1101, #4658, #7968, #4342, #4134 ) ) ;
#8957 = CARTESIAN_POINT ( 'NONE',  ( 2.600000000000000089, 2.849484536082479647, -5.299999999999999822 ) ) ;
#8958 = CARTESIAN_POINT ( 'NONE',  ( 0.6500000000000000222, 0.4500000000000000111, 0.000000000000000000 ) ) ;
#8959 = DIRECTION ( 'NONE',  ( 0.000000000000000000, 0.000000000000000000, 1.000000000000000000 ) ) ;
#8960 = CARTESIAN_POINT ( 'NONE',  ( 0.000000000000000000, -0.5505154639175199316, 0.4000000000000000222 ) ) ;
#8961 = CARTESIAN_POINT ( 'NONE',  ( 1.899999999999999911, -4.200000000000000178, 0.1000000000000000056 ) ) ;
#8962 = ORIENTED_EDGE ( 'NONE', *, *, #5604, .F. ) ;
#8963 = DIRECTION ( 'NONE',  ( 0.000000000000000000, 0.000000000000000000, 1.000000000000000000 ) ) ;
#8964 = EDGE_CURVE ( 'NONE', #6349, #3903, #5267, .T. ) ;
#8965 = FILL_AREA_STYLE ('',( #3378 ) ) ;
#8966 = ADVANCED_FACE ( 'NONE', ( #2271 ), #6689, .T. ) ;
#8967 = LINE ( 'NONE', #1999, #5457 ) ;
#8968 = DIRECTION ( 'NONE',  ( 8.346192215206439610E-17, 0.000000000000000000, -1.000000000000000000 ) ) ;
#8969 = DIRECTION ( 'NONE',  ( -0.000000000000000000, -0.000000000000000000, 1.000000000000000000 ) ) ;
#8970 = CYLINDRICAL_SURFACE ( 'NONE', #6781, 0.9999999999999997780 ) ;
#8971 = AXIS2_PLACEMENT_3D ( 'NONE', #4145, #1430, #6963 ) ;
#8972 = LINE ( 'NONE', #6989, #6037 ) ;
#8973 = DIRECTION ( 'NONE',  ( -1.000000000000000000, 0.000000000000000000, 0.000000000000000000 ) ) ;
#8974 = EDGE_CURVE ( 'NONE', #8128, #7798, #7350, .T. ) ;
#8975 = ORIENTED_EDGE ( 'NONE', *, *, #1934, .F. ) ;
#8976 = CIRCLE ( 'NONE', #2055, 0.9000000000000001332 ) ;
#8977 = ORIENTED_EDGE ( 'NONE', *, *, #1207, .T. ) ;
#8978 = ORIENTED_EDGE ( 'NONE', *, *, #1839, .F. ) ;
#8979 = CARTESIAN_POINT ( 'NONE',  ( -3.399999999999999911, -2.050000000000000266, 0.5000000000000000000 ) ) ;
#8980 = CARTESIAN_POINT ( 'NONE',  ( 2.600000000000000089, -2.035644895278905162E-16, 0.000000000000000000 ) ) ;
#8981 = CARTESIAN_POINT ( 'NONE',  ( -1.734723475976804925E-15, 0.4500000000000000111, 2.100000000000000089 ) ) ;
#8982 = FACE_OUTER_BOUND ( 'NONE', #2706, .T. ) ;
#8983 = ADVANCED_FACE ( 'NONE', ( #3826 ), #5086, .F. ) ;
#8984 = EDGE_LOOP ( 'NONE', ( #6423, #764, #3953, #172, #4601 ) ) ;
#8985 = VERTEX_POINT ( 'NONE', #3743 ) ;
#8986 = EDGE_CURVE ( 'NONE', #7384, #6892, #3176, .T. ) ;
#8987 = VERTEX_POINT ( 'NONE', #5175 ) ;
#8988 = AXIS2_PLACEMENT_3D ( 'NONE', #7721, #4069, #578 ) ;
#8989 = VERTEX_POINT ( 'NONE', #6594 ) ;
#8990 = CARTESIAN_POINT ( 'NONE',  ( -3.000000000000000000, -3.750000000000000000, 5.599999999999999645 ) ) ;
#8991 = CYLINDRICAL_SURFACE ( 'NONE', #6879, 0.4000000000000001887 ) ;
#8992 = CARTESIAN_POINT ( 'NONE',  ( -1.734723475976804925E-15, 0.4500000000000000111, 2.500000000000000000 ) ) ;
#8993 = VECTOR ( 'NONE', #1406, 1000.000000000000000 ) ;
#8994 = VERTEX_POINT ( 'NONE', #2356 ) ;
#8995 = AXIS2_PLACEMENT_3D ( 'NONE', #969, #7240, #3723 ) ;
#8996 = DIRECTION ( 'NONE',  ( 0.000000000000000000, 1.000000000000000000, 0.000000000000000000 ) ) ;
#8997 = EDGE_LOOP ( 'NONE', ( #2220, #1245, #2123, #5381 ) ) ;
#8998 = VECTOR ( 'NONE', #4484, 1000.000000000000000 ) ;
#8999 = EDGE_CURVE ( 'NONE', #6006, #2196, #6218, .T. ) ;
#9000 = VECTOR ( 'NONE', #7154, 1000.000000000000000 ) ;
#9001 = ORIENTED_EDGE ( 'NONE', *, *, #5301, .F. ) ;
#9002 = LINE ( 'NONE', #4105, #5923 ) ;
#9003 = EDGE_CURVE ( 'NONE', #2392, #86, #3090, .T. ) ;
#9004 = CARTESIAN_POINT ( 'NONE',  ( -0.5000000000000000000, 21.69999999999999929, 2.299999999999999822 ) ) ;
#9005 = CARTESIAN_POINT ( 'NONE',  ( 2.600000000000000089, -5.150515463917519909, -5.299999999999999822 ) ) ;
#9006 = DIRECTION ( 'NONE',  ( 2.168404344971010101E-16, -1.000000000000000000, 0.000000000000000000 ) ) ;
#9007 = DIRECTION ( 'NONE',  ( 0.000000000000000000, 0.000000000000000000, 1.000000000000000000 ) ) ;
#9008 = VERTEX_POINT ( 'NONE', #3051 ) ;
#9009 = CARTESIAN_POINT ( 'NONE',  ( 4.286263797015735609E-16, 2.949484536082480179, 0.4000000000000000222 ) ) ;
#9010 = CARTESIAN_POINT ( 'NONE',  ( 0.5000000000000000000, 0.000000000000000000, 0.000000000000000000 ) ) ;
#9011 = ORIENTED_EDGE ( 'NONE', *, *, #4823, .F. ) ;
#9012 = VECTOR ( 'NONE', #8159, 1000.000000000000000 ) ;
#9013 = VECTOR ( 'NONE', #2959, 1000.000000000000000 ) ;
#9014 = PLANE ( 'NONE',  #8561 ) ;
#9015 = ADVANCED_FACE ( 'NONE', ( #5863 ), #8771, .F. ) ;
#9016 = LINE ( 'NONE', #5374, #2601 ) ;
#9017 = LINE ( 'NONE', #4032, #6671 ) ;
#9018 = PLANE ( 'NONE',  #7934 ) ;
#9019 = CARTESIAN_POINT ( 'NONE',  ( -1.479999999999999982, 21.69999999999999929, 1.200000000000000178 ) ) ;
#9020 = ORIENTED_EDGE ( 'NONE', *, *, #376, .F. ) ;
#9021 = DIRECTION ( 'NONE',  ( 1.000000000000000000, 0.000000000000000000, 1.931541112668180039E-15 ) ) ;
#9022 = DIRECTION ( 'NONE',  ( 0.000000000000000000, -1.000000000000000000, 0.000000000000000000 ) ) ;
#9023 = ORIENTED_EDGE ( 'NONE', *, *, #4727, .F. ) ;
#9024 = ORIENTED_EDGE ( 'NONE', *, *, #1260, .T. ) ;
#9025 = DIRECTION ( 'NONE',  ( -0.000000000000000000, 1.000000000000000000, 0.000000000000000000 ) ) ;
#9026 = EDGE_LOOP ( 'NONE', ( #3093, #5153, #8616, #3392 ) ) ;
#9027 = CARTESIAN_POINT ( 'NONE',  ( -0.5000000000000000000, 20.89999999999999858, 2.299999999999999822 ) ) ;
#9028 = CARTESIAN_POINT ( 'NONE',  ( 2.100000000000000089, -6.400000000000000355, -5.750000000000000000 ) ) ;
#9029 = DIRECTION ( 'NONE',  ( 0.000000000000000000, 0.000000000000000000, -1.000000000000000000 ) ) ;
#9030 = CARTESIAN_POINT ( 'NONE',  ( -5.598656062889739715, 0.4494845360824795133, -8.565425263470260120 ) ) ;
#9031 = VERTEX_POINT ( 'NONE', #198 ) ;
#9032 = EDGE_CURVE ( 'NONE', #8910, #4457, #4008, .T. ) ;
#9033 = CIRCLE ( 'NONE', #4023, 0.6750000000000002665 ) ;
#9034 =( NAMED_UNIT ( * ) SI_UNIT ( $, .STERADIAN. ) SOLID_ANGLE_UNIT ( ) );
#9035 = ORIENTED_EDGE ( 'NONE', *, *, #6894, .F. ) ;
#9036 = EDGE_CURVE ( 'NONE', #3473, #4223, #1666, .T. ) ;
#9037 = ORIENTED_EDGE ( 'NONE', *, *, #1519, .F. ) ;
#9038 = AXIS2_PLACEMENT_3D ( 'NONE', #645, #1283, #4179 ) ;
#9039 = CARTESIAN_POINT ( 'NONE',  ( 1.249999999999997780, 18.50000000000000000, 3.150000003002860538 ) ) ;
#9040 = VECTOR ( 'NONE', #3441, 1000.000000000000000 ) ;
#9041 = LINE ( 'NONE', #7927, #7196 ) ;
#9042 = ORIENTED_EDGE ( 'NONE', *, *, #2604, .F. ) ;
#9043 = LINE ( 'NONE', #1343, #5000 ) ;
#9044 = ORIENTED_EDGE ( 'NONE', *, *, #2540, .T. ) ;
#9045 = AXIS2_PLACEMENT_3D ( 'NONE', #7582, #6973, #5451 ) ;
#9046 = CIRCLE ( 'NONE', #6826, 0.2000000000000000944 ) ;
#9047 = ADVANCED_FACE ( 'NONE', ( #4474 ), #8078, .T. ) ;
#9048 = ORIENTED_EDGE ( 'NONE', *, *, #3122, .F. ) ;
#9049 = LINE ( 'NONE', #5405, #2835 ) ;
#9050 = DIRECTION ( 'NONE',  ( 0.000000000000000000, 0.000000000000000000, -1.000000000000000000 ) ) ;
#9051 = EDGE_CURVE ( 'NONE', #2457, #1602, #3868, .T. ) ;
#9052 = LINE ( 'NONE', #3469, #6539 ) ;
#9053 = PLANE ( 'NONE',  #2848 ) ;
#9054 = DIRECTION ( 'NONE',  ( -1.495451272393800035E-16, 1.000000000000000000, 0.000000000000000000 ) ) ;
#9055 = DIRECTION ( 'NONE',  ( 0.000000000000000000, 1.000000000000000000, 0.000000000000000000 ) ) ;
#9056 = FACE_OUTER_BOUND ( 'NONE', #6890, .T. ) ;
#9057 = VERTEX_POINT ( 'NONE', #3780 ) ;
#9058 = EDGE_CURVE ( 'NONE', #3166, #5257, #7305, .T. ) ;
#9059 = CARTESIAN_POINT ( 'NONE',  ( -3.399999999999999911, 0.9499999999999999556, 0.5000000000000000000 ) ) ;
#9060 = ADVANCED_FACE ( 'NONE', ( #8724 ), #2401, .T. ) ;
#9061 = CARTESIAN_POINT ( 'NONE',  ( -1.899999999999999911, 3.600000000000000089, 0.1000000000000000056 ) ) ;
#9062 = CARTESIAN_POINT ( 'NONE',  ( -4.500000000000000000, 4.049484536082480268, -4.299999999999999822 ) ) ;
#9063 = DIRECTION ( 'NONE',  ( 0.000000000000000000, 0.000000000000000000, 1.000000000000000000 ) ) ;
#9064 = VERTEX_POINT ( 'NONE', #981 ) ;
#9065 = CYLINDRICAL_SURFACE ( 'NONE', #1328, 0.7999999999999999334 ) ;
#9066 = DIRECTION ( 'NONE',  ( -0.000000000000000000, -0.000000000000000000, 1.000000000000000000 ) ) ;
#9067 = VECTOR ( 'NONE', #5195, 1000.000000000000000 ) ;
#9068 = ADVANCED_FACE ( 'NONE', ( #284 ), #5223, .F. ) ;
#9069 = ORIENTED_EDGE ( 'NONE', *, *, #4599, .T. ) ;
#9070 = CARTESIAN_POINT ( 'NONE',  ( -4.663541149204270653, -1.550515463917521153, -9.633847585124245327 ) ) ;
#9071 = VERTEX_POINT ( 'NONE', #1711 ) ;
#9072 = CARTESIAN_POINT ( 'NONE',  ( 2.100000000000000089, -6.400000000000000355, 0.000000000000000000 ) ) ;
#9073 = ORIENTED_EDGE ( 'NONE', *, *, #6125, .T. ) ;
#9074 = CARTESIAN_POINT ( 'NONE',  ( -4.500000000000000000, -2.450515463917519732, 0.000000000000000000 ) ) ;
#9075 = VECTOR ( 'NONE', #2922, 1000.000000000000000 ) ;
#9076 = DIRECTION ( 'NONE',  ( 0.000000000000000000, 0.000000000000000000, 1.000000000000000000 ) ) ;
#9077 = DIRECTION ( 'NONE',  ( 0.000000000000000000, 0.000000000000000000, 1.000000000000000000 ) ) ;
#9078 = DIRECTION ( 'NONE',  ( 0.000000000000000000, 0.000000000000000000, -1.000000000000000000 ) ) ;
#9079 = VERTEX_POINT ( 'NONE', #1569 ) ;
#9080 = DIRECTION ( 'NONE',  ( 0.000000000000000000, 0.000000000000000000, 1.000000000000000000 ) ) ;
#9081 = ORIENTED_EDGE ( 'NONE', *, *, #7620, .T. ) ;
#9082 = VECTOR ( 'NONE', #1575, 1000.000000000000000 ) ;
#9083 = EDGE_LOOP ( 'NONE', ( #2313, #4411 ) ) ;
#9084 = LINE ( 'NONE', #6312, #3985 ) ;
#9085 = CARTESIAN_POINT ( 'NONE',  ( -4.500000000000000000, 0.000000000000000000, 0.4000000000000000222 ) ) ;
#9086 = CARTESIAN_POINT ( 'NONE',  ( -2.600000000000000089, -2.035644895278905162E-16, 0.000000000000000000 ) ) ;
#9087 = VERTEX_POINT ( 'NONE', #5822 ) ;
#9088 = CARTESIAN_POINT ( 'NONE',  ( -4.899999999999999467, -2.550515463917519821, -5.899999999999999467 ) ) ;
#9089 = EDGE_CURVE ( 'NONE', #8917, #8903, #4372, .T. ) ;
#9090 = EDGE_LOOP ( 'NONE', ( #1548, #1747, #8756, #8031 ) ) ;
#9091 = AXIS2_PLACEMENT_3D ( 'NONE', #7165, #845, #6463 ) ;
#9092 = ORIENTED_EDGE ( 'NONE', *, *, #4772, .T. ) ;
#9093 = PLANE ( 'NONE',  #332 ) ;
#9094 = SHAPE_REPRESENTATION ( 'PT01-D_BODY', ( #7110 ), #2393 ) ;
#9095 = DIRECTION ( 'NONE',  ( -1.000000000000000000, 0.000000000000000000, 0.000000000000000000 ) ) ;
#9096 = VECTOR ( 'NONE', #966, 1000.000000000000000 ) ;
#9097 = DIRECTION ( 'NONE',  ( 1.000000000000000000, 0.000000000000000000, 0.000000000000000000 ) ) ;
#9098 = CARTESIAN_POINT ( 'NONE',  ( 1.369999999999999440, 18.50000000000000000, 3.349876971653937829 ) ) ;
#9099 = ORIENTED_EDGE ( 'NONE', *, *, #5993, .F. ) ;
#9100 = DIRECTION ( 'NONE',  ( 1.000000000000000000, 0.000000000000000000, 0.000000000000000000 ) ) ;
#9101 = ORIENTED_EDGE ( 'NONE', *, *, #3136, .F. ) ;
#9102 = VECTOR ( 'NONE', #5375, 1000.000000000000000 ) ;
#9103 = ADVANCED_FACE ( 'NONE', ( #7257 ), #3689, .T. ) ;
#9104 = DIRECTION ( 'NONE',  ( 0.000000000000000000, 1.000000000000000000, 0.000000000000000000 ) ) ;
#9105 = CARTESIAN_POINT ( 'NONE',  ( -1.750000000000000000, -6.400000000000000355, -1.350000000000000089 ) ) ;
#9106 = DIRECTION ( 'NONE',  ( -0.000000000000000000, -1.000000000000000000, -0.000000000000000000 ) ) ;
#9107 = CARTESIAN_POINT ( 'NONE',  ( 0.6700000000000000400, 21.69999999999999929, 0.5999999999999999778 ) ) ;
#9108 = DIRECTION ( 'NONE',  ( 0.000000000000000000, 0.000000000000000000, -1.000000000000000000 ) ) ;
#9109 = CARTESIAN_POINT ( 'NONE',  ( 2.899999999999999911, -6.700000000000000178, -5.750000000000000000 ) ) ;
#9110 = CARTESIAN_POINT ( 'NONE',  ( 3.000000000000000000, 4.649999999999999467, 5.000000000000000000 ) ) ;
#9111 = VERTEX_POINT ( 'NONE', #3005 ) ;
#9112 =( REPRESENTATION_RELATIONSHIP ('NONE','NONE', #1981, #9094 ) REPRESENTATION_RELATIONSHIP_WITH_TRANSFORMATION ( #6541 )SHAPE_REPRESENTATION_RELATIONSHIP( ) );
#9113 = EDGE_CURVE ( 'NONE', #4419, #3215, #8634, .T. ) ;
#9114 = FILL_AREA_STYLE_COLOUR ( '', #6060 ) ;
#9115 = ORIENTED_EDGE ( 'NONE', *, *, #6047, .F. ) ;
#9116 = CARTESIAN_POINT ( 'NONE',  ( -4.500000000000000000, -3.950515463917519732, -4.899999999999999467 ) ) ;
#9117 = ORIENTED_EDGE ( 'NONE', *, *, #2146, .F. ) ;
#9118 = CARTESIAN_POINT ( 'NONE',  ( 0.000000000000000000, 20.89999999999999858, 0.000000000000000000 ) ) ;
#9119 = EDGE_CURVE ( 'NONE', #7977, #2303, #937, .T. ) ;
#9120 = CARTESIAN_POINT ( 'NONE',  ( -4.899999999999999467, -2.450515463917519732, 0.4000000000000000222 ) ) ;
#9121 = FACE_OUTER_BOUND ( 'NONE', #3254, .T. ) ;
#9122 = DIRECTION ( 'NONE',  ( 0.000000000000000000, -1.000000000000000000, 0.000000000000000000 ) ) ;
#9123 = EDGE_LOOP ( 'NONE', ( #6722, #8707, #5530, #3110 ) ) ;
#9124 = LINE ( 'NONE', #7054, #745 ) ;
#9125 = NEXT_ASSEMBLY_USAGE_OCCURRENCE ( 'NAUO1', ' ', ' ', #5037, #1087, $ ) ;
#9126 = NEXT_ASSEMBLY_USAGE_OCCURRENCE ( 'NAUO2', ' ', ' ', #1087, #8302, $ ) ;
#9127 = NEXT_ASSEMBLY_USAGE_OCCURRENCE ( 'NAUO3', ' ', ' ', #1087, #6379, $ ) ;
#9128 = NEXT_ASSEMBLY_USAGE_OCCURRENCE ( 'NAUO4', ' ', ' ', #8302, #5537, $ ) ;
#9129 = NEXT_ASSEMBLY_USAGE_OCCURRENCE ( 'NAUO5', ' ', ' ', #8302, #1984, $ ) ;
ENDSEC;
END-ISO-10303-21;
